property_id,project,area,qdrant_category,project_match_status,service_charge_status,production_eligible,failure_reason,mollak_project,mollak_community,location_parity,sc_rate_aed_sqft,sc_year,gf_rate,rf_rate,gt_rate,component_match,unit_size_sqft,annual_service_charge_aed,annual_rent_estimate_aed,income_after_service_charges_aed,master_current_price_aed,gross_rental_yield_pct,yield_after_service_charges_pct
2161,Hotel Edge by Rotana,Damac Hills 2,شقة فندقية,NOT_MATCHED,NOT_MATCHED,False,,,,False,,,,,,,481.0,,,,663600,,
6982,Binghatti Rose,Jumeirah village circle,Apartment,NOT_MATCHED,NOT_MATCHED,False,,,,False,,,,,,,659.0,,,,840000,,
3201,Binghatti Nova,Jumeirah village circle,Apartment,NOT_MATCHED,NOT_MATCHED,False,,,,False,,,,,,,989.0,,,,1380000,,
6250,Binghatti Luna,Jumeirah village circle,Apartment,NOT_MATCHED,NOT_MATCHED,False,,,,False,,,,,,,1178.0,,,,1300000,,
2666,Binghatti Lavender,Jumeirah village circle,Apartment,NOT_MATCHED,NOT_MATCHED,False,,,,False,,,,,,,1020.0,,,,1470000,,
1181,Laya Mansion,Jumeirah village circle,Apartment,NOT_MATCHED,NOT_MATCHED,False,,,,False,,,,,,,1413.0,,,,1600000,,
1829,Vita Grande,Jumeirah village circle,Apartment,NOT_MATCHED,NOT_MATCHED,False,,,,False,,,,,,,774.0,,,,912000,,
5128,Marina Star,Dubai Marina,Apartment,NOT_MATCHED,NOT_MATCHED,False,,,,False,,,,,,,1111.0,,,,2800000,,
844,Concept 7 Residences,Jumeirah village circle,Apartment,NOT_MATCHED,NOT_MATCHED,False,,,,False,,,,,,,1016.0,,,,1100000,,
4699,creek edge,Dubai Creek Harbour,Apartment,NOT_MATCHED,NOT_MATCHED,False,,,,False,,,,,,,1044.0,,,,1500000,,
7112,Q Gardens Loft,Jumeirah village circle,Apartment,NOT_MATCHED,NOT_MATCHED,False,,,,False,,,,,,,848.0,,,,503000,,
4914,Franck Muller Yachting,Dubai Maritime City,Apartment,NOT_MATCHED,NOT_MATCHED,False,,,,False,,,,,,,792.0,,,,1710888,,
2046,Franck Muller Yachting,Dubai Maritime City,Apartment,NOT_MATCHED,NOT_MATCHED,False,,,,False,,,,,,,409.0,,,,1120888,,
3765,Q Gardens Loft,Jumeirah village circle,Apartment,NOT_MATCHED,NOT_MATCHED,False,,,,False,,,,,,,1304.0,,,,1900000,,
7881,Dubai Creek Residence Tower 2 North,Dubai Creek Harbour,Apartment,NOT_MATCHED,NOT_MATCHED,False,,,,False,,,,,,,1020.0,,,,1399990,,
409,Harbour Views 1,Dubai Creek Harbour,Apartment,VERIFIED_ALIAS,HELD_COMPONENT_MISMATCH,False,HELD_COMPONENT_MISMATCH: GF+RF=16.89 ≠ GT=16.82,HARBOUR VIEWS,Dubai Creek Harbour,True,,2026.0,15.61,1.28,16.82,False,1526.0,,163200.0,,2700000,6.04,
1330,Oxford Gardens,Arjan,Apartment,NOT_MATCHED,NOT_MATCHED,False,,,,False,,,,,,,413.0,,,,560000,,
2899,Q Gardens Loft,Jumeirah village circle,Apartment,NOT_MATCHED,NOT_MATCHED,False,,,,False,,,,,,,1827.0,,,,2068970,,
5356,Terraces Marasi Drive,Business Bay,Apartment,NOT_MATCHED,NOT_MATCHED,False,,,,False,,,,,,,,,,,3600000,,
2155,Divine Living,Arjan,Apartment,NOT_MATCHED,NOT_MATCHED,False,,,,False,,,,,,,1236.0,,,,1200000,,
6836,Serenity Lakes 5,Jumeirah village circle,Apartment,NOT_MATCHED,NOT_MATCHED,False,,,,False,,,,,,,692.0,,,,910000,,
4753,Mayas Geneva,Jumeirah village circle,Apartment,NOT_MATCHED,NOT_MATCHED,False,,,,False,,,,,,,1055.0,,,,961000,,
2459,UPSIDE Living,Business Bay,Apartment,NOT_MATCHED,NOT_MATCHED,False,,,,False,,,,,,,399.0,,,,1288890,,
2578,La Residenza,Jumeirah village circle,Apartment,NOT_MATCHED,NOT_MATCHED,False,,,,False,,,,,,,642.0,,,,900000,,
1467,Marriott Residences,Business Bay,Apartment,NOT_MATCHED,NOT_MATCHED,False,,,,False,,,,,,,1167.0,,,,3016780,,
6720,Beverly Boulevard,Arjan,Apartment,NOT_MATCHED,NOT_MATCHED,False,,,,False,,,,,,,403.0,,,,537000,,
2473,MBL Royal,Jumeirah Lake Towers,Apartment,NOT_MATCHED,NOT_MATCHED,False,,,,False,,,,,,,848.0,,,,1500000,,
8393,Canal Front Residences,Dubai Water Canal,Apartment,NOT_MATCHED,NOT_MATCHED,False,,,,False,,,,,,,1326.0,,,,3900000,,
6298,Binghatti Emerald,Jumeirah village circle,Apartment,NOT_MATCHED,NOT_MATCHED,False,,,,False,,,,,,,623.0,,,,749000,,
2766,Binghatti Emerald,Jumeirah village circle,Apartment,NOT_MATCHED,NOT_MATCHED,False,,,,False,,,,,,,1024.0,,,,1100000,,
6632,Oakley Square Residences,Jumeirah village circle,Apartment,NOT_MATCHED,NOT_MATCHED,False,,,,False,,,,,,,1189.0,,,,1850000,,
507,The Paragon by IGO,Business Bay,Apartment,NOT_MATCHED,NOT_MATCHED,False,,,,False,,,,,,,596.0,,,,1200000,,
673,The Community Motor City,Dubai Motor City,Apartment,NOT_MATCHED,NOT_MATCHED,False,,,,False,,,,,,,441.0,,,,529000,,
1597,The Community Motor City,Dubai Motor City,Apartment,NOT_MATCHED,NOT_MATCHED,False,,,,False,,,,,,,673.0,,,,797000,,
6649,Park Lane by Heilbronn,Jumeirah village circle,Apartment,NOT_MATCHED,NOT_MATCHED,False,,,,False,,,,,,,947.0,,,,1288890,,
4694,Creek Gate Tower 2,Dubai Creek Harbour,Apartment,NOT_MATCHED,NOT_MATCHED,False,,,,False,,,,,,,1114.0,,,,2550000,,
8320,Eleganz,Jumeirah village circle,Apartment,NOT_MATCHED,NOT_MATCHED,False,,,,False,,,,,,,1274.0,,,,2200000,,
5092,4Direction Residence 1,Dubai Land Residence Complex,Apartment,NOT_MATCHED,NOT_MATCHED,False,,,,False,,,,,,,517.0,,,,613773,,
7608,Vera Residences,Business Bay,Apartment,NOT_MATCHED,NOT_MATCHED,False,,,,False,,,,,,,474.0,,,,1070000,,
3407,Emerge Residences,Meydan City,Apartment,NOT_MATCHED,NOT_MATCHED,False,,,,False,,,,,,,684.0,,,,1590000,,
3375,Mayas Geneva,Jumeirah village circle,Apartment,NOT_MATCHED,NOT_MATCHED,False,,,,False,,,,,,,1712.0,,,,1900000,,
6350,Q Gardens Boutique Residences,Arjan,Apartment,NOT_MATCHED,NOT_MATCHED,False,,,,False,,,,,,,1629.0,,,,1500000,,
2276,Park Lane by Heilbronn,Jumeirah village circle,Apartment,NOT_MATCHED,NOT_MATCHED,False,,,,False,,,,,,,1163.0,,,,2200000,,
6209,Concept 7 Residences,Jumeirah village circle,Apartment,NOT_MATCHED,NOT_MATCHED,False,,,,False,,,,,,,619.0,,,,1000000,,
5073,Luma22,Jumeirah village circle,Apartment,NOT_MATCHED,NOT_MATCHED,False,,,,False,,,,,,,577.0,,,,700000,,
6695,Binghatti Amber,Jumeirah village circle,Apartment,NOT_MATCHED,NOT_MATCHED,False,,,,False,,,,,,,455.0,,,,720000,,
2460,Creek Gate Tower 2,Dubai Creek Harbour,Apartment,NOT_MATCHED,NOT_MATCHED,False,,,,False,,,,,,,721.0,,,,1700000,,
7792,Luma21,Jumeirah village circle,Apartment,NOT_MATCHED,NOT_MATCHED,False,,,,False,,,,,,,422.0,,,,660000,,
7663,48 Parkside,Arjan,Apartment,NOT_MATCHED,NOT_MATCHED,False,,,,False,,,,,,,1443.0,,,,1922960,,
2725,saba 2,Jumeirah Lake Towers,Apartment,NOT_MATCHED,NOT_MATCHED,False,,,,False,,,,,,,950.0,,,,90000,,
6540,The Autograph Residences,Jumeirah village circle,Apartment,NOT_MATCHED,NOT_MATCHED,False,,,,False,,,,,,,1401.0,,,,1900000,,
93,Marina Star,Dubai Marina,Duplex,NOT_MATCHED,NOT_MATCHED,False,,,,False,,,,,,,2463.0,,,,807000,,
6277,Binghatti Emerald,Jumeirah village circle,Apartment,NOT_MATCHED,NOT_MATCHED,False,,,,False,,,,,,,1378.0,,,,1300000,,
6430,Beverly Boulevard,Arjan,Apartment,NOT_MATCHED,NOT_MATCHED,False,,,,False,,,,,,,1299.0,,,,1300000,,
1620,SLS Dubai Hotels and Residences,Downtown Dubai,Apartment,NOT_MATCHED,NOT_MATCHED,False,,,,False,,,,,,,1864.0,,,,7462760,,
422,Golf Edge,Emaar South,Apartment,NOT_MATCHED,NOT_MATCHED,False,,,,False,,,,,,,1641.0,,,,2500000,,
2838,Binghatti Rose,Jumeirah village circle,Apartment,NOT_MATCHED,NOT_MATCHED,False,,,,False,,,,,,,1285.0,,,,1550000,,
3843,Beverly Boulevard,Arjan,Apartment,NOT_MATCHED,NOT_MATCHED,False,,,,False,,,,,,,800.0,,,,866000,,
453,Aykon City Tower,Business Bay,Apartment,NOT_MATCHED,NOT_MATCHED,False,,,,False,,,,,,,1301.0,,,,2600000,,
8066,The 100,Meydan City,بنتهاوس,NOT_MATCHED,NOT_MATCHED,False,,,,False,,,,,,,4292.0,,,,14580000,,
6835,LIV Residence,Dubai Marina,Apartment,NOT_MATCHED,NOT_MATCHED,False,,,,False,,,,,,,1764.0,,,,5500000,,
8201,Marquise Square,Business Bay,Apartment,NOT_MATCHED,NOT_MATCHED,False,,,,False,,,,,,,2326.0,,,,4300000,,
1913,Creek Beach Orchid,Dubai Creek Harbour,Apartment,NOT_MATCHED,NOT_MATCHED,False,,,,False,,,,,,,1514.0,,,,2500000,,
601,Aura Residences,Jumeirah village circle,Apartment,NOT_MATCHED,NOT_MATCHED,False,,,,False,,,,,,,1107.0,,,,1950000,,
1111,Oxford Gardens,Arjan,Apartment,NOT_MATCHED,NOT_MATCHED,False,,,,False,,,,,,,824.0,,,,843000,,
5113,SLS Dubai Hotels and Residences,Downtown Dubai,دوبلكس,NOT_MATCHED,NOT_MATCHED,False,,,,False,,,,,,,1163.0,,,,3465820,,
1637,Oxford Gardens,Arjan,Apartment,NOT_MATCHED,NOT_MATCHED,False,,,,False,,,,,,,413.0,,,,1400000,,
6594,Creek Beach Orchid,Dubai Creek Harbour,Apartment,NOT_MATCHED,NOT_MATCHED,False,,,,False,,,,,,,679.0,,,,1700000,,
7916,Divine Living,Arjan,Apartment,NOT_MATCHED,NOT_MATCHED,False,,,,False,,,,,,,2037.0,,,,1700000,,
7020,Canal Front Residences,Dubai Water Canal,Apartment,NOT_MATCHED,NOT_MATCHED,False,,,,False,,,,,,,1762.0,,,,5200000,,
897,creek edge,Dubai Creek Harbour,Apartment,NOT_MATCHED,NOT_MATCHED,False,,,,False,,,,,,,1591.0,,,,2800000,,
2398,Binghatti Gardenia,Jumeirah village circle,Apartment,NOT_MATCHED,NOT_MATCHED,False,,,,False,,,,,,,1109.0,,,,1750000,,
2730,Luma21,Jumeirah village circle,Apartment,NOT_MATCHED,NOT_MATCHED,False,,,,False,,,,,,,1144.0,,,,1200000,,
7464,Plaza Residences 1,Jumeirah village circle,Apartment,NOT_MATCHED,NOT_MATCHED,False,,,,False,,,,,,,1209.0,,,,1020000,,
4547,Gardenia Residency,Jumeirah village circle,Apartment,NOT_MATCHED,NOT_MATCHED,False,,,,False,,,,,,,1379.0,,,,1050000,,
5009,Divine Living,Arjan,Apartment,NOT_MATCHED,NOT_MATCHED,False,,,,False,,,,,,,739.0,,,,796000,,
1146,SLS Dubai Hotels and Residences,Downtown Dubai,Apartment,NOT_MATCHED,NOT_MATCHED,False,,,,False,,,,,,,1084.0,,,,3955410,,
7278,Canal Front Residences,Dubai Water Canal,Apartment,NOT_MATCHED,NOT_MATCHED,False,,,,False,,,,,,,913.0,,,,2200000,,
365,Beverly Residence 2,Jumeirah village circle,Apartment,NOT_MATCHED,NOT_MATCHED,False,,,,False,,,,,,,460.0,,,,609000,,
3508,The Community Motor City,Dubai Motor City,Apartment,NOT_MATCHED,NOT_MATCHED,False,,,,False,,,,,,,1446.0,,,,1700000,,
8369,Aura Residences,Jumeirah village circle,Apartment,NOT_MATCHED,NOT_MATCHED,False,,,,False,,,,,,,701.0,,,,1100000,,
7656,Concept 7 Residences,Jumeirah village circle,Apartment,NOT_MATCHED,NOT_MATCHED,False,,,,False,,,,,,,392.0,,,,601000,,
2061,The Community Motor City,Dubai Motor City,Apartment,NOT_MATCHED,NOT_MATCHED,False,,,,False,,,,,,,1077.0,,,,1200000,,
140,Yas Beach Residence,Yas Island,Duplex,NOT_MATCHED,NOT_MATCHED,False,,,,False,,,,,,,1958.0,,,,2936770,,
4674,MBL Royal,Jumeirah Lake Towers,Apartment,NOT_MATCHED,NOT_MATCHED,False,,,,False,,,,,,,2308.0,,,,4000000,,
5773,4Direction Residence 1,Dubai Land Residence Complex,Apartment,NOT_MATCHED,NOT_MATCHED,False,,,,False,,,,,,,832.0,,,,921879,,
5574,Serenity Lakes 2,Jumeirah village circle,Apartment,NOT_MATCHED,NOT_MATCHED,False,,,,False,,,,,,,850.0,,,,870000,,
4744,Ahad Residences,Business Bay,Apartment,VERIFIED_EXACT,VERIFIED_CALCULABLE,True,,Ahad Residences,Business Bay,True,20.26,2026.0,18.15,2.11,20.26,True,2308.0,46760.08,163200.0,116439.92,4700000,3.47,2.48
3495,Mayas Geneva,Jumeirah village circle,Apartment,NOT_MATCHED,NOT_MATCHED,False,,,,False,,,,,,,527.0,,,,659000,,
6446,Yas Beach Residence,Yas Island,Apartment,NOT_MATCHED,NOT_MATCHED,False,,,,False,,,,,,,2698.0,,,,4181200,,
3666,Sunrise Bay,EMAAR Beachfront,Apartment,NOT_MATCHED,NOT_MATCHED,False,,,,False,,,,,,,733.0,,,,2450000,,
7682,Stax,Jumeirah village circle,Apartment,NOT_MATCHED,NOT_MATCHED,False,,,,False,,,,,,,1086.0,,,,1478737,,
8222,Flow Residences,Dubai Islands,Apartment,NOT_MATCHED,NOT_MATCHED,False,,,,False,,,,,,,844.0,,,,1930000,,
253,The Paragon by IGO,Business Bay,Apartment,NOT_MATCHED,NOT_MATCHED,False,,,,False,,,,,,,1222.0,,,,2200000,,
2326,Binghatti Royale,Jumeirah village circle,Apartment,NOT_MATCHED,NOT_MATCHED,False,,,,False,,,,,,,1618.0,,,,2300000,,
3834,MBL Royal,Jumeirah Lake Towers,Apartment,NOT_MATCHED,NOT_MATCHED,False,,,,False,,,,,,,1460.0,,,,2500000,,
5945,The Paragon by IGO,Business Bay,Apartment,NOT_MATCHED,NOT_MATCHED,False,,,,False,,,,,,,416.0,,,,865000,,
5987,Yas Beach Residence,Yas Island,دوبلكس,NOT_MATCHED,NOT_MATCHED,False,,,,False,,,,,,,2724.0,,,,4358910,,
2832,Westwood Grande Residences,Jumeirah village circle,Apartment,NOT_MATCHED,NOT_MATCHED,False,,,,False,,,,,,,806.0,,,,1200000,,
3097,Catch Residence by IGO,Jumeirah village circle,Apartment,NOT_MATCHED,NOT_MATCHED,False,,,,False,,,,,,,1545.0,,,,1850000,,
6923,Luma22,Jumeirah village circle,Apartment,NOT_MATCHED,NOT_MATCHED,False,,,,False,,,,,,,1258.0,,,,1896980,,
1516,Azizi Amber,Al Furjan,Apartment,NOT_MATCHED,NOT_MATCHED,False,,,,False,,,,,,,378.0,,,,609999,,
1234,Yas Beach Residence,Yas Island,Apartment,NOT_MATCHED,NOT_MATCHED,False,,,,False,,,,,,,2173.0,,,,3257930,,
3955,Stax,Jumeirah village circle,Apartment,NOT_MATCHED,NOT_MATCHED,False,,,,False,,,,,,,393.0,,,,717470,,
3962,Q Gardens Boutique Residences,Arjan,Apartment,NOT_MATCHED,NOT_MATCHED,False,,,,False,,,,,,,850.0,,,,1096000,,
793,Westwood Grande Residences,Jumeirah village circle,Apartment,NOT_MATCHED,NOT_MATCHED,False,,,,False,,,,,,,412.0,,,,700000,,
8311,The Cape,Al Barari,Apartment,NOT_MATCHED,NOT_MATCHED,False,,,,False,,,,,,,1380.0,,,,3400000,,
6163,Wellington Grand Villas,Meydan City,Villa,NOT_MATCHED,NOT_MATCHED,False,,,,False,,,,,,,13007.0,,,,18400000,,
7640,Binghatti Luna,Jumeirah village circle,Apartment,NOT_MATCHED,NOT_MATCHED,False,,,,False,,,,,,,600.0,,,,826000,,
2989,Samana Sky Views,Dubai Production City,Apartment,NOT_MATCHED,NOT_MATCHED,False,,,,False,,,,,,,,,,,689000,,
1279,Marina Star,Dubai Marina,Apartment,NOT_MATCHED,NOT_MATCHED,False,,,,False,,,,,,,841.0,,,,2276190,,
6556,SOL Bay,Business Bay,Apartment,NOT_MATCHED,NOT_MATCHED,False,,,,False,,,,,,,972.0,,,,1818890,,
983,SOL Bay,Business Bay,Apartment,NOT_MATCHED,NOT_MATCHED,False,,,,False,,,,,,,491.0,,,,1100000,,
4545,The Cove,Dubai Creek Harbour,بنتهاوس,NOT_MATCHED,NOT_MATCHED,False,,,,False,,,,,,,4620.0,,,,11500000,,
6141,Q Gardens Loft,Jumeirah village circle,Apartment,NOT_MATCHED,NOT_MATCHED,False,,,,False,,,,,,,385.0,,,,490000,,
7286,Binghatti Canal,Business Bay,Apartment,NOT_MATCHED,NOT_MATCHED,False,,,,False,,,,,,,491.0,,,,1300000,,
101,Golf Edge,Emaar South,Apartment,NOT_MATCHED,NOT_MATCHED,False,,,,False,,,,,,,1181.0,,,,1730000,,
5203,Urban Oasis by Missoni,Business Bay,Apartment,NOT_MATCHED,NOT_MATCHED,False,,,,False,,,,,,,323.0,,,,958000,,
3830,The Paragon by IGO,Business Bay,Apartment,NOT_MATCHED,NOT_MATCHED,False,,,,False,,,,,,,2382.0,,,,4000000,,
7282,48 Parkside,Arjan,Apartment,NOT_MATCHED,NOT_MATCHED,False,,,,False,,,,,,,1186.0,,,,1645790,,
7842,Azizi Feirouz,Al Furjan,Apartment,VERIFIED_NORMALIZED_EXACT,VERIFIED_CALCULABLE,True,,AZIZI. FEIROUZ,Al Furjan,True,12.11,2026.0,11.37,0.74,12.11,True,1008.0,12206.88,70560.0,58353.12,1020000,6.92,5.72
4905,Raffles The Palm Dubai,Palm Jumeirah,Apartment,NOT_MATCHED,NOT_MATCHED,False,,,,False,,,,,,,4607.0,,,,35500000,,
5981,Divine Elements,Dubai South,Apartment,NOT_MATCHED,NOT_MATCHED,False,,,,False,,,,,,,929.0,,,,1275000,,
6733,Divine Elements,Dubai South,Apartment,NOT_MATCHED,NOT_MATCHED,False,,,,False,,,,,,,,,,,980000,,
8220,The Palm Tower,Palm Jumeirah,Apartment,NOT_MATCHED,NOT_MATCHED,False,,,,False,,,,,,,1054.0,,,,4500000,,
3706,Urban Oasis by Missoni,Business Bay,Penthouse,NOT_MATCHED,NOT_MATCHED,False,,,,False,,,,,,,1916.0,,,,4800000,,
6745,Urban Oasis by Missoni,Business Bay,Penthouse,NOT_MATCHED,NOT_MATCHED,False,,,,False,,,,,,,1916.0,,,,4800000,,
1068,Eleganz,Jumeirah village circle,Apartment,NOT_MATCHED,NOT_MATCHED,False,,,,False,,,,,,,951.0,,,,1560000,,
4209,4Direction Residence 1,Dubai Land Residence Complex,Apartment,NOT_MATCHED,NOT_MATCHED,False,,,,False,,,,,,,1251.0,,,,1450000,,
4389,Binghatti Crest,Jumeirah village circle,Apartment,NOT_MATCHED,NOT_MATCHED,False,,,,False,,,,,,,618.0,,,,905000,,
4252,Emerge Residences,Meydan City,Apartment,NOT_MATCHED,NOT_MATCHED,False,,,,False,,,,,,,1036.0,,,,2580000,,
6235,The Palm Tower,Palm Jumeirah,Apartment,NOT_MATCHED,NOT_MATCHED,False,,,,False,,,,,,,524.0,,,,2200000,,
4524,Binghatti Twilight,Al Jadaf Waterfront,Apartment,NOT_MATCHED,NOT_MATCHED,False,,,,False,,,,,,,876.0,,,,1799000,,
5394,Vincitore Volare,Arjan,Apartment,NOT_MATCHED,NOT_MATCHED,False,,,,False,,,,,,,503.0,,,,668000,,
5497,Aura Residences,Jumeirah village circle,Apartment,NOT_MATCHED,NOT_MATCHED,False,,,,False,,,,,,,320.0,,,,675000,,
1459,Binghatti Royale,Jumeirah village circle,Apartment,NOT_MATCHED,NOT_MATCHED,False,,,,False,,,,,,,756.0,,,,1375000,,
7285,The Cove,Dubai Creek Harbour,Apartment,NOT_MATCHED,NOT_MATCHED,False,,,,False,,,,,,,1338.0,,,,3000000,,
4046,Vincitore Volare,Arjan,Apartment,NOT_MATCHED,NOT_MATCHED,False,,,,False,,,,,,,727.0,,,,1000000,,
4997,Beverly Residence 2,Jumeirah village circle,Apartment,NOT_MATCHED,NOT_MATCHED,False,,,,False,,,,,,,740.0,,,,970000,,
6530,Empire Residences,Jumeirah village circle,Apartment,NOT_MATCHED,NOT_MATCHED,False,,,,False,,,,,,,996.0,,,,1300000,,
6747,Emerge Residences,Meydan City,Apartment,NOT_MATCHED,NOT_MATCHED,False,,,,False,,,,,,,3169.0,,,,6700000,,
3231,Harbour Gate,Dubai Creek Harbour,Apartment,NOT_MATCHED,NOT_MATCHED,False,,,,False,,,,,,,683.0,,,,1600000,,
5263,Oakley Square Residences,Jumeirah village circle,Apartment,NOT_MATCHED,NOT_MATCHED,False,,,,False,,,,,,,802.0,,,,1450000,,
7022,Park Town,Damac Hills,Apartment,NOT_MATCHED,NOT_MATCHED,False,,,,False,,,,,,,1021.0,,,,1624000,,
884,Canal Residence West,Dubai Sports City,Apartment,NOT_MATCHED,NOT_MATCHED,False,,,,False,,,,,,,2334.0,,,,2334900,,
1727,Luma21,Jumeirah village circle,Apartment,NOT_MATCHED,NOT_MATCHED,False,,,,False,,,,,,,595.0,,,,1000000,,
5402,The Pad by Omniyat,Business Bay,Apartment,NOT_MATCHED,NOT_MATCHED,False,,,,False,,,,,,,648.0,,,,1550000,,
1745,Binghatti Crest,Jumeirah village circle,Apartment,NOT_MATCHED,NOT_MATCHED,False,,,,False,,,,,,,1140.0,,,,1391000,,
4041,Azizi Lina,Jebel Ali,Apartment,NOT_MATCHED,NOT_MATCHED,False,,,,False,,,,,,,320.0,,,,601000,,
472,Binghatti Lavender,Jumeirah village circle,Apartment,NOT_MATCHED,NOT_MATCHED,False,,,,False,,,,,,,380.0,,,,715000,,
4263,Harbour Gate,Dubai Creek Harbour,Apartment,NOT_MATCHED,NOT_MATCHED,False,,,,False,,,,,,,1202.0,,,,2650000,,
6327,Stax,Jumeirah village circle,Apartment,NOT_MATCHED,NOT_MATCHED,False,,,,False,,,,,,,677.0,,,,1044712,,
6435,Pantheon Elysee,Jumeirah village circle,Apartment,VERIFIED_EXACT,VERIFIED_CALCULABLE,True,,PANTHEON ELYSEE,Jumeirah Village Circle,True,14.6,2025.0,13.07,1.53,14.6,True,763.0,11139.8,67200.0,56060.2,848999,7.92,6.6
735,Harbour Gate,Dubai Creek Harbour,Apartment,NOT_MATCHED,NOT_MATCHED,False,,,,False,,,,,,,1640.0,,,,3650000,,
5081,Binghatti Crest,Jumeirah village circle,Apartment,NOT_MATCHED,NOT_MATCHED,False,,,,False,,,,,,,1215.0,,,,1708000,,
4702,Canal Residence West,Dubai Sports City,Apartment,NOT_MATCHED,NOT_MATCHED,False,,,,False,,,,,,,559.0,,,,570000,,
3027,Binghatti Crescent,Jumeirah village circle,Apartment,NOT_MATCHED,NOT_MATCHED,False,,,,False,,,,,,,988.0,,,,1400000,,
7457,Binghatti Tulip,Jumeirah village circle,Apartment,NOT_MATCHED,NOT_MATCHED,False,,,,False,,,,,,,303.0,,,,680000,,
5612,Azizi Lina,Jebel Ali,Apartment,NOT_MATCHED,NOT_MATCHED,False,,,,False,,,,,,,653.0,,,,947000,,
432,Creek Beach Orchid,Dubai Creek Harbour,Apartment,NOT_MATCHED,NOT_MATCHED,False,,,,False,,,,,,,679.0,,,,1700000,,
4750,Canal Residence West,Dubai Sports City,Apartment,NOT_MATCHED,NOT_MATCHED,False,,,,False,,,,,,,931.0,,,,850000,,
5961,Vera Residences,Business Bay,Apartment,NOT_MATCHED,NOT_MATCHED,False,,,,False,,,,,,,908.0,,,,1700000,,
7727,Oakley Square Residences,Jumeirah village circle,Apartment,NOT_MATCHED,NOT_MATCHED,False,,,,False,,,,,,,507.0,,,,840000,,
3440,Royal Bay,Palm Jumeirah,Apartment,NOT_MATCHED,NOT_MATCHED,False,,,,False,,,,,,,791.0,,,,2000000,,
1976,Uniestate Prime Tower,Jumeirah village circle,Apartment,NOT_MATCHED,NOT_MATCHED,False,,,,False,,,,,,,451.0,,,,620000,,
1824,48 Parkside,Arjan,Apartment,NOT_MATCHED,NOT_MATCHED,False,,,,False,,,,,,,748.0,,,,1102050,,
2645,The Atria,Business Bay,Apartment,NOT_MATCHED,NOT_MATCHED,False,,,,False,,,,,,,1262.0,,,,2821460,,
87,Binghatti Amber,Jumeirah village circle,Apartment,NOT_MATCHED,NOT_MATCHED,False,,,,False,,,,,,,1268.0,,,,1600000,,
3160,Marquise Square,Business Bay,Apartment,NOT_MATCHED,NOT_MATCHED,False,,,,False,,,,,,,517.0,,,,1225000,,
8262,Binghatti Orchid,Jumeirah village circle,Apartment,NOT_MATCHED,NOT_MATCHED,False,,,,False,,,,,,,1251.0,,,,1700000,,
4872,Binghatti Canal,Business Bay,Apartment,NOT_MATCHED,NOT_MATCHED,False,,,,False,,,,,,,717.0,,,,1650000,,
5193,Serenity Lakes 2,Jumeirah village circle,Apartment,NOT_MATCHED,NOT_MATCHED,False,,,,False,,,,,,,402.0,,,,540000,,
7780,The Residence by Prestige One,Jumeirah village circle,Apartment,NOT_MATCHED,NOT_MATCHED,False,,,,False,,,,,,,467.0,,,,725000,,
107,Binghatti Lavender,Jumeirah village circle,Apartment,NOT_MATCHED,NOT_MATCHED,False,,,,False,,,,,,,739.0,,,,1100000,,
914,Laya Mansion,Jumeirah village circle,Apartment,NOT_MATCHED,NOT_MATCHED,False,,,,False,,,,,,,371.0,,,,580000,,
6630,The Autograph Residences,Jumeirah village circle,Apartment,NOT_MATCHED,NOT_MATCHED,False,,,,False,,,,,,,793.0,,,,1500000,,
800,Azizi Amber,Al Furjan,Apartment,NOT_MATCHED,NOT_MATCHED,False,,,,False,,,,,,,599.0,,,,1420000,,
7669,Pantheon Elysee III,Jumeirah village circle,Apartment,NOT_MATCHED,NOT_MATCHED,False,,,,False,,,,,,,406.0,,,,625000,,
5582,Marquise Square,Business Bay,Apartment,NOT_MATCHED,NOT_MATCHED,False,,,,False,,,,,,,1658.0,,,,2900000,,
414,Binghatti Tulip,Jumeirah village circle,Apartment,NOT_MATCHED,NOT_MATCHED,False,,,,False,,,,,,,612.0,,,,1020000,,
2184,Grand Bleu Tower 1,EMAAR Beachfront,Apartment,NOT_MATCHED,NOT_MATCHED,False,,,,False,,,,,,,1768.0,,,,6500000,,
5579,Creek Rise Tower 1,Dubai Creek Harbour,Apartment,NOT_MATCHED,NOT_MATCHED,False,,,,False,,,,,,,825.0,,,,2000000,,
6401,Divine Elements,Dubai South,Apartment,NOT_MATCHED,NOT_MATCHED,False,,,,False,,,,,,,359.0,,,,663000,,
4461,Eleganz,Jumeirah village circle,Apartment,NOT_MATCHED,NOT_MATCHED,False,,,,False,,,,,,,1627.0,,,,2767000,,
2313,Binghatti Gardenia,Jumeirah village circle,Apartment,NOT_MATCHED,NOT_MATCHED,False,,,,False,,,,,,,643.0,,,,1100000,,
5683,Urban Oasis by Missoni,Business Bay,Apartment,NOT_MATCHED,NOT_MATCHED,False,,,,False,,,,,,,635.0,,,,1500000,,
3522,The Atria,Business Bay,Apartment,NOT_MATCHED,NOT_MATCHED,False,,,,False,,,,,,,795.0,,,,1820770,,
3451,Binghatti Onyx,Jumeirah village circle,Apartment,NOT_MATCHED,NOT_MATCHED,False,,,,False,,,,,,,692.0,,,,1100000,,
4817,Binghatti House,Jumeirah village circle,Apartment,NOT_MATCHED,NOT_MATCHED,False,,,,False,,,,,,,647.0,,,,1000000,,
5801,Empire Residences,Jumeirah village circle,Apartment,NOT_MATCHED,NOT_MATCHED,False,,,,False,,,,,,,375.0,,,,690000,,
3265,DAMAC Majestine,Business Bay,Apartment,NOT_MATCHED,NOT_MATCHED,False,,,,False,,,,,,,478.0,,,,950000,,
8028,Evelyn on the Park,Town Square Dubai,Apartment,NOT_MATCHED,NOT_MATCHED,False,,,,False,,,,,,,765.0,,,,1329888,,
5303,Serenity Lakes 5,Jumeirah village circle,Apartment,NOT_MATCHED,NOT_MATCHED,False,,,,False,,,,,,,481.0,,,,650000,,
8120,Laya Mansion,Jumeirah village circle,Apartment,NOT_MATCHED,NOT_MATCHED,False,,,,False,,,,,,,940.0,,,,925000,,
5528,Creek Rise Tower 1,Dubai Creek Harbour,Apartment,NOT_MATCHED,NOT_MATCHED,False,,,,False,,,,,,,1664.0,,,,3700000,,
7449,Creek Rise Tower 1,Dubai Creek Harbour,Apartment,NOT_MATCHED,NOT_MATCHED,False,,,,False,,,,,,,1108.0,,,,2800000,,
6056,Imperial Avenue,Downtown Dubai,Apartment,NOT_MATCHED,NOT_MATCHED,False,,,,False,,,,,,,2049.0,,,,6300000,,
1656,AG Tower,Business Bay,Apartment,NOT_MATCHED,NOT_MATCHED,False,,,,False,,,,,,,443.0,,,,987000,,
7378,Urban Oasis by Missoni,Business Bay,Apartment,NOT_MATCHED,NOT_MATCHED,False,,,,False,,,,,,,904.0,,,,2900000,,
7918,The Residence by Prestige One,Jumeirah village circle,Apartment,NOT_MATCHED,NOT_MATCHED,False,,,,False,,,,,,,1322.0,,,,1990000,,
5431,Pantheon Elysee II,Jumeirah village circle,Apartment,NOT_MATCHED,NOT_MATCHED,False,,,,False,,,,,,,393.0,,,,700000,,
1118,Binghatti House,Jumeirah village circle,Apartment,NOT_MATCHED,NOT_MATCHED,False,,,,False,,,,,,,1105.0,,,,1800000,,
2620,Avanti Tower,Business Bay,Apartment,NOT_MATCHED,NOT_MATCHED,False,,,,False,,,,,,,950.0,,,,1516000,,
2965,Binghatti Onyx,Jumeirah village circle,Apartment,NOT_MATCHED,NOT_MATCHED,False,,,,False,,,,,,,1550.0,,,,2500000,,
3766,Imperial Avenue,Downtown Dubai,Apartment,NOT_MATCHED,NOT_MATCHED,False,,,,False,,,,,,,859.0,,,,2500000,,
6032,Luma22,Jumeirah village circle,Apartment,NOT_MATCHED,NOT_MATCHED,False,,,,False,,,,,,,1036.0,,,,1350000,,
1227,Sunrise Bay,EMAAR Beachfront,Apartment,NOT_MATCHED,NOT_MATCHED,False,,,,False,,,,,,,1394.0,,,,4290000,,
6113,Bayshore at Creek Beach,Dubai Creek Harbour,Apartment,NOT_MATCHED,NOT_MATCHED,False,,,,False,,,,,,,906.0,,,,2000000,,
5860,LIV Residence,Dubai Marina,Apartment,NOT_MATCHED,NOT_MATCHED,False,,,,False,,,,,,,1767.0,,,,4900000,,
2951,Binghatti Orchid,Jumeirah village circle,Apartment,NOT_MATCHED,NOT_MATCHED,False,,,,False,,,,,,,777.0,,,,1060000,,
2265,Binghatti Amber,Jumeirah village circle,Apartment,NOT_MATCHED,NOT_MATCHED,False,,,,False,,,,,,,989.0,,,,1300000,,
7137,Binghatti Galaxy,Jumeirah village circle,Apartment,NOT_MATCHED,NOT_MATCHED,False,,,,False,,,,,,,871.0,,,,1687500,,
5156,Binghatti Canal,Business Bay,Apartment,NOT_MATCHED,NOT_MATCHED,False,,,,False,,,,,,,1283.0,,,,3150000,,
3167,Binghatti Dusk,Jumeirah village circle,Apartment,NOT_MATCHED,NOT_MATCHED,False,,,,False,,,,,,,899.0,,,,1300000,,
3599,Pantheon Elysee II,Jumeirah village circle,Apartment,NOT_MATCHED,NOT_MATCHED,False,,,,False,,,,,,,753.0,,,,1150000,,
655,Pantheon Elysee III,Jumeirah village circle,Apartment,NOT_MATCHED,NOT_MATCHED,False,,,,False,,,,,,,666.0,,,,1200000,,
6176,Catch Residence by IGO,Jumeirah village circle,Apartment,NOT_MATCHED,NOT_MATCHED,False,,,,False,,,,,,,905.0,,,,1500000,,
3901,Trillionaire Residences,Business Bay,Apartment,NOT_MATCHED,NOT_MATCHED,False,,,,False,,,,,,,549.0,,,,1900000,,
2252,Imperial Avenue,Downtown Dubai,Apartment,NOT_MATCHED,NOT_MATCHED,False,,,,False,,,,,,,1458.0,,,,5100000,,
3533,Aykon City Tower,Business Bay,Apartment,NOT_MATCHED,NOT_MATCHED,False,,,,False,,,,,,,413.0,,,,1041600,,
7292,Aykon City Tower,Business Bay,Apartment,NOT_MATCHED,NOT_MATCHED,False,,,,False,,,,,,,646.0,,,,1624350,,
1113,Binghatti Gardenia,Jumeirah village circle,Apartment,NOT_MATCHED,NOT_MATCHED,False,,,,False,,,,,,,3008.0,,,,2530000,,
8019,DAMAC Majestine,Business Bay,Apartment,NOT_MATCHED,NOT_MATCHED,False,,,,False,,,,,,,1578.0,,,,2477000,,
7841,Uniestate Prime Tower,Jumeirah village circle,Apartment,NOT_MATCHED,NOT_MATCHED,False,,,,False,,,,,,,1890.0,,,,1908900,,
6904,creek edge,Dubai Creek Harbour,Apartment,NOT_MATCHED,NOT_MATCHED,False,,,,False,,,,,,,689.0,,,,931000,,
3668,Nobles Tower,Business Bay,Apartment,NOT_MATCHED,NOT_MATCHED,False,,,,False,,,,,,,847.0,,,,2702660,,
7061,azizi mina,Palm Jumeirah,Apartment,NOT_MATCHED,NOT_MATCHED,False,,,,False,,,,,,,1522.0,,,,4500000,,
392,Marriott Residences,Business Bay,Apartment,NOT_MATCHED,NOT_MATCHED,False,,,,False,,,,,,,732.0,,,,2576780,,
3190,azizi mina,Palm Jumeirah,Apartment,NOT_MATCHED,NOT_MATCHED,False,,,,False,,,,,,,1173.0,,,,3667000,,
7930,Muraba Residences,Palm Jumeirah,Apartment,NOT_MATCHED,NOT_MATCHED,False,,,,False,,,,,,,1965.0,,,,7826920,,
7266,Ahad Residences,Business Bay,Apartment,VERIFIED_EXACT,VERIFIED_CALCULABLE,True,,Ahad Residences,Business Bay,True,20.26,2026.0,18.15,2.11,20.26,True,894.0,18112.44,110400.0,92287.56,1800000,6.13,5.13
1074,Ahad Residences,Business Bay,Apartment,VERIFIED_EXACT,VERIFIED_CALCULABLE,True,,Ahad Residences,Business Bay,True,20.26,2026.0,18.15,2.11,20.26,True,453.0,9177.78,76800.0,67622.22,1250000,6.14,5.41
6954,Terraces Marasi Drive,Business Bay,Apartment,NOT_MATCHED,NOT_MATCHED,False,,,,False,,,,,,,,,,,2000000,,
6473,Empire Residences,Jumeirah village circle,Apartment,NOT_MATCHED,NOT_MATCHED,False,,,,False,,,,,,,701.0,,,,950000,,
2378,7 Park Central By Meteora,Jumeirah village circle,Apartment,NOT_MATCHED,NOT_MATCHED,False,,,,False,,,,,,,768.0,,,,985000,,
6690,Samana Hills,Arjan,Apartment,NOT_MATCHED,NOT_MATCHED,False,,,,False,,,,,,,585.0,,,,849501,,
3194,Sunrise Bay,EMAAR Beachfront,Apartment,NOT_MATCHED,NOT_MATCHED,False,,,,False,,,,,,,1925.0,,,,6800000,,
3276,La Residenza,Jumeirah village circle,Apartment,NOT_MATCHED,NOT_MATCHED,False,,,,False,,,,,,,1126.0,,,,1428000,,
1208,Marquise Square,Business Bay,Apartment,NOT_MATCHED,NOT_MATCHED,False,,,,False,,,,,,,1064.0,,,,2100000,,
7157,The Atria,Business Bay,Apartment,NOT_MATCHED,NOT_MATCHED,False,,,,False,,,,,,,2004.0,,,,4180000,,
6316,Me Do Re,Jumeirah Lake Towers,Apartment,NOT_MATCHED,NOT_MATCHED,False,,,,False,,,,,,,2233.0,,,,5500000,,
5216,Oxford Terraces 2,Jumeirah village circle,Apartment,NOT_MATCHED,NOT_MATCHED,False,,,,False,,,,,,,1150.0,,,,1850000,,
1746,Binghatti Nova,Jumeirah village circle,Apartment,NOT_MATCHED,NOT_MATCHED,False,,,,False,,,,,,,635.0,,,,950000,,
2185,Azizi Amber,Al Furjan,Apartment,NOT_MATCHED,NOT_MATCHED,False,,,,False,,,,,,,992.0,,,,1450000,,
2859,Oxford Terraces 2,Jumeirah village circle,Apartment,NOT_MATCHED,NOT_MATCHED,False,,,,False,,,,,,,482.0,,,,880000,,
3453,Samana Hills,Arjan,Apartment,NOT_MATCHED,NOT_MATCHED,False,,,,False,,,,,,,360.0,,,,600000,,
1848,Binghatti Twilight,Al Jadaf Waterfront,Apartment,NOT_MATCHED,NOT_MATCHED,False,,,,False,,,,,,,807.0,,,,1340000,,
7299,The Residence by Prestige One,Jumeirah village circle,Apartment,NOT_MATCHED,NOT_MATCHED,False,,,,False,,,,,,,790.0,,,,1099000,,
2435,Royal Yacht Club Residence,Dubai Islands,Apartment,NOT_MATCHED,NOT_MATCHED,False,,,,False,,,,,,,720.0,,,,2300000,,
4695,Oxford Terraces 2,Jumeirah village circle,Apartment,NOT_MATCHED,NOT_MATCHED,False,,,,False,,,,,,,796.0,,,,1250000,,
2785,Vincitore Volare,Arjan,Apartment,NOT_MATCHED,NOT_MATCHED,False,,,,False,,,,,,,1430.0,,,,1700000,,
802,Azizi Amber,Al Furjan,Apartment,NOT_MATCHED,NOT_MATCHED,False,,,,False,,,,,,,1261.0,,,,2057000,,
6436,Jumeirah Asora Bay,La Mer,Apartment,NOT_MATCHED,NOT_MATCHED,False,,,,False,,,,,,,6328.0,,,,65000000,,
7246,Azizi Lina,Jebel Ali,Apartment,NOT_MATCHED,NOT_MATCHED,False,,,,False,,,,,,,1758.0,,,,2208000,,
2166,The Cove,Dubai Creek Harbour,Apartment,NOT_MATCHED,NOT_MATCHED,False,,,,False,,,,,,,745.0,,,,2300000,,
4286,Binghatti Galaxy,Jumeirah village circle,Apartment,NOT_MATCHED,NOT_MATCHED,False,,,,False,,,,,,,670.0,,,,924374,,
7412,Serenity Lakes 5,Jumeirah village circle,Apartment,NOT_MATCHED,NOT_MATCHED,False,,,,False,,,,,,,993.0,,,,1300000,,
5104,Binghatti Tulip,Jumeirah village circle,Apartment,NOT_MATCHED,NOT_MATCHED,False,,,,False,,,,,,,1221.0,,,,1670000,,
5793,AG Tower,Business Bay,Apartment,NOT_MATCHED,NOT_MATCHED,False,,,,False,,,,,,,1465.0,,,,2238000,,
1298,Creek Rise Tower 1,Dubai Creek Harbour,Townhouse,NOT_MATCHED,NOT_MATCHED,False,,,,False,,,,,,,2987.0,,,,9800000,,
5983,Raffles The Palm Dubai,Palm Jumeirah,Apartment,NOT_MATCHED,NOT_MATCHED,False,,,,False,,,,,,,3337.0,,,,25750000,,
4432,Binghatti Rose,Jumeirah village circle,Apartment,NOT_MATCHED,NOT_MATCHED,False,,,,False,,,,,,,939.0,,,,1175000,,
4762,Ashton Park Residences,Jumeirah village circle,Apartment,NOT_MATCHED,NOT_MATCHED,False,,,,False,,,,,,,933.0,,,,1300000,,
2266,Me Do Re,Jumeirah Lake Towers,Apartment,NOT_MATCHED,NOT_MATCHED,False,,,,False,,,,,,,620.0,,,,1300000,,
3600,Bayshore at Creek Beach,Dubai Creek Harbour,Apartment,NOT_MATCHED,NOT_MATCHED,False,,,,False,,,,,,,985.0,,,,2500000,,
4140,Binghatti Gardenia,Jumeirah village circle,Apartment,NOT_MATCHED,NOT_MATCHED,False,,,,False,,,,,,,324.0,,,,670000,,
1175,Me Do Re,Jumeirah Lake Towers,Apartment,NOT_MATCHED,NOT_MATCHED,False,,,,False,,,,,,,1095.0,,,,2200000,,
556,Mosela Waterside Residences,The Greens,Apartment,NOT_MATCHED,NOT_MATCHED,False,,,,False,,,,,,,1439.0,,,,2620000,,
5593,Me Do Re,Jumeirah Lake Towers,Apartment,NOT_MATCHED,NOT_MATCHED,False,,,,False,,,,,,,1387.0,,,,3500000,,
5513,Canal Residence West,Dubai Sports City,Apartment,NOT_MATCHED,NOT_MATCHED,False,,,,False,,,,,,,1380.0,,,,1400000,,
2816,Gardenia Residency,Jumeirah village circle,Apartment,NOT_MATCHED,NOT_MATCHED,False,,,,False,,,,,,,328.0,,,,750000,,
152,Marina Star,Dubai Marina,Apartment,NOT_MATCHED,NOT_MATCHED,False,,,,False,,,,,,,505.0,,,,1943600,,
1641,Ashton Park Residences,Jumeirah village circle,Apartment,NOT_MATCHED,NOT_MATCHED,False,,,,False,,,,,,,402.0,,,,800000,,
408,Binghatti Crescent,Jumeirah village circle,Apartment,NOT_MATCHED,NOT_MATCHED,False,,,,False,,,,,,,728.0,,,,1200000,,
6627,Royal Bay,Palm Jumeirah,Apartment,NOT_MATCHED,NOT_MATCHED,False,,,,False,,,,,,,1494.0,,,,3550000,,
2199,LIV Residence,Dubai Marina,Apartment,NOT_MATCHED,NOT_MATCHED,False,,,,False,,,,,,,521.0,,,,1650000,,
5319,LIV Residence,Dubai Marina,Apartment,NOT_MATCHED,NOT_MATCHED,False,,,,False,,,,,,,919.0,,,,2500000,,
8327,Aykon City Tower,Business Bay,Apartment,NOT_MATCHED,NOT_MATCHED,False,,,,False,,,,,,,819.0,,,,2314000,,
3119,Marina Arcade Tower,Dubai Marina,Apartment,NOT_MATCHED,NOT_MATCHED,False,,,,False,,,,,,,2466.0,,,,4173190,,
7426,Barari Views,Al Barari,Apartment,NOT_MATCHED,NOT_MATCHED,False,,,,False,,,,,,,1271.0,,,,1461650,,
5,Avanti Tower,Business Bay,Apartment,NOT_MATCHED,NOT_MATCHED,False,,,,False,,,,,,,1270.0,,,,2314000,,
7799,Avanti Tower,Business Bay,Apartment,NOT_MATCHED,NOT_MATCHED,False,,,,False,,,,,,,350.0,,,,950000,,
2236,Ashton Park Residences,Jumeirah village circle,Apartment,NOT_MATCHED,NOT_MATCHED,False,,,,False,,,,,,,1145.0,,,,2100000,,
4513,The Cove,Dubai Creek Harbour,Townhouse,NOT_MATCHED,NOT_MATCHED,False,,,,False,,,,,,,1898.0,,,,5500000,,
3150,Creek Gate Tower 2,Dubai Creek Harbour,Apartment,NOT_MATCHED,NOT_MATCHED,False,,,,False,,,,,,,2162.0,,,,5200000,,
7461,The Atria,Business Bay,Apartment,NOT_MATCHED,NOT_MATCHED,False,,,,False,,,,,,,559.0,,,,1369710,,
6217,Golf Links,Emaar South,Villa,REJECTED_IDENTITY,NOT_MATCHED,False,REJECTED_IDENTITY: MASTER area='Emaar South' vs Mollak community='Dubai Sports City',GOLF LINKS ,Dubai Sports City,False,,,,,,,4309.0,,,,4100000,,
5075,Ellington Beach House,Palm Jumeirah,Apartment,NOT_MATCHED,NOT_MATCHED,False,,,,False,,,,,,,1028.0,,,,4300000,,
2178,Binghatti House,Jumeirah village circle,Apartment,NOT_MATCHED,NOT_MATCHED,False,,,,False,,,,,,,310.0,,,,729999,,
7953,Imperial Avenue,Downtown Dubai,Apartment,NOT_MATCHED,NOT_MATCHED,False,,,,False,,,,,,,3124.0,,,,12800000,,
1821,Binghatti Crescent,Jumeirah village circle,Apartment,NOT_MATCHED,NOT_MATCHED,False,,,,False,,,,,,,1682.0,,,,2400000,,
6099,The Cove,Dubai Creek Harbour,Apartment,NOT_MATCHED,NOT_MATCHED,False,,,,False,,,,,,,1839.0,,,,6000000,,
2170,DAMAC Majestine,Business Bay,Apartment,NOT_MATCHED,NOT_MATCHED,False,,,,False,,,,,,,1420.0,,,,2800000,,
3043,Casa Aura Residence,Dubai South,Apartment,NOT_MATCHED,NOT_MATCHED,False,,,,False,,,,,,,407.0,,,,1000000,,
7848,Samana Hills,Arjan,Apartment,NOT_MATCHED,NOT_MATCHED,False,,,,False,,,,,,,1561.0,,,,2095000,,
8057,Binghatti Royale,Jumeirah village circle,Apartment,NOT_MATCHED,NOT_MATCHED,False,,,,False,,,,,,,2102.0,,,,4500000,,
5370,Trillionaire Residences,Business Bay,Apartment,NOT_MATCHED,NOT_MATCHED,False,,,,False,,,,,,,796.0,,,,2500000,,
717,Bayshore at Creek Beach,Dubai Creek Harbour,Apartment,NOT_MATCHED,NOT_MATCHED,False,,,,False,,,,,,,1493.0,,,,4500000,,
7170,AG Tower,Business Bay,Apartment,NOT_MATCHED,NOT_MATCHED,False,,,,False,,,,,,,820.0,,,,1750000,,
5407,Uniestate Prime Tower,Jumeirah village circle,Apartment,NOT_MATCHED,NOT_MATCHED,False,,,,False,,,,,,,2972.0,,,,2572000,,
7349,Cayan Tower,Dubai Marina,دوبلكس,NOT_MATCHED,NOT_MATCHED,False,,,,False,,,,,,,2912.0,,,,6000000,,
4975,Trillionaire Residences,Business Bay,Apartment,NOT_MATCHED,NOT_MATCHED,False,,,,False,,,,,,,1346.0,,,,4500000,,
7005,Binghatti Dusk,Jumeirah village circle,Apartment,NOT_MATCHED,NOT_MATCHED,False,,,,False,,,,,,,424.0,,,,981499,,
564,Marina Star,Dubai Marina,Duplex,NOT_MATCHED,NOT_MATCHED,False,,,,False,,,,,,,2497.0,,,,11000000,,
533,Binghatti Galaxy,Jumeirah village circle,Apartment,NOT_MATCHED,NOT_MATCHED,False,,,,False,,,,,,,1353.0,,,,2600000,,
2505,Serenity Lakes 2,Jumeirah village circle,Apartment,NOT_MATCHED,NOT_MATCHED,False,,,,False,,,,,,,2270.0,,,,2300000,,
4938,Nobles Tower,Business Bay,Apartment,NOT_MATCHED,NOT_MATCHED,False,,,,False,,,,,,,1186.0,,,,3451120,,
4665,Raffles The Palm Dubai,Palm Jumeirah,Apartment,NOT_MATCHED,NOT_MATCHED,False,,,,False,,,,,,,972.0,,,,4500000,,
7622,The Pad by Omniyat,Business Bay,Apartment,NOT_MATCHED,NOT_MATCHED,False,,,,False,,,,,,,1215.0,,,,2700000,,
4165,Ahad Residences,Business Bay,Apartment,VERIFIED_EXACT,VERIFIED_CALCULABLE,True,,Ahad Residences,Business Bay,True,20.26,2026.0,18.15,2.11,20.26,True,1625.0,32922.5,187200.0,154277.5,3270000,5.72,4.72
5712,Imperial Avenue,Downtown Dubai,بنتهاوس,NOT_MATCHED,NOT_MATCHED,False,,,,False,,,,,,,5198.0,,,,25000000,,
5366,Marina Arcade Tower,Dubai Marina,دوبلكس,NOT_MATCHED,NOT_MATCHED,False,,,,False,,,,,,,5324.0,,,,10649000,,
2381,Mama Residences,Business Bay,Apartment,NOT_MATCHED,NOT_MATCHED,False,,,,False,,,,,,,447.0,,,,1600000,,
6003,Raffles The Palm Dubai,Palm Jumeirah,Apartment,NOT_MATCHED,NOT_MATCHED,False,,,,False,,,,,,,2333.0,,,,11300000,,
6246,The Palm Tower,Palm Jumeirah,Apartment,NOT_MATCHED,NOT_MATCHED,False,,,,False,,,,,,,1055.0,,,,10000000,,
