property_id,purchase_price_aed,official_dld_fee_status,official_dld_fee_aed,dld_buyer_share_pct,trustee_fee_status,trustee_fee_aed,title_deed_fee_status,title_deed_fee_aed,knowledge_fee_status,knowledge_fee_aed,innovation_fee_status,innovation_fee_aed,broker_purchase_status,developer_admin_status,acquisition_calculation_level,official_acquisition_fees_aed,known_acquisition_costs_aed,complete_acquisition_costs_aed,total_cash_invested_aed,missing_components
2161,663600.0,OFFICIAL_VERIFIED,13272.0,2.0,MISSING,,OFFICIAL_VERIFIED,250.0,OFFICIAL_VERIFIED,10.0,OFFICIAL_VERIFIED,10.0,MISSING,MISSING,OFFICIAL_ACQUISITION_COSTS,13542.0,13542.0,,,trustee_office_fee|broker_purchase_commission
6982,840000.0,OFFICIAL_VERIFIED,16800.0,2.0,MISSING,,OFFICIAL_VERIFIED,250.0,OFFICIAL_VERIFIED,10.0,OFFICIAL_VERIFIED,10.0,MISSING,MISSING,OFFICIAL_ACQUISITION_COSTS,17070.0,17070.0,,,trustee_office_fee|broker_purchase_commission
3201,1380000.0,OFFICIAL_VERIFIED,27600.0,2.0,MISSING,,OFFICIAL_VERIFIED,250.0,OFFICIAL_VERIFIED,10.0,OFFICIAL_VERIFIED,10.0,MISSING,MISSING,OFFICIAL_ACQUISITION_COSTS,27870.0,27870.0,,,trustee_office_fee|broker_purchase_commission
6250,1300000.0,OFFICIAL_VERIFIED,26000.0,2.0,MISSING,,OFFICIAL_VERIFIED,250.0,OFFICIAL_VERIFIED,10.0,OFFICIAL_VERIFIED,10.0,MISSING,MISSING,OFFICIAL_ACQUISITION_COSTS,26270.0,26270.0,,,trustee_office_fee|broker_purchase_commission
2666,1470000.0,OFFICIAL_VERIFIED,29400.0,2.0,MISSING,,OFFICIAL_VERIFIED,250.0,OFFICIAL_VERIFIED,10.0,OFFICIAL_VERIFIED,10.0,MISSING,MISSING,OFFICIAL_ACQUISITION_COSTS,29670.0,29670.0,,,trustee_office_fee|broker_purchase_commission
1181,1600000.0,OFFICIAL_VERIFIED,32000.0,2.0,MISSING,,OFFICIAL_VERIFIED,250.0,OFFICIAL_VERIFIED,10.0,OFFICIAL_VERIFIED,10.0,MISSING,MISSING,OFFICIAL_ACQUISITION_COSTS,32270.0,32270.0,,,trustee_office_fee|broker_purchase_commission
1829,912000.0,OFFICIAL_VERIFIED,18240.0,2.0,MISSING,,OFFICIAL_VERIFIED,250.0,OFFICIAL_VERIFIED,10.0,OFFICIAL_VERIFIED,10.0,MISSING,MISSING,OFFICIAL_ACQUISITION_COSTS,18510.0,18510.0,,,trustee_office_fee|broker_purchase_commission
5128,2800000.0,OFFICIAL_VERIFIED,56000.0,2.0,MISSING,,OFFICIAL_VERIFIED,250.0,OFFICIAL_VERIFIED,10.0,OFFICIAL_VERIFIED,10.0,MISSING,MISSING,OFFICIAL_ACQUISITION_COSTS,56270.0,56270.0,,,trustee_office_fee|broker_purchase_commission
844,1100000.0,OFFICIAL_VERIFIED,22000.0,2.0,MISSING,,OFFICIAL_VERIFIED,250.0,OFFICIAL_VERIFIED,10.0,OFFICIAL_VERIFIED,10.0,MISSING,MISSING,OFFICIAL_ACQUISITION_COSTS,22270.0,22270.0,,,trustee_office_fee|broker_purchase_commission
4699,1500000.0,OFFICIAL_VERIFIED,30000.0,2.0,MISSING,,OFFICIAL_VERIFIED,250.0,OFFICIAL_VERIFIED,10.0,OFFICIAL_VERIFIED,10.0,MISSING,MISSING,OFFICIAL_ACQUISITION_COSTS,30270.0,30270.0,,,trustee_office_fee|broker_purchase_commission
7112,503000.0,OFFICIAL_VERIFIED,10060.0,2.0,MISSING,,OFFICIAL_VERIFIED,250.0,OFFICIAL_VERIFIED,10.0,OFFICIAL_VERIFIED,10.0,MISSING,MISSING,OFFICIAL_ACQUISITION_COSTS,10330.0,10330.0,,,trustee_office_fee|broker_purchase_commission
3765,1900000.0,OFFICIAL_VERIFIED,38000.0,2.0,MISSING,,OFFICIAL_VERIFIED,250.0,OFFICIAL_VERIFIED,10.0,OFFICIAL_VERIFIED,10.0,MISSING,MISSING,OFFICIAL_ACQUISITION_COSTS,38270.0,38270.0,,,trustee_office_fee|broker_purchase_commission
7881,1399990.0,OFFICIAL_VERIFIED,27999.8,2.0,MISSING,,OFFICIAL_VERIFIED,250.0,OFFICIAL_VERIFIED,10.0,OFFICIAL_VERIFIED,10.0,MISSING,MISSING,OFFICIAL_ACQUISITION_COSTS,28269.8,28269.8,,,trustee_office_fee|broker_purchase_commission
409,2700000.0,OFFICIAL_VERIFIED,54000.0,2.0,MISSING,,OFFICIAL_VERIFIED,250.0,OFFICIAL_VERIFIED,10.0,OFFICIAL_VERIFIED,10.0,MISSING,MISSING,OFFICIAL_ACQUISITION_COSTS,54270.0,54270.0,,,trustee_office_fee|broker_purchase_commission
1330,560000.0,OFFICIAL_VERIFIED,11200.0,2.0,MISSING,,OFFICIAL_VERIFIED,250.0,OFFICIAL_VERIFIED,10.0,OFFICIAL_VERIFIED,10.0,MISSING,MISSING,OFFICIAL_ACQUISITION_COSTS,11470.0,11470.0,,,trustee_office_fee|broker_purchase_commission
6834,1200000.0,OFFICIAL_VERIFIED,24000.0,2.0,MISSING,,OFFICIAL_VERIFIED,250.0,OFFICIAL_VERIFIED,10.0,OFFICIAL_VERIFIED,10.0,MISSING,MISSING,OFFICIAL_ACQUISITION_COSTS,24270.0,24270.0,,,trustee_office_fee|broker_purchase_commission
2899,2068970.0,OFFICIAL_VERIFIED,41379.4,2.0,MISSING,,OFFICIAL_VERIFIED,250.0,OFFICIAL_VERIFIED,10.0,OFFICIAL_VERIFIED,10.0,MISSING,MISSING,OFFICIAL_ACQUISITION_COSTS,41649.4,41649.4,,,trustee_office_fee|broker_purchase_commission
5356,3600000.0,OFFICIAL_VERIFIED,72000.0,2.0,MISSING,,OFFICIAL_VERIFIED,250.0,OFFICIAL_VERIFIED,10.0,OFFICIAL_VERIFIED,10.0,MISSING,MISSING,OFFICIAL_ACQUISITION_COSTS,72270.0,72270.0,,,trustee_office_fee|broker_purchase_commission
2155,1200000.0,OFFICIAL_VERIFIED,24000.0,2.0,MISSING,,OFFICIAL_VERIFIED,250.0,OFFICIAL_VERIFIED,10.0,OFFICIAL_VERIFIED,10.0,MISSING,MISSING,OFFICIAL_ACQUISITION_COSTS,24270.0,24270.0,,,trustee_office_fee|broker_purchase_commission
6836,910000.0,OFFICIAL_VERIFIED,18200.0,2.0,MISSING,,OFFICIAL_VERIFIED,250.0,OFFICIAL_VERIFIED,10.0,OFFICIAL_VERIFIED,10.0,MISSING,MISSING,OFFICIAL_ACQUISITION_COSTS,18470.0,18470.0,,,trustee_office_fee|broker_purchase_commission
4753,961000.0,OFFICIAL_VERIFIED,19220.0,2.0,MISSING,,OFFICIAL_VERIFIED,250.0,OFFICIAL_VERIFIED,10.0,OFFICIAL_VERIFIED,10.0,MISSING,MISSING,OFFICIAL_ACQUISITION_COSTS,19490.0,19490.0,,,trustee_office_fee|broker_purchase_commission
2459,1288890.0,OFFICIAL_VERIFIED,25777.8,2.0,MISSING,,OFFICIAL_VERIFIED,250.0,OFFICIAL_VERIFIED,10.0,OFFICIAL_VERIFIED,10.0,MISSING,MISSING,OFFICIAL_ACQUISITION_COSTS,26047.8,26047.8,,,trustee_office_fee|broker_purchase_commission
2578,900000.0,OFFICIAL_VERIFIED,18000.0,2.0,MISSING,,OFFICIAL_VERIFIED,250.0,OFFICIAL_VERIFIED,10.0,OFFICIAL_VERIFIED,10.0,MISSING,MISSING,OFFICIAL_ACQUISITION_COSTS,18270.0,18270.0,,,trustee_office_fee|broker_purchase_commission
1467,3016780.0,OFFICIAL_VERIFIED,60335.6,2.0,MISSING,,OFFICIAL_VERIFIED,250.0,OFFICIAL_VERIFIED,10.0,OFFICIAL_VERIFIED,10.0,MISSING,MISSING,OFFICIAL_ACQUISITION_COSTS,60605.6,60605.6,,,trustee_office_fee|broker_purchase_commission
6720,537000.0,OFFICIAL_VERIFIED,10740.0,2.0,MISSING,,OFFICIAL_VERIFIED,250.0,OFFICIAL_VERIFIED,10.0,OFFICIAL_VERIFIED,10.0,MISSING,MISSING,OFFICIAL_ACQUISITION_COSTS,11010.0,11010.0,,,trustee_office_fee|broker_purchase_commission
2473,1500000.0,OFFICIAL_VERIFIED,30000.0,2.0,MISSING,,OFFICIAL_VERIFIED,250.0,OFFICIAL_VERIFIED,10.0,OFFICIAL_VERIFIED,10.0,MISSING,MISSING,OFFICIAL_ACQUISITION_COSTS,30270.0,30270.0,,,trustee_office_fee|broker_purchase_commission
8393,3900000.0,OFFICIAL_VERIFIED,78000.0,2.0,MISSING,,OFFICIAL_VERIFIED,250.0,OFFICIAL_VERIFIED,10.0,OFFICIAL_VERIFIED,10.0,MISSING,MISSING,OFFICIAL_ACQUISITION_COSTS,78270.0,78270.0,,,trustee_office_fee|broker_purchase_commission
6298,749000.0,OFFICIAL_VERIFIED,14980.0,2.0,MISSING,,OFFICIAL_VERIFIED,250.0,OFFICIAL_VERIFIED,10.0,OFFICIAL_VERIFIED,10.0,MISSING,MISSING,OFFICIAL_ACQUISITION_COSTS,15250.0,15250.0,,,trustee_office_fee|broker_purchase_commission
2766,1100000.0,OFFICIAL_VERIFIED,22000.0,2.0,MISSING,,OFFICIAL_VERIFIED,250.0,OFFICIAL_VERIFIED,10.0,OFFICIAL_VERIFIED,10.0,MISSING,MISSING,OFFICIAL_ACQUISITION_COSTS,22270.0,22270.0,,,trustee_office_fee|broker_purchase_commission
6632,1850000.0,OFFICIAL_VERIFIED,37000.0,2.0,MISSING,,OFFICIAL_VERIFIED,250.0,OFFICIAL_VERIFIED,10.0,OFFICIAL_VERIFIED,10.0,MISSING,MISSING,OFFICIAL_ACQUISITION_COSTS,37270.0,37270.0,,,trustee_office_fee|broker_purchase_commission
507,1200000.0,OFFICIAL_VERIFIED,24000.0,2.0,MISSING,,OFFICIAL_VERIFIED,250.0,OFFICIAL_VERIFIED,10.0,OFFICIAL_VERIFIED,10.0,MISSING,MISSING,OFFICIAL_ACQUISITION_COSTS,24270.0,24270.0,,,trustee_office_fee|broker_purchase_commission
673,529000.0,OFFICIAL_VERIFIED,10580.0,2.0,MISSING,,OFFICIAL_VERIFIED,250.0,OFFICIAL_VERIFIED,10.0,OFFICIAL_VERIFIED,10.0,MISSING,MISSING,OFFICIAL_ACQUISITION_COSTS,10850.0,10850.0,,,trustee_office_fee|broker_purchase_commission
1597,797000.0,OFFICIAL_VERIFIED,15940.0,2.0,MISSING,,OFFICIAL_VERIFIED,250.0,OFFICIAL_VERIFIED,10.0,OFFICIAL_VERIFIED,10.0,MISSING,MISSING,OFFICIAL_ACQUISITION_COSTS,16210.0,16210.0,,,trustee_office_fee|broker_purchase_commission
6649,1288890.0,OFFICIAL_VERIFIED,25777.8,2.0,MISSING,,OFFICIAL_VERIFIED,250.0,OFFICIAL_VERIFIED,10.0,OFFICIAL_VERIFIED,10.0,MISSING,MISSING,OFFICIAL_ACQUISITION_COSTS,26047.8,26047.8,,,trustee_office_fee|broker_purchase_commission
4694,2550000.0,OFFICIAL_VERIFIED,51000.0,2.0,MISSING,,OFFICIAL_VERIFIED,250.0,OFFICIAL_VERIFIED,10.0,OFFICIAL_VERIFIED,10.0,MISSING,MISSING,OFFICIAL_ACQUISITION_COSTS,51270.0,51270.0,,,trustee_office_fee|broker_purchase_commission
4204,1200000.0,OFFICIAL_VERIFIED,24000.0,2.0,MISSING,,OFFICIAL_VERIFIED,250.0,OFFICIAL_VERIFIED,10.0,OFFICIAL_VERIFIED,10.0,MISSING,MISSING,OFFICIAL_ACQUISITION_COSTS,24270.0,24270.0,,,trustee_office_fee|broker_purchase_commission
8320,2200000.0,OFFICIAL_VERIFIED,44000.0,2.0,MISSING,,OFFICIAL_VERIFIED,250.0,OFFICIAL_VERIFIED,10.0,OFFICIAL_VERIFIED,10.0,MISSING,MISSING,OFFICIAL_ACQUISITION_COSTS,44270.0,44270.0,,,trustee_office_fee|broker_purchase_commission
5092,613773.0,OFFICIAL_VERIFIED,12275.46,2.0,MISSING,,OFFICIAL_VERIFIED,250.0,OFFICIAL_VERIFIED,10.0,OFFICIAL_VERIFIED,10.0,MISSING,MISSING,OFFICIAL_ACQUISITION_COSTS,12545.46,12545.46,,,trustee_office_fee|broker_purchase_commission
7608,1070000.0,OFFICIAL_VERIFIED,21400.0,2.0,MISSING,,OFFICIAL_VERIFIED,250.0,OFFICIAL_VERIFIED,10.0,OFFICIAL_VERIFIED,10.0,MISSING,MISSING,OFFICIAL_ACQUISITION_COSTS,21670.0,21670.0,,,trustee_office_fee|broker_purchase_commission
3375,1900000.0,OFFICIAL_VERIFIED,38000.0,2.0,MISSING,,OFFICIAL_VERIFIED,250.0,OFFICIAL_VERIFIED,10.0,OFFICIAL_VERIFIED,10.0,MISSING,MISSING,OFFICIAL_ACQUISITION_COSTS,38270.0,38270.0,,,trustee_office_fee|broker_purchase_commission
6350,1500000.0,OFFICIAL_VERIFIED,30000.0,2.0,MISSING,,OFFICIAL_VERIFIED,250.0,OFFICIAL_VERIFIED,10.0,OFFICIAL_VERIFIED,10.0,MISSING,MISSING,OFFICIAL_ACQUISITION_COSTS,30270.0,30270.0,,,trustee_office_fee|broker_purchase_commission
2276,2200000.0,OFFICIAL_VERIFIED,44000.0,2.0,MISSING,,OFFICIAL_VERIFIED,250.0,OFFICIAL_VERIFIED,10.0,OFFICIAL_VERIFIED,10.0,MISSING,MISSING,OFFICIAL_ACQUISITION_COSTS,44270.0,44270.0,,,trustee_office_fee|broker_purchase_commission
6209,1000000.0,OFFICIAL_VERIFIED,20000.0,2.0,MISSING,,OFFICIAL_VERIFIED,250.0,OFFICIAL_VERIFIED,10.0,OFFICIAL_VERIFIED,10.0,MISSING,MISSING,OFFICIAL_ACQUISITION_COSTS,20270.0,20270.0,,,trustee_office_fee|broker_purchase_commission
5073,700000.0,OFFICIAL_VERIFIED,14000.0,2.0,MISSING,,OFFICIAL_VERIFIED,250.0,OFFICIAL_VERIFIED,10.0,OFFICIAL_VERIFIED,10.0,MISSING,MISSING,OFFICIAL_ACQUISITION_COSTS,14270.0,14270.0,,,trustee_office_fee|broker_purchase_commission
6695,720000.0,OFFICIAL_VERIFIED,14400.0,2.0,MISSING,,OFFICIAL_VERIFIED,250.0,OFFICIAL_VERIFIED,10.0,OFFICIAL_VERIFIED,10.0,MISSING,MISSING,OFFICIAL_ACQUISITION_COSTS,14670.0,14670.0,,,trustee_office_fee|broker_purchase_commission
2460,1700000.0,OFFICIAL_VERIFIED,34000.0,2.0,MISSING,,OFFICIAL_VERIFIED,250.0,OFFICIAL_VERIFIED,10.0,OFFICIAL_VERIFIED,10.0,MISSING,MISSING,OFFICIAL_ACQUISITION_COSTS,34270.0,34270.0,,,trustee_office_fee|broker_purchase_commission
7792,660000.0,OFFICIAL_VERIFIED,13200.0,2.0,MISSING,,OFFICIAL_VERIFIED,250.0,OFFICIAL_VERIFIED,10.0,OFFICIAL_VERIFIED,10.0,MISSING,MISSING,OFFICIAL_ACQUISITION_COSTS,13470.0,13470.0,,,trustee_office_fee|broker_purchase_commission
7663,1922960.0,OFFICIAL_VERIFIED,38459.2,2.0,MISSING,,OFFICIAL_VERIFIED,250.0,OFFICIAL_VERIFIED,10.0,OFFICIAL_VERIFIED,10.0,MISSING,MISSING,OFFICIAL_ACQUISITION_COSTS,38729.2,38729.2,,,trustee_office_fee|broker_purchase_commission
2725,90000.0,OFFICIAL_VERIFIED,1800.0,2.0,MISSING,,OFFICIAL_VERIFIED,250.0,OFFICIAL_VERIFIED,10.0,OFFICIAL_VERIFIED,10.0,MISSING,MISSING,OFFICIAL_ACQUISITION_COSTS,2070.0,2070.0,,,trustee_office_fee|broker_purchase_commission
6540,1900000.0,OFFICIAL_VERIFIED,38000.0,2.0,MISSING,,OFFICIAL_VERIFIED,250.0,OFFICIAL_VERIFIED,10.0,OFFICIAL_VERIFIED,10.0,MISSING,MISSING,OFFICIAL_ACQUISITION_COSTS,38270.0,38270.0,,,trustee_office_fee|broker_purchase_commission
93,807000.0,OFFICIAL_VERIFIED,16140.0,2.0,MISSING,,OFFICIAL_VERIFIED,250.0,OFFICIAL_VERIFIED,10.0,OFFICIAL_VERIFIED,10.0,MISSING,MISSING,OFFICIAL_ACQUISITION_COSTS,16410.0,16410.0,,,trustee_office_fee|broker_purchase_commission
6277,1300000.0,OFFICIAL_VERIFIED,26000.0,2.0,MISSING,,OFFICIAL_VERIFIED,250.0,OFFICIAL_VERIFIED,10.0,OFFICIAL_VERIFIED,10.0,MISSING,MISSING,OFFICIAL_ACQUISITION_COSTS,26270.0,26270.0,,,trustee_office_fee|broker_purchase_commission
6430,1300000.0,OFFICIAL_VERIFIED,26000.0,2.0,MISSING,,OFFICIAL_VERIFIED,250.0,OFFICIAL_VERIFIED,10.0,OFFICIAL_VERIFIED,10.0,MISSING,MISSING,OFFICIAL_ACQUISITION_COSTS,26270.0,26270.0,,,trustee_office_fee|broker_purchase_commission
1620,7462760.0,OFFICIAL_VERIFIED,149255.2,2.0,MISSING,,OFFICIAL_VERIFIED,250.0,OFFICIAL_VERIFIED,10.0,OFFICIAL_VERIFIED,10.0,MISSING,MISSING,OFFICIAL_ACQUISITION_COSTS,149525.2,149525.2,,,trustee_office_fee|broker_purchase_commission
5252,12400000.0,OFFICIAL_VERIFIED,248000.0,2.0,MISSING,,OFFICIAL_VERIFIED,250.0,OFFICIAL_VERIFIED,10.0,OFFICIAL_VERIFIED,10.0,MISSING,MISSING,OFFICIAL_ACQUISITION_COSTS,248270.0,248270.0,,,trustee_office_fee|broker_purchase_commission
422,2500000.0,OFFICIAL_VERIFIED,50000.0,2.0,MISSING,,OFFICIAL_VERIFIED,250.0,OFFICIAL_VERIFIED,10.0,OFFICIAL_VERIFIED,10.0,MISSING,MISSING,OFFICIAL_ACQUISITION_COSTS,50270.0,50270.0,,,trustee_office_fee|broker_purchase_commission
2838,1550000.0,OFFICIAL_VERIFIED,31000.0,2.0,MISSING,,OFFICIAL_VERIFIED,250.0,OFFICIAL_VERIFIED,10.0,OFFICIAL_VERIFIED,10.0,MISSING,MISSING,OFFICIAL_ACQUISITION_COSTS,31270.0,31270.0,,,trustee_office_fee|broker_purchase_commission
3843,866000.0,OFFICIAL_VERIFIED,17320.0,2.0,MISSING,,OFFICIAL_VERIFIED,250.0,OFFICIAL_VERIFIED,10.0,OFFICIAL_VERIFIED,10.0,MISSING,MISSING,OFFICIAL_ACQUISITION_COSTS,17590.0,17590.0,,,trustee_office_fee|broker_purchase_commission
453,2600000.0,OFFICIAL_VERIFIED,52000.0,2.0,MISSING,,OFFICIAL_VERIFIED,250.0,OFFICIAL_VERIFIED,10.0,OFFICIAL_VERIFIED,10.0,MISSING,MISSING,OFFICIAL_ACQUISITION_COSTS,52270.0,52270.0,,,trustee_office_fee|broker_purchase_commission
8066,14580000.0,OFFICIAL_VERIFIED,291600.0,2.0,MISSING,,OFFICIAL_VERIFIED,250.0,OFFICIAL_VERIFIED,10.0,OFFICIAL_VERIFIED,10.0,MISSING,MISSING,OFFICIAL_ACQUISITION_COSTS,291870.0,291870.0,,,trustee_office_fee|broker_purchase_commission
6835,5500000.0,OFFICIAL_VERIFIED,110000.0,2.0,MISSING,,OFFICIAL_VERIFIED,250.0,OFFICIAL_VERIFIED,10.0,OFFICIAL_VERIFIED,10.0,MISSING,MISSING,OFFICIAL_ACQUISITION_COSTS,110270.0,110270.0,,,trustee_office_fee|broker_purchase_commission
8201,4300000.0,OFFICIAL_VERIFIED,86000.0,2.0,MISSING,,OFFICIAL_VERIFIED,250.0,OFFICIAL_VERIFIED,10.0,OFFICIAL_VERIFIED,10.0,MISSING,MISSING,OFFICIAL_ACQUISITION_COSTS,86270.0,86270.0,,,trustee_office_fee|broker_purchase_commission
1710,2425260.0,OFFICIAL_VERIFIED,48505.2,2.0,MISSING,,OFFICIAL_VERIFIED,250.0,OFFICIAL_VERIFIED,10.0,OFFICIAL_VERIFIED,10.0,MISSING,MISSING,OFFICIAL_ACQUISITION_COSTS,48775.2,48775.2,,,trustee_office_fee|broker_purchase_commission
1913,2500000.0,OFFICIAL_VERIFIED,50000.0,2.0,MISSING,,OFFICIAL_VERIFIED,250.0,OFFICIAL_VERIFIED,10.0,OFFICIAL_VERIFIED,10.0,MISSING,MISSING,OFFICIAL_ACQUISITION_COSTS,50270.0,50270.0,,,trustee_office_fee|broker_purchase_commission
601,1950000.0,OFFICIAL_VERIFIED,39000.0,2.0,MISSING,,OFFICIAL_VERIFIED,250.0,OFFICIAL_VERIFIED,10.0,OFFICIAL_VERIFIED,10.0,MISSING,MISSING,OFFICIAL_ACQUISITION_COSTS,39270.0,39270.0,,,trustee_office_fee|broker_purchase_commission
2842,10828238.0,OFFICIAL_VERIFIED,216564.76,2.0,MISSING,,OFFICIAL_VERIFIED,250.0,OFFICIAL_VERIFIED,10.0,OFFICIAL_VERIFIED,10.0,MISSING,MISSING,OFFICIAL_ACQUISITION_COSTS,216834.76,216834.76,,,trustee_office_fee|broker_purchase_commission
1111,843000.0,OFFICIAL_VERIFIED,16860.0,2.0,MISSING,,OFFICIAL_VERIFIED,250.0,OFFICIAL_VERIFIED,10.0,OFFICIAL_VERIFIED,10.0,MISSING,MISSING,OFFICIAL_ACQUISITION_COSTS,17130.0,17130.0,,,trustee_office_fee|broker_purchase_commission
5113,3465820.0,OFFICIAL_VERIFIED,69316.4,2.0,MISSING,,OFFICIAL_VERIFIED,250.0,OFFICIAL_VERIFIED,10.0,OFFICIAL_VERIFIED,10.0,MISSING,MISSING,OFFICIAL_ACQUISITION_COSTS,69586.4,69586.4,,,trustee_office_fee|broker_purchase_commission
1637,1400000.0,OFFICIAL_VERIFIED,28000.0,2.0,MISSING,,OFFICIAL_VERIFIED,250.0,OFFICIAL_VERIFIED,10.0,OFFICIAL_VERIFIED,10.0,MISSING,MISSING,OFFICIAL_ACQUISITION_COSTS,28270.0,28270.0,,,trustee_office_fee|broker_purchase_commission
1652,1908480.0,OFFICIAL_VERIFIED,38169.6,2.0,MISSING,,OFFICIAL_VERIFIED,250.0,OFFICIAL_VERIFIED,10.0,OFFICIAL_VERIFIED,10.0,MISSING,MISSING,OFFICIAL_ACQUISITION_COSTS,38439.6,38439.6,,,trustee_office_fee|broker_purchase_commission
6594,1700000.0,OFFICIAL_VERIFIED,34000.0,2.0,MISSING,,OFFICIAL_VERIFIED,250.0,OFFICIAL_VERIFIED,10.0,OFFICIAL_VERIFIED,10.0,MISSING,MISSING,OFFICIAL_ACQUISITION_COSTS,34270.0,34270.0,,,trustee_office_fee|broker_purchase_commission
7916,1700000.0,OFFICIAL_VERIFIED,34000.0,2.0,MISSING,,OFFICIAL_VERIFIED,250.0,OFFICIAL_VERIFIED,10.0,OFFICIAL_VERIFIED,10.0,MISSING,MISSING,OFFICIAL_ACQUISITION_COSTS,34270.0,34270.0,,,trustee_office_fee|broker_purchase_commission
7020,5200000.0,OFFICIAL_VERIFIED,104000.0,2.0,MISSING,,OFFICIAL_VERIFIED,250.0,OFFICIAL_VERIFIED,10.0,OFFICIAL_VERIFIED,10.0,MISSING,MISSING,OFFICIAL_ACQUISITION_COSTS,104270.0,104270.0,,,trustee_office_fee|broker_purchase_commission
897,2800000.0,OFFICIAL_VERIFIED,56000.0,2.0,MISSING,,OFFICIAL_VERIFIED,250.0,OFFICIAL_VERIFIED,10.0,OFFICIAL_VERIFIED,10.0,MISSING,MISSING,OFFICIAL_ACQUISITION_COSTS,56270.0,56270.0,,,trustee_office_fee|broker_purchase_commission
2398,1750000.0,OFFICIAL_VERIFIED,35000.0,2.0,MISSING,,OFFICIAL_VERIFIED,250.0,OFFICIAL_VERIFIED,10.0,OFFICIAL_VERIFIED,10.0,MISSING,MISSING,OFFICIAL_ACQUISITION_COSTS,35270.0,35270.0,,,trustee_office_fee|broker_purchase_commission
2730,1200000.0,OFFICIAL_VERIFIED,24000.0,2.0,MISSING,,OFFICIAL_VERIFIED,250.0,OFFICIAL_VERIFIED,10.0,OFFICIAL_VERIFIED,10.0,MISSING,MISSING,OFFICIAL_ACQUISITION_COSTS,24270.0,24270.0,,,trustee_office_fee|broker_purchase_commission
7464,1020000.0,OFFICIAL_VERIFIED,20400.0,2.0,MISSING,,OFFICIAL_VERIFIED,250.0,OFFICIAL_VERIFIED,10.0,OFFICIAL_VERIFIED,10.0,MISSING,MISSING,OFFICIAL_ACQUISITION_COSTS,20670.0,20670.0,,,trustee_office_fee|broker_purchase_commission
4547,1050000.0,OFFICIAL_VERIFIED,21000.0,2.0,MISSING,,OFFICIAL_VERIFIED,250.0,OFFICIAL_VERIFIED,10.0,OFFICIAL_VERIFIED,10.0,MISSING,MISSING,OFFICIAL_ACQUISITION_COSTS,21270.0,21270.0,,,trustee_office_fee|broker_purchase_commission
4245,6920486.0,OFFICIAL_VERIFIED,138409.72,2.0,MISSING,,OFFICIAL_VERIFIED,250.0,OFFICIAL_VERIFIED,10.0,OFFICIAL_VERIFIED,10.0,MISSING,MISSING,OFFICIAL_ACQUISITION_COSTS,138679.72,138679.72,,,trustee_office_fee|broker_purchase_commission
5009,796000.0,OFFICIAL_VERIFIED,15920.0,2.0,MISSING,,OFFICIAL_VERIFIED,250.0,OFFICIAL_VERIFIED,10.0,OFFICIAL_VERIFIED,10.0,MISSING,MISSING,OFFICIAL_ACQUISITION_COSTS,16190.0,16190.0,,,trustee_office_fee|broker_purchase_commission
1146,3955410.0,OFFICIAL_VERIFIED,79108.2,2.0,MISSING,,OFFICIAL_VERIFIED,250.0,OFFICIAL_VERIFIED,10.0,OFFICIAL_VERIFIED,10.0,MISSING,MISSING,OFFICIAL_ACQUISITION_COSTS,79378.2,79378.2,,,trustee_office_fee|broker_purchase_commission
7278,2200000.0,OFFICIAL_VERIFIED,44000.0,2.0,MISSING,,OFFICIAL_VERIFIED,250.0,OFFICIAL_VERIFIED,10.0,OFFICIAL_VERIFIED,10.0,MISSING,MISSING,OFFICIAL_ACQUISITION_COSTS,44270.0,44270.0,,,trustee_office_fee|broker_purchase_commission
365,609000.0,OFFICIAL_VERIFIED,12180.0,2.0,MISSING,,OFFICIAL_VERIFIED,250.0,OFFICIAL_VERIFIED,10.0,OFFICIAL_VERIFIED,10.0,MISSING,MISSING,OFFICIAL_ACQUISITION_COSTS,12450.0,12450.0,,,trustee_office_fee|broker_purchase_commission
3508,1700000.0,OFFICIAL_VERIFIED,34000.0,2.0,MISSING,,OFFICIAL_VERIFIED,250.0,OFFICIAL_VERIFIED,10.0,OFFICIAL_VERIFIED,10.0,MISSING,MISSING,OFFICIAL_ACQUISITION_COSTS,34270.0,34270.0,,,trustee_office_fee|broker_purchase_commission
7342,5190000.0,OFFICIAL_VERIFIED,103800.0,2.0,MISSING,,OFFICIAL_VERIFIED,250.0,OFFICIAL_VERIFIED,10.0,OFFICIAL_VERIFIED,10.0,MISSING,MISSING,OFFICIAL_ACQUISITION_COSTS,104070.0,104070.0,,,trustee_office_fee|broker_purchase_commission
8369,1100000.0,OFFICIAL_VERIFIED,22000.0,2.0,MISSING,,OFFICIAL_VERIFIED,250.0,OFFICIAL_VERIFIED,10.0,OFFICIAL_VERIFIED,10.0,MISSING,MISSING,OFFICIAL_ACQUISITION_COSTS,22270.0,22270.0,,,trustee_office_fee|broker_purchase_commission
1636,4737408.0,OFFICIAL_VERIFIED,94748.16,2.0,MISSING,,OFFICIAL_VERIFIED,250.0,OFFICIAL_VERIFIED,10.0,OFFICIAL_VERIFIED,10.0,MISSING,MISSING,OFFICIAL_ACQUISITION_COSTS,95018.16,95018.16,,,trustee_office_fee|broker_purchase_commission
7656,601000.0,OFFICIAL_VERIFIED,12020.0,2.0,MISSING,,OFFICIAL_VERIFIED,250.0,OFFICIAL_VERIFIED,10.0,OFFICIAL_VERIFIED,10.0,MISSING,MISSING,OFFICIAL_ACQUISITION_COSTS,12290.0,12290.0,,,trustee_office_fee|broker_purchase_commission
2061,1200000.0,OFFICIAL_VERIFIED,24000.0,2.0,MISSING,,OFFICIAL_VERIFIED,250.0,OFFICIAL_VERIFIED,10.0,OFFICIAL_VERIFIED,10.0,MISSING,MISSING,OFFICIAL_ACQUISITION_COSTS,24270.0,24270.0,,,trustee_office_fee|broker_purchase_commission
140,2936770.0,OFFICIAL_VERIFIED,58735.4,2.0,MISSING,,OFFICIAL_VERIFIED,250.0,OFFICIAL_VERIFIED,10.0,OFFICIAL_VERIFIED,10.0,MISSING,MISSING,OFFICIAL_ACQUISITION_COSTS,59005.4,59005.4,,,trustee_office_fee|broker_purchase_commission
4674,4000000.0,OFFICIAL_VERIFIED,80000.0,2.0,MISSING,,OFFICIAL_VERIFIED,250.0,OFFICIAL_VERIFIED,10.0,OFFICIAL_VERIFIED,10.0,MISSING,MISSING,OFFICIAL_ACQUISITION_COSTS,80270.0,80270.0,,,trustee_office_fee|broker_purchase_commission
5773,921879.0,OFFICIAL_VERIFIED,18437.58,2.0,MISSING,,OFFICIAL_VERIFIED,250.0,OFFICIAL_VERIFIED,10.0,OFFICIAL_VERIFIED,10.0,MISSING,MISSING,OFFICIAL_ACQUISITION_COSTS,18707.58,18707.58,,,trustee_office_fee|broker_purchase_commission
5574,870000.0,OFFICIAL_VERIFIED,17400.0,2.0,MISSING,,OFFICIAL_VERIFIED,250.0,OFFICIAL_VERIFIED,10.0,OFFICIAL_VERIFIED,10.0,MISSING,MISSING,OFFICIAL_ACQUISITION_COSTS,17670.0,17670.0,,,trustee_office_fee|broker_purchase_commission
4744,4700000.0,OFFICIAL_VERIFIED,94000.0,2.0,MISSING,,OFFICIAL_VERIFIED,250.0,OFFICIAL_VERIFIED,10.0,OFFICIAL_VERIFIED,10.0,MISSING,MISSING,OFFICIAL_ACQUISITION_COSTS,94270.0,94270.0,,,trustee_office_fee|broker_purchase_commission
3495,659000.0,OFFICIAL_VERIFIED,13180.0,2.0,MISSING,,OFFICIAL_VERIFIED,250.0,OFFICIAL_VERIFIED,10.0,OFFICIAL_VERIFIED,10.0,MISSING,MISSING,OFFICIAL_ACQUISITION_COSTS,13450.0,13450.0,,,trustee_office_fee|broker_purchase_commission
6446,4181200.0,OFFICIAL_VERIFIED,83624.0,2.0,MISSING,,OFFICIAL_VERIFIED,250.0,OFFICIAL_VERIFIED,10.0,OFFICIAL_VERIFIED,10.0,MISSING,MISSING,OFFICIAL_ACQUISITION_COSTS,83894.0,83894.0,,,trustee_office_fee|broker_purchase_commission
3666,2450000.0,OFFICIAL_VERIFIED,49000.0,2.0,MISSING,,OFFICIAL_VERIFIED,250.0,OFFICIAL_VERIFIED,10.0,OFFICIAL_VERIFIED,10.0,MISSING,MISSING,OFFICIAL_ACQUISITION_COSTS,49270.0,49270.0,,,trustee_office_fee|broker_purchase_commission
253,2200000.0,OFFICIAL_VERIFIED,44000.0,2.0,MISSING,,OFFICIAL_VERIFIED,250.0,OFFICIAL_VERIFIED,10.0,OFFICIAL_VERIFIED,10.0,MISSING,MISSING,OFFICIAL_ACQUISITION_COSTS,44270.0,44270.0,,,trustee_office_fee|broker_purchase_commission
2326,2300000.0,OFFICIAL_VERIFIED,46000.0,2.0,MISSING,,OFFICIAL_VERIFIED,250.0,OFFICIAL_VERIFIED,10.0,OFFICIAL_VERIFIED,10.0,MISSING,MISSING,OFFICIAL_ACQUISITION_COSTS,46270.0,46270.0,,,trustee_office_fee|broker_purchase_commission
3834,2500000.0,OFFICIAL_VERIFIED,50000.0,2.0,MISSING,,OFFICIAL_VERIFIED,250.0,OFFICIAL_VERIFIED,10.0,OFFICIAL_VERIFIED,10.0,MISSING,MISSING,OFFICIAL_ACQUISITION_COSTS,50270.0,50270.0,,,trustee_office_fee|broker_purchase_commission
5945,865000.0,OFFICIAL_VERIFIED,17300.0,2.0,MISSING,,OFFICIAL_VERIFIED,250.0,OFFICIAL_VERIFIED,10.0,OFFICIAL_VERIFIED,10.0,MISSING,MISSING,OFFICIAL_ACQUISITION_COSTS,17570.0,17570.0,,,trustee_office_fee|broker_purchase_commission
1399,3690000.0,OFFICIAL_VERIFIED,73800.0,2.0,MISSING,,OFFICIAL_VERIFIED,250.0,OFFICIAL_VERIFIED,10.0,OFFICIAL_VERIFIED,10.0,MISSING,MISSING,OFFICIAL_ACQUISITION_COSTS,74070.0,74070.0,,,trustee_office_fee|broker_purchase_commission
5987,4358910.0,OFFICIAL_VERIFIED,87178.2,2.0,MISSING,,OFFICIAL_VERIFIED,250.0,OFFICIAL_VERIFIED,10.0,OFFICIAL_VERIFIED,10.0,MISSING,MISSING,OFFICIAL_ACQUISITION_COSTS,87448.2,87448.2,,,trustee_office_fee|broker_purchase_commission
2832,1200000.0,OFFICIAL_VERIFIED,24000.0,2.0,MISSING,,OFFICIAL_VERIFIED,250.0,OFFICIAL_VERIFIED,10.0,OFFICIAL_VERIFIED,10.0,MISSING,MISSING,OFFICIAL_ACQUISITION_COSTS,24270.0,24270.0,,,trustee_office_fee|broker_purchase_commission
3097,1850000.0,OFFICIAL_VERIFIED,37000.0,2.0,MISSING,,OFFICIAL_VERIFIED,250.0,OFFICIAL_VERIFIED,10.0,OFFICIAL_VERIFIED,10.0,MISSING,MISSING,OFFICIAL_ACQUISITION_COSTS,37270.0,37270.0,,,trustee_office_fee|broker_purchase_commission
6923,1896980.0,OFFICIAL_VERIFIED,37939.6,2.0,MISSING,,OFFICIAL_VERIFIED,250.0,OFFICIAL_VERIFIED,10.0,OFFICIAL_VERIFIED,10.0,MISSING,MISSING,OFFICIAL_ACQUISITION_COSTS,38209.6,38209.6,,,trustee_office_fee|broker_purchase_commission
1516,609999.0,OFFICIAL_VERIFIED,12199.98,2.0,MISSING,,OFFICIAL_VERIFIED,250.0,OFFICIAL_VERIFIED,10.0,OFFICIAL_VERIFIED,10.0,MISSING,MISSING,OFFICIAL_ACQUISITION_COSTS,12469.98,12469.98,,,trustee_office_fee|broker_purchase_commission
1234,3257930.0,OFFICIAL_VERIFIED,65158.6,2.0,MISSING,,OFFICIAL_VERIFIED,250.0,OFFICIAL_VERIFIED,10.0,OFFICIAL_VERIFIED,10.0,MISSING,MISSING,OFFICIAL_ACQUISITION_COSTS,65428.6,65428.6,,,trustee_office_fee|broker_purchase_commission
3962,1096000.0,OFFICIAL_VERIFIED,21920.0,2.0,MISSING,,OFFICIAL_VERIFIED,250.0,OFFICIAL_VERIFIED,10.0,OFFICIAL_VERIFIED,10.0,MISSING,MISSING,OFFICIAL_ACQUISITION_COSTS,22190.0,22190.0,,,trustee_office_fee|broker_purchase_commission
793,700000.0,OFFICIAL_VERIFIED,14000.0,2.0,MISSING,,OFFICIAL_VERIFIED,250.0,OFFICIAL_VERIFIED,10.0,OFFICIAL_VERIFIED,10.0,MISSING,MISSING,OFFICIAL_ACQUISITION_COSTS,14270.0,14270.0,,,trustee_office_fee|broker_purchase_commission
7640,826000.0,OFFICIAL_VERIFIED,16520.0,2.0,MISSING,,OFFICIAL_VERIFIED,250.0,OFFICIAL_VERIFIED,10.0,OFFICIAL_VERIFIED,10.0,MISSING,MISSING,OFFICIAL_ACQUISITION_COSTS,16790.0,16790.0,,,trustee_office_fee|broker_purchase_commission
1279,2276190.0,OFFICIAL_VERIFIED,45523.8,2.0,MISSING,,OFFICIAL_VERIFIED,250.0,OFFICIAL_VERIFIED,10.0,OFFICIAL_VERIFIED,10.0,MISSING,MISSING,OFFICIAL_ACQUISITION_COSTS,45793.8,45793.8,,,trustee_office_fee|broker_purchase_commission
6556,1818890.0,OFFICIAL_VERIFIED,36377.8,2.0,MISSING,,OFFICIAL_VERIFIED,250.0,OFFICIAL_VERIFIED,10.0,OFFICIAL_VERIFIED,10.0,MISSING,MISSING,OFFICIAL_ACQUISITION_COSTS,36647.8,36647.8,,,trustee_office_fee|broker_purchase_commission
983,1100000.0,OFFICIAL_VERIFIED,22000.0,2.0,MISSING,,OFFICIAL_VERIFIED,250.0,OFFICIAL_VERIFIED,10.0,OFFICIAL_VERIFIED,10.0,MISSING,MISSING,OFFICIAL_ACQUISITION_COSTS,22270.0,22270.0,,,trustee_office_fee|broker_purchase_commission
4545,11500000.0,OFFICIAL_VERIFIED,230000.0,2.0,MISSING,,OFFICIAL_VERIFIED,250.0,OFFICIAL_VERIFIED,10.0,OFFICIAL_VERIFIED,10.0,MISSING,MISSING,OFFICIAL_ACQUISITION_COSTS,230270.0,230270.0,,,trustee_office_fee|broker_purchase_commission
6141,490000.0,OFFICIAL_VERIFIED,9800.0,2.0,MISSING,,OFFICIAL_VERIFIED,250.0,OFFICIAL_VERIFIED,10.0,OFFICIAL_VERIFIED,10.0,MISSING,MISSING,OFFICIAL_ACQUISITION_COSTS,10070.0,10070.0,,,trustee_office_fee|broker_purchase_commission
7286,1300000.0,OFFICIAL_VERIFIED,26000.0,2.0,MISSING,,OFFICIAL_VERIFIED,250.0,OFFICIAL_VERIFIED,10.0,OFFICIAL_VERIFIED,10.0,MISSING,MISSING,OFFICIAL_ACQUISITION_COSTS,26270.0,26270.0,,,trustee_office_fee|broker_purchase_commission
101,1730000.0,OFFICIAL_VERIFIED,34600.0,2.0,MISSING,,OFFICIAL_VERIFIED,250.0,OFFICIAL_VERIFIED,10.0,OFFICIAL_VERIFIED,10.0,MISSING,MISSING,OFFICIAL_ACQUISITION_COSTS,34870.0,34870.0,,,trustee_office_fee|broker_purchase_commission
5203,958000.0,OFFICIAL_VERIFIED,19160.0,2.0,MISSING,,OFFICIAL_VERIFIED,250.0,OFFICIAL_VERIFIED,10.0,OFFICIAL_VERIFIED,10.0,MISSING,MISSING,OFFICIAL_ACQUISITION_COSTS,19430.0,19430.0,,,trustee_office_fee|broker_purchase_commission
3830,4000000.0,OFFICIAL_VERIFIED,80000.0,2.0,MISSING,,OFFICIAL_VERIFIED,250.0,OFFICIAL_VERIFIED,10.0,OFFICIAL_VERIFIED,10.0,MISSING,MISSING,OFFICIAL_ACQUISITION_COSTS,80270.0,80270.0,,,trustee_office_fee|broker_purchase_commission
7842,1020000.0,OFFICIAL_VERIFIED,20400.0,2.0,MISSING,,OFFICIAL_VERIFIED,250.0,OFFICIAL_VERIFIED,10.0,OFFICIAL_VERIFIED,10.0,MISSING,MISSING,OFFICIAL_ACQUISITION_COSTS,20670.0,20670.0,,,trustee_office_fee|broker_purchase_commission
4905,35500000.0,OFFICIAL_VERIFIED,710000.0,2.0,MISSING,,OFFICIAL_VERIFIED,250.0,OFFICIAL_VERIFIED,10.0,OFFICIAL_VERIFIED,10.0,MISSING,MISSING,OFFICIAL_ACQUISITION_COSTS,710270.0,710270.0,,,trustee_office_fee|broker_purchase_commission
8220,4500000.0,OFFICIAL_VERIFIED,90000.0,2.0,MISSING,,OFFICIAL_VERIFIED,250.0,OFFICIAL_VERIFIED,10.0,OFFICIAL_VERIFIED,10.0,MISSING,MISSING,OFFICIAL_ACQUISITION_COSTS,90270.0,90270.0,,,trustee_office_fee|broker_purchase_commission
3706,4800000.0,OFFICIAL_VERIFIED,96000.0,2.0,MISSING,,OFFICIAL_VERIFIED,250.0,OFFICIAL_VERIFIED,10.0,OFFICIAL_VERIFIED,10.0,MISSING,MISSING,OFFICIAL_ACQUISITION_COSTS,96270.0,96270.0,,,trustee_office_fee|broker_purchase_commission
6745,4800000.0,OFFICIAL_VERIFIED,96000.0,2.0,MISSING,,OFFICIAL_VERIFIED,250.0,OFFICIAL_VERIFIED,10.0,OFFICIAL_VERIFIED,10.0,MISSING,MISSING,OFFICIAL_ACQUISITION_COSTS,96270.0,96270.0,,,trustee_office_fee|broker_purchase_commission
1068,1560000.0,OFFICIAL_VERIFIED,31200.0,2.0,MISSING,,OFFICIAL_VERIFIED,250.0,OFFICIAL_VERIFIED,10.0,OFFICIAL_VERIFIED,10.0,MISSING,MISSING,OFFICIAL_ACQUISITION_COSTS,31470.0,31470.0,,,trustee_office_fee|broker_purchase_commission
4209,1450000.0,OFFICIAL_VERIFIED,29000.0,2.0,MISSING,,OFFICIAL_VERIFIED,250.0,OFFICIAL_VERIFIED,10.0,OFFICIAL_VERIFIED,10.0,MISSING,MISSING,OFFICIAL_ACQUISITION_COSTS,29270.0,29270.0,,,trustee_office_fee|broker_purchase_commission
4389,905000.0,OFFICIAL_VERIFIED,18100.0,2.0,MISSING,,OFFICIAL_VERIFIED,250.0,OFFICIAL_VERIFIED,10.0,OFFICIAL_VERIFIED,10.0,MISSING,MISSING,OFFICIAL_ACQUISITION_COSTS,18370.0,18370.0,,,trustee_office_fee|broker_purchase_commission
6235,2200000.0,OFFICIAL_VERIFIED,44000.0,2.0,MISSING,,OFFICIAL_VERIFIED,250.0,OFFICIAL_VERIFIED,10.0,OFFICIAL_VERIFIED,10.0,MISSING,MISSING,OFFICIAL_ACQUISITION_COSTS,44270.0,44270.0,,,trustee_office_fee|broker_purchase_commission
5394,668000.0,OFFICIAL_VERIFIED,13360.0,2.0,MISSING,,OFFICIAL_VERIFIED,250.0,OFFICIAL_VERIFIED,10.0,OFFICIAL_VERIFIED,10.0,MISSING,MISSING,OFFICIAL_ACQUISITION_COSTS,13630.0,13630.0,,,trustee_office_fee|broker_purchase_commission
5497,675000.0,OFFICIAL_VERIFIED,13500.0,2.0,MISSING,,OFFICIAL_VERIFIED,250.0,OFFICIAL_VERIFIED,10.0,OFFICIAL_VERIFIED,10.0,MISSING,MISSING,OFFICIAL_ACQUISITION_COSTS,13770.0,13770.0,,,trustee_office_fee|broker_purchase_commission
1459,1375000.0,OFFICIAL_VERIFIED,27500.0,2.0,MISSING,,OFFICIAL_VERIFIED,250.0,OFFICIAL_VERIFIED,10.0,OFFICIAL_VERIFIED,10.0,MISSING,MISSING,OFFICIAL_ACQUISITION_COSTS,27770.0,27770.0,,,trustee_office_fee|broker_purchase_commission
4669,1128000.0,OFFICIAL_VERIFIED,22560.0,2.0,MISSING,,OFFICIAL_VERIFIED,250.0,OFFICIAL_VERIFIED,10.0,OFFICIAL_VERIFIED,10.0,MISSING,MISSING,OFFICIAL_ACQUISITION_COSTS,22830.0,22830.0,,,trustee_office_fee|broker_purchase_commission
3231,1600000.0,OFFICIAL_VERIFIED,32000.0,2.0,MISSING,,OFFICIAL_VERIFIED,250.0,OFFICIAL_VERIFIED,10.0,OFFICIAL_VERIFIED,10.0,MISSING,MISSING,OFFICIAL_ACQUISITION_COSTS,32270.0,32270.0,,,trustee_office_fee|broker_purchase_commission
3852,4200000.0,OFFICIAL_VERIFIED,84000.0,2.0,MISSING,,OFFICIAL_VERIFIED,250.0,OFFICIAL_VERIFIED,10.0,OFFICIAL_VERIFIED,10.0,MISSING,MISSING,OFFICIAL_ACQUISITION_COSTS,84270.0,84270.0,,,trustee_office_fee|broker_purchase_commission
5263,1450000.0,OFFICIAL_VERIFIED,29000.0,2.0,MISSING,,OFFICIAL_VERIFIED,250.0,OFFICIAL_VERIFIED,10.0,OFFICIAL_VERIFIED,10.0,MISSING,MISSING,OFFICIAL_ACQUISITION_COSTS,29270.0,29270.0,,,trustee_office_fee|broker_purchase_commission
7022,1624000.0,OFFICIAL_VERIFIED,32480.0,2.0,MISSING,,OFFICIAL_VERIFIED,250.0,OFFICIAL_VERIFIED,10.0,OFFICIAL_VERIFIED,10.0,MISSING,MISSING,OFFICIAL_ACQUISITION_COSTS,32750.0,32750.0,,,trustee_office_fee|broker_purchase_commission
884,2334900.0,OFFICIAL_VERIFIED,46698.0,2.0,MISSING,,OFFICIAL_VERIFIED,250.0,OFFICIAL_VERIFIED,10.0,OFFICIAL_VERIFIED,10.0,MISSING,MISSING,OFFICIAL_ACQUISITION_COSTS,46968.0,46968.0,,,trustee_office_fee|broker_purchase_commission
1727,1000000.0,OFFICIAL_VERIFIED,20000.0,2.0,MISSING,,OFFICIAL_VERIFIED,250.0,OFFICIAL_VERIFIED,10.0,OFFICIAL_VERIFIED,10.0,MISSING,MISSING,OFFICIAL_ACQUISITION_COSTS,20270.0,20270.0,,,trustee_office_fee|broker_purchase_commission
5402,1550000.0,OFFICIAL_VERIFIED,31000.0,2.0,MISSING,,OFFICIAL_VERIFIED,250.0,OFFICIAL_VERIFIED,10.0,OFFICIAL_VERIFIED,10.0,MISSING,MISSING,OFFICIAL_ACQUISITION_COSTS,31270.0,31270.0,,,trustee_office_fee|broker_purchase_commission
1745,1391000.0,OFFICIAL_VERIFIED,27820.0,2.0,MISSING,,OFFICIAL_VERIFIED,250.0,OFFICIAL_VERIFIED,10.0,OFFICIAL_VERIFIED,10.0,MISSING,MISSING,OFFICIAL_ACQUISITION_COSTS,28090.0,28090.0,,,trustee_office_fee|broker_purchase_commission
472,715000.0,OFFICIAL_VERIFIED,14300.0,2.0,MISSING,,OFFICIAL_VERIFIED,250.0,OFFICIAL_VERIFIED,10.0,OFFICIAL_VERIFIED,10.0,MISSING,MISSING,OFFICIAL_ACQUISITION_COSTS,14570.0,14570.0,,,trustee_office_fee|broker_purchase_commission
4263,2650000.0,OFFICIAL_VERIFIED,53000.0,2.0,MISSING,,OFFICIAL_VERIFIED,250.0,OFFICIAL_VERIFIED,10.0,OFFICIAL_VERIFIED,10.0,MISSING,MISSING,OFFICIAL_ACQUISITION_COSTS,53270.0,53270.0,,,trustee_office_fee|broker_purchase_commission
6435,848999.0,OFFICIAL_VERIFIED,16979.98,2.0,MISSING,,OFFICIAL_VERIFIED,250.0,OFFICIAL_VERIFIED,10.0,OFFICIAL_VERIFIED,10.0,MISSING,MISSING,OFFICIAL_ACQUISITION_COSTS,17249.98,17249.98,,,trustee_office_fee|broker_purchase_commission
735,3650000.0,OFFICIAL_VERIFIED,73000.0,2.0,MISSING,,OFFICIAL_VERIFIED,250.0,OFFICIAL_VERIFIED,10.0,OFFICIAL_VERIFIED,10.0,MISSING,MISSING,OFFICIAL_ACQUISITION_COSTS,73270.0,73270.0,,,trustee_office_fee|broker_purchase_commission
5081,1708000.0,OFFICIAL_VERIFIED,34160.0,2.0,MISSING,,OFFICIAL_VERIFIED,250.0,OFFICIAL_VERIFIED,10.0,OFFICIAL_VERIFIED,10.0,MISSING,MISSING,OFFICIAL_ACQUISITION_COSTS,34430.0,34430.0,,,trustee_office_fee|broker_purchase_commission
4702,570000.0,OFFICIAL_VERIFIED,11400.0,2.0,MISSING,,OFFICIAL_VERIFIED,250.0,OFFICIAL_VERIFIED,10.0,OFFICIAL_VERIFIED,10.0,MISSING,MISSING,OFFICIAL_ACQUISITION_COSTS,11670.0,11670.0,,,trustee_office_fee|broker_purchase_commission
3027,1400000.0,OFFICIAL_VERIFIED,28000.0,2.0,MISSING,,OFFICIAL_VERIFIED,250.0,OFFICIAL_VERIFIED,10.0,OFFICIAL_VERIFIED,10.0,MISSING,MISSING,OFFICIAL_ACQUISITION_COSTS,28270.0,28270.0,,,trustee_office_fee|broker_purchase_commission
7457,680000.0,OFFICIAL_VERIFIED,13600.0,2.0,MISSING,,OFFICIAL_VERIFIED,250.0,OFFICIAL_VERIFIED,10.0,OFFICIAL_VERIFIED,10.0,MISSING,MISSING,OFFICIAL_ACQUISITION_COSTS,13870.0,13870.0,,,trustee_office_fee|broker_purchase_commission
432,1700000.0,OFFICIAL_VERIFIED,34000.0,2.0,MISSING,,OFFICIAL_VERIFIED,250.0,OFFICIAL_VERIFIED,10.0,OFFICIAL_VERIFIED,10.0,MISSING,MISSING,OFFICIAL_ACQUISITION_COSTS,34270.0,34270.0,,,trustee_office_fee|broker_purchase_commission
4750,850000.0,OFFICIAL_VERIFIED,17000.0,2.0,MISSING,,OFFICIAL_VERIFIED,250.0,OFFICIAL_VERIFIED,10.0,OFFICIAL_VERIFIED,10.0,MISSING,MISSING,OFFICIAL_ACQUISITION_COSTS,17270.0,17270.0,,,trustee_office_fee|broker_purchase_commission
5961,1700000.0,OFFICIAL_VERIFIED,34000.0,2.0,MISSING,,OFFICIAL_VERIFIED,250.0,OFFICIAL_VERIFIED,10.0,OFFICIAL_VERIFIED,10.0,MISSING,MISSING,OFFICIAL_ACQUISITION_COSTS,34270.0,34270.0,,,trustee_office_fee|broker_purchase_commission
7727,840000.0,OFFICIAL_VERIFIED,16800.0,2.0,MISSING,,OFFICIAL_VERIFIED,250.0,OFFICIAL_VERIFIED,10.0,OFFICIAL_VERIFIED,10.0,MISSING,MISSING,OFFICIAL_ACQUISITION_COSTS,17070.0,17070.0,,,trustee_office_fee|broker_purchase_commission
3440,2000000.0,OFFICIAL_VERIFIED,40000.0,2.0,MISSING,,OFFICIAL_VERIFIED,250.0,OFFICIAL_VERIFIED,10.0,OFFICIAL_VERIFIED,10.0,MISSING,MISSING,OFFICIAL_ACQUISITION_COSTS,40270.0,40270.0,,,trustee_office_fee|broker_purchase_commission
3041,1641000.0,OFFICIAL_VERIFIED,32820.0,2.0,MISSING,,OFFICIAL_VERIFIED,250.0,OFFICIAL_VERIFIED,10.0,OFFICIAL_VERIFIED,10.0,MISSING,MISSING,OFFICIAL_ACQUISITION_COSTS,33090.0,33090.0,,,trustee_office_fee|broker_purchase_commission
7285,3000000.0,OFFICIAL_VERIFIED,60000.0,2.0,MISSING,,OFFICIAL_VERIFIED,250.0,OFFICIAL_VERIFIED,10.0,OFFICIAL_VERIFIED,10.0,MISSING,MISSING,OFFICIAL_ACQUISITION_COSTS,60270.0,60270.0,,,trustee_office_fee|broker_purchase_commission
4046,1000000.0,OFFICIAL_VERIFIED,20000.0,2.0,MISSING,,OFFICIAL_VERIFIED,250.0,OFFICIAL_VERIFIED,10.0,OFFICIAL_VERIFIED,10.0,MISSING,MISSING,OFFICIAL_ACQUISITION_COSTS,20270.0,20270.0,,,trustee_office_fee|broker_purchase_commission
4997,970000.0,OFFICIAL_VERIFIED,19400.0,2.0,MISSING,,OFFICIAL_VERIFIED,250.0,OFFICIAL_VERIFIED,10.0,OFFICIAL_VERIFIED,10.0,MISSING,MISSING,OFFICIAL_ACQUISITION_COSTS,19670.0,19670.0,,,trustee_office_fee|broker_purchase_commission
6530,1300000.0,OFFICIAL_VERIFIED,26000.0,2.0,MISSING,,OFFICIAL_VERIFIED,250.0,OFFICIAL_VERIFIED,10.0,OFFICIAL_VERIFIED,10.0,MISSING,MISSING,OFFICIAL_ACQUISITION_COSTS,26270.0,26270.0,,,trustee_office_fee|broker_purchase_commission
1976,620000.0,OFFICIAL_VERIFIED,12400.0,2.0,MISSING,,OFFICIAL_VERIFIED,250.0,OFFICIAL_VERIFIED,10.0,OFFICIAL_VERIFIED,10.0,MISSING,MISSING,OFFICIAL_ACQUISITION_COSTS,12670.0,12670.0,,,trustee_office_fee|broker_purchase_commission
1824,1102050.0,OFFICIAL_VERIFIED,22041.0,2.0,MISSING,,OFFICIAL_VERIFIED,250.0,OFFICIAL_VERIFIED,10.0,OFFICIAL_VERIFIED,10.0,MISSING,MISSING,OFFICIAL_ACQUISITION_COSTS,22311.0,22311.0,,,trustee_office_fee|broker_purchase_commission
2645,2821460.0,OFFICIAL_VERIFIED,56429.2,2.0,MISSING,,OFFICIAL_VERIFIED,250.0,OFFICIAL_VERIFIED,10.0,OFFICIAL_VERIFIED,10.0,MISSING,MISSING,OFFICIAL_ACQUISITION_COSTS,56699.2,56699.2,,,trustee_office_fee|broker_purchase_commission
87,1600000.0,OFFICIAL_VERIFIED,32000.0,2.0,MISSING,,OFFICIAL_VERIFIED,250.0,OFFICIAL_VERIFIED,10.0,OFFICIAL_VERIFIED,10.0,MISSING,MISSING,OFFICIAL_ACQUISITION_COSTS,32270.0,32270.0,,,trustee_office_fee|broker_purchase_commission
3160,1225000.0,OFFICIAL_VERIFIED,24500.0,2.0,MISSING,,OFFICIAL_VERIFIED,250.0,OFFICIAL_VERIFIED,10.0,OFFICIAL_VERIFIED,10.0,MISSING,MISSING,OFFICIAL_ACQUISITION_COSTS,24770.0,24770.0,,,trustee_office_fee|broker_purchase_commission
8262,1700000.0,OFFICIAL_VERIFIED,34000.0,2.0,MISSING,,OFFICIAL_VERIFIED,250.0,OFFICIAL_VERIFIED,10.0,OFFICIAL_VERIFIED,10.0,MISSING,MISSING,OFFICIAL_ACQUISITION_COSTS,34270.0,34270.0,,,trustee_office_fee|broker_purchase_commission
4872,1650000.0,OFFICIAL_VERIFIED,33000.0,2.0,MISSING,,OFFICIAL_VERIFIED,250.0,OFFICIAL_VERIFIED,10.0,OFFICIAL_VERIFIED,10.0,MISSING,MISSING,OFFICIAL_ACQUISITION_COSTS,33270.0,33270.0,,,trustee_office_fee|broker_purchase_commission
5193,540000.0,OFFICIAL_VERIFIED,10800.0,2.0,MISSING,,OFFICIAL_VERIFIED,250.0,OFFICIAL_VERIFIED,10.0,OFFICIAL_VERIFIED,10.0,MISSING,MISSING,OFFICIAL_ACQUISITION_COSTS,11070.0,11070.0,,,trustee_office_fee|broker_purchase_commission
7780,725000.0,OFFICIAL_VERIFIED,14500.0,2.0,MISSING,,OFFICIAL_VERIFIED,250.0,OFFICIAL_VERIFIED,10.0,OFFICIAL_VERIFIED,10.0,MISSING,MISSING,OFFICIAL_ACQUISITION_COSTS,14770.0,14770.0,,,trustee_office_fee|broker_purchase_commission
107,1100000.0,OFFICIAL_VERIFIED,22000.0,2.0,MISSING,,OFFICIAL_VERIFIED,250.0,OFFICIAL_VERIFIED,10.0,OFFICIAL_VERIFIED,10.0,MISSING,MISSING,OFFICIAL_ACQUISITION_COSTS,22270.0,22270.0,,,trustee_office_fee|broker_purchase_commission
914,580000.0,OFFICIAL_VERIFIED,11600.0,2.0,MISSING,,OFFICIAL_VERIFIED,250.0,OFFICIAL_VERIFIED,10.0,OFFICIAL_VERIFIED,10.0,MISSING,MISSING,OFFICIAL_ACQUISITION_COSTS,11870.0,11870.0,,,trustee_office_fee|broker_purchase_commission
6630,1500000.0,OFFICIAL_VERIFIED,30000.0,2.0,MISSING,,OFFICIAL_VERIFIED,250.0,OFFICIAL_VERIFIED,10.0,OFFICIAL_VERIFIED,10.0,MISSING,MISSING,OFFICIAL_ACQUISITION_COSTS,30270.0,30270.0,,,trustee_office_fee|broker_purchase_commission
800,1420000.0,OFFICIAL_VERIFIED,28400.0,2.0,MISSING,,OFFICIAL_VERIFIED,250.0,OFFICIAL_VERIFIED,10.0,OFFICIAL_VERIFIED,10.0,MISSING,MISSING,OFFICIAL_ACQUISITION_COSTS,28670.0,28670.0,,,trustee_office_fee|broker_purchase_commission
7669,625000.0,OFFICIAL_VERIFIED,12500.0,2.0,MISSING,,OFFICIAL_VERIFIED,250.0,OFFICIAL_VERIFIED,10.0,OFFICIAL_VERIFIED,10.0,MISSING,MISSING,OFFICIAL_ACQUISITION_COSTS,12770.0,12770.0,,,trustee_office_fee|broker_purchase_commission
5582,2900000.0,OFFICIAL_VERIFIED,58000.0,2.0,MISSING,,OFFICIAL_VERIFIED,250.0,OFFICIAL_VERIFIED,10.0,OFFICIAL_VERIFIED,10.0,MISSING,MISSING,OFFICIAL_ACQUISITION_COSTS,58270.0,58270.0,,,trustee_office_fee|broker_purchase_commission
414,1020000.0,OFFICIAL_VERIFIED,20400.0,2.0,MISSING,,OFFICIAL_VERIFIED,250.0,OFFICIAL_VERIFIED,10.0,OFFICIAL_VERIFIED,10.0,MISSING,MISSING,OFFICIAL_ACQUISITION_COSTS,20670.0,20670.0,,,trustee_office_fee|broker_purchase_commission
2184,6500000.0,OFFICIAL_VERIFIED,130000.0,2.0,MISSING,,OFFICIAL_VERIFIED,250.0,OFFICIAL_VERIFIED,10.0,OFFICIAL_VERIFIED,10.0,MISSING,MISSING,OFFICIAL_ACQUISITION_COSTS,130270.0,130270.0,,,trustee_office_fee|broker_purchase_commission
5579,2000000.0,OFFICIAL_VERIFIED,40000.0,2.0,MISSING,,OFFICIAL_VERIFIED,250.0,OFFICIAL_VERIFIED,10.0,OFFICIAL_VERIFIED,10.0,MISSING,MISSING,OFFICIAL_ACQUISITION_COSTS,40270.0,40270.0,,,trustee_office_fee|broker_purchase_commission
184,865110.0,OFFICIAL_VERIFIED,17302.2,2.0,MISSING,,OFFICIAL_VERIFIED,250.0,OFFICIAL_VERIFIED,10.0,OFFICIAL_VERIFIED,10.0,MISSING,MISSING,OFFICIAL_ACQUISITION_COSTS,17572.2,17572.2,,,trustee_office_fee|broker_purchase_commission
4461,2767000.0,OFFICIAL_VERIFIED,55340.0,2.0,MISSING,,OFFICIAL_VERIFIED,250.0,OFFICIAL_VERIFIED,10.0,OFFICIAL_VERIFIED,10.0,MISSING,MISSING,OFFICIAL_ACQUISITION_COSTS,55610.0,55610.0,,,trustee_office_fee|broker_purchase_commission
2313,1100000.0,OFFICIAL_VERIFIED,22000.0,2.0,MISSING,,OFFICIAL_VERIFIED,250.0,OFFICIAL_VERIFIED,10.0,OFFICIAL_VERIFIED,10.0,MISSING,MISSING,OFFICIAL_ACQUISITION_COSTS,22270.0,22270.0,,,trustee_office_fee|broker_purchase_commission
5683,1500000.0,OFFICIAL_VERIFIED,30000.0,2.0,MISSING,,OFFICIAL_VERIFIED,250.0,OFFICIAL_VERIFIED,10.0,OFFICIAL_VERIFIED,10.0,MISSING,MISSING,OFFICIAL_ACQUISITION_COSTS,30270.0,30270.0,,,trustee_office_fee|broker_purchase_commission
3522,1820770.0,OFFICIAL_VERIFIED,36415.4,2.0,MISSING,,OFFICIAL_VERIFIED,250.0,OFFICIAL_VERIFIED,10.0,OFFICIAL_VERIFIED,10.0,MISSING,MISSING,OFFICIAL_ACQUISITION_COSTS,36685.4,36685.4,,,trustee_office_fee|broker_purchase_commission
3451,1100000.0,OFFICIAL_VERIFIED,22000.0,2.0,MISSING,,OFFICIAL_VERIFIED,250.0,OFFICIAL_VERIFIED,10.0,OFFICIAL_VERIFIED,10.0,MISSING,MISSING,OFFICIAL_ACQUISITION_COSTS,22270.0,22270.0,,,trustee_office_fee|broker_purchase_commission
4817,1000000.0,OFFICIAL_VERIFIED,20000.0,2.0,MISSING,,OFFICIAL_VERIFIED,250.0,OFFICIAL_VERIFIED,10.0,OFFICIAL_VERIFIED,10.0,MISSING,MISSING,OFFICIAL_ACQUISITION_COSTS,20270.0,20270.0,,,trustee_office_fee|broker_purchase_commission
5801,690000.0,OFFICIAL_VERIFIED,13800.0,2.0,MISSING,,OFFICIAL_VERIFIED,250.0,OFFICIAL_VERIFIED,10.0,OFFICIAL_VERIFIED,10.0,MISSING,MISSING,OFFICIAL_ACQUISITION_COSTS,14070.0,14070.0,,,trustee_office_fee|broker_purchase_commission
3265,950000.0,OFFICIAL_VERIFIED,19000.0,2.0,MISSING,,OFFICIAL_VERIFIED,250.0,OFFICIAL_VERIFIED,10.0,OFFICIAL_VERIFIED,10.0,MISSING,MISSING,OFFICIAL_ACQUISITION_COSTS,19270.0,19270.0,,,trustee_office_fee|broker_purchase_commission
5303,650000.0,OFFICIAL_VERIFIED,13000.0,2.0,MISSING,,OFFICIAL_VERIFIED,250.0,OFFICIAL_VERIFIED,10.0,OFFICIAL_VERIFIED,10.0,MISSING,MISSING,OFFICIAL_ACQUISITION_COSTS,13270.0,13270.0,,,trustee_office_fee|broker_purchase_commission
8120,925000.0,OFFICIAL_VERIFIED,18500.0,2.0,MISSING,,OFFICIAL_VERIFIED,250.0,OFFICIAL_VERIFIED,10.0,OFFICIAL_VERIFIED,10.0,MISSING,MISSING,OFFICIAL_ACQUISITION_COSTS,18770.0,18770.0,,,trustee_office_fee|broker_purchase_commission
5528,3700000.0,OFFICIAL_VERIFIED,74000.0,2.0,MISSING,,OFFICIAL_VERIFIED,250.0,OFFICIAL_VERIFIED,10.0,OFFICIAL_VERIFIED,10.0,MISSING,MISSING,OFFICIAL_ACQUISITION_COSTS,74270.0,74270.0,,,trustee_office_fee|broker_purchase_commission
7449,2800000.0,OFFICIAL_VERIFIED,56000.0,2.0,MISSING,,OFFICIAL_VERIFIED,250.0,OFFICIAL_VERIFIED,10.0,OFFICIAL_VERIFIED,10.0,MISSING,MISSING,OFFICIAL_ACQUISITION_COSTS,56270.0,56270.0,,,trustee_office_fee|broker_purchase_commission
6056,6300000.0,OFFICIAL_VERIFIED,126000.0,2.0,MISSING,,OFFICIAL_VERIFIED,250.0,OFFICIAL_VERIFIED,10.0,OFFICIAL_VERIFIED,10.0,MISSING,MISSING,OFFICIAL_ACQUISITION_COSTS,126270.0,126270.0,,,trustee_office_fee|broker_purchase_commission
1656,987000.0,OFFICIAL_VERIFIED,19740.0,2.0,MISSING,,OFFICIAL_VERIFIED,250.0,OFFICIAL_VERIFIED,10.0,OFFICIAL_VERIFIED,10.0,MISSING,MISSING,OFFICIAL_ACQUISITION_COSTS,20010.0,20010.0,,,trustee_office_fee|broker_purchase_commission
7378,2900000.0,OFFICIAL_VERIFIED,58000.0,2.0,MISSING,,OFFICIAL_VERIFIED,250.0,OFFICIAL_VERIFIED,10.0,OFFICIAL_VERIFIED,10.0,MISSING,MISSING,OFFICIAL_ACQUISITION_COSTS,58270.0,58270.0,,,trustee_office_fee|broker_purchase_commission
1355,2800000.0,OFFICIAL_VERIFIED,56000.0,2.0,MISSING,,OFFICIAL_VERIFIED,250.0,OFFICIAL_VERIFIED,10.0,OFFICIAL_VERIFIED,10.0,MISSING,MISSING,OFFICIAL_ACQUISITION_COSTS,56270.0,56270.0,,,trustee_office_fee|broker_purchase_commission
7918,1990000.0,OFFICIAL_VERIFIED,39800.0,2.0,MISSING,,OFFICIAL_VERIFIED,250.0,OFFICIAL_VERIFIED,10.0,OFFICIAL_VERIFIED,10.0,MISSING,MISSING,OFFICIAL_ACQUISITION_COSTS,40070.0,40070.0,,,trustee_office_fee|broker_purchase_commission
5431,700000.0,OFFICIAL_VERIFIED,14000.0,2.0,MISSING,,OFFICIAL_VERIFIED,250.0,OFFICIAL_VERIFIED,10.0,OFFICIAL_VERIFIED,10.0,MISSING,MISSING,OFFICIAL_ACQUISITION_COSTS,14270.0,14270.0,,,trustee_office_fee|broker_purchase_commission
1118,1800000.0,OFFICIAL_VERIFIED,36000.0,2.0,MISSING,,OFFICIAL_VERIFIED,250.0,OFFICIAL_VERIFIED,10.0,OFFICIAL_VERIFIED,10.0,MISSING,MISSING,OFFICIAL_ACQUISITION_COSTS,36270.0,36270.0,,,trustee_office_fee|broker_purchase_commission
2620,1516000.0,OFFICIAL_VERIFIED,30320.0,2.0,MISSING,,OFFICIAL_VERIFIED,250.0,OFFICIAL_VERIFIED,10.0,OFFICIAL_VERIFIED,10.0,MISSING,MISSING,OFFICIAL_ACQUISITION_COSTS,30590.0,30590.0,,,trustee_office_fee|broker_purchase_commission
2965,2500000.0,OFFICIAL_VERIFIED,50000.0,2.0,MISSING,,OFFICIAL_VERIFIED,250.0,OFFICIAL_VERIFIED,10.0,OFFICIAL_VERIFIED,10.0,MISSING,MISSING,OFFICIAL_ACQUISITION_COSTS,50270.0,50270.0,,,trustee_office_fee|broker_purchase_commission
3766,2500000.0,OFFICIAL_VERIFIED,50000.0,2.0,MISSING,,OFFICIAL_VERIFIED,250.0,OFFICIAL_VERIFIED,10.0,OFFICIAL_VERIFIED,10.0,MISSING,MISSING,OFFICIAL_ACQUISITION_COSTS,50270.0,50270.0,,,trustee_office_fee|broker_purchase_commission
6032,1350000.0,OFFICIAL_VERIFIED,27000.0,2.0,MISSING,,OFFICIAL_VERIFIED,250.0,OFFICIAL_VERIFIED,10.0,OFFICIAL_VERIFIED,10.0,MISSING,MISSING,OFFICIAL_ACQUISITION_COSTS,27270.0,27270.0,,,trustee_office_fee|broker_purchase_commission
1227,4290000.0,OFFICIAL_VERIFIED,85800.0,2.0,MISSING,,OFFICIAL_VERIFIED,250.0,OFFICIAL_VERIFIED,10.0,OFFICIAL_VERIFIED,10.0,MISSING,MISSING,OFFICIAL_ACQUISITION_COSTS,86070.0,86070.0,,,trustee_office_fee|broker_purchase_commission
5652,2200000.0,OFFICIAL_VERIFIED,44000.0,2.0,MISSING,,OFFICIAL_VERIFIED,250.0,OFFICIAL_VERIFIED,10.0,OFFICIAL_VERIFIED,10.0,MISSING,MISSING,OFFICIAL_ACQUISITION_COSTS,44270.0,44270.0,,,trustee_office_fee|broker_purchase_commission
6113,2000000.0,OFFICIAL_VERIFIED,40000.0,2.0,MISSING,,OFFICIAL_VERIFIED,250.0,OFFICIAL_VERIFIED,10.0,OFFICIAL_VERIFIED,10.0,MISSING,MISSING,OFFICIAL_ACQUISITION_COSTS,40270.0,40270.0,,,trustee_office_fee|broker_purchase_commission
5860,4900000.0,OFFICIAL_VERIFIED,98000.0,2.0,MISSING,,OFFICIAL_VERIFIED,250.0,OFFICIAL_VERIFIED,10.0,OFFICIAL_VERIFIED,10.0,MISSING,MISSING,OFFICIAL_ACQUISITION_COSTS,98270.0,98270.0,,,trustee_office_fee|broker_purchase_commission
2951,1060000.0,OFFICIAL_VERIFIED,21200.0,2.0,MISSING,,OFFICIAL_VERIFIED,250.0,OFFICIAL_VERIFIED,10.0,OFFICIAL_VERIFIED,10.0,MISSING,MISSING,OFFICIAL_ACQUISITION_COSTS,21470.0,21470.0,,,trustee_office_fee|broker_purchase_commission
2265,1300000.0,OFFICIAL_VERIFIED,26000.0,2.0,MISSING,,OFFICIAL_VERIFIED,250.0,OFFICIAL_VERIFIED,10.0,OFFICIAL_VERIFIED,10.0,MISSING,MISSING,OFFICIAL_ACQUISITION_COSTS,26270.0,26270.0,,,trustee_office_fee|broker_purchase_commission
7137,1687500.0,OFFICIAL_VERIFIED,33750.0,2.0,MISSING,,OFFICIAL_VERIFIED,250.0,OFFICIAL_VERIFIED,10.0,OFFICIAL_VERIFIED,10.0,MISSING,MISSING,OFFICIAL_ACQUISITION_COSTS,34020.0,34020.0,,,trustee_office_fee|broker_purchase_commission
5156,3150000.0,OFFICIAL_VERIFIED,63000.0,2.0,MISSING,,OFFICIAL_VERIFIED,250.0,OFFICIAL_VERIFIED,10.0,OFFICIAL_VERIFIED,10.0,MISSING,MISSING,OFFICIAL_ACQUISITION_COSTS,63270.0,63270.0,,,trustee_office_fee|broker_purchase_commission
3167,1300000.0,OFFICIAL_VERIFIED,26000.0,2.0,MISSING,,OFFICIAL_VERIFIED,250.0,OFFICIAL_VERIFIED,10.0,OFFICIAL_VERIFIED,10.0,MISSING,MISSING,OFFICIAL_ACQUISITION_COSTS,26270.0,26270.0,,,trustee_office_fee|broker_purchase_commission
3599,1150000.0,OFFICIAL_VERIFIED,23000.0,2.0,MISSING,,OFFICIAL_VERIFIED,250.0,OFFICIAL_VERIFIED,10.0,OFFICIAL_VERIFIED,10.0,MISSING,MISSING,OFFICIAL_ACQUISITION_COSTS,23270.0,23270.0,,,trustee_office_fee|broker_purchase_commission
4716,1488320.0,OFFICIAL_VERIFIED,29766.4,2.0,MISSING,,OFFICIAL_VERIFIED,250.0,OFFICIAL_VERIFIED,10.0,OFFICIAL_VERIFIED,10.0,MISSING,MISSING,OFFICIAL_ACQUISITION_COSTS,30036.4,30036.4,,,trustee_office_fee|broker_purchase_commission
6553,1101000.0,OFFICIAL_VERIFIED,22020.0,2.0,MISSING,,OFFICIAL_VERIFIED,250.0,OFFICIAL_VERIFIED,10.0,OFFICIAL_VERIFIED,10.0,MISSING,MISSING,OFFICIAL_ACQUISITION_COSTS,22290.0,22290.0,,,trustee_office_fee|broker_purchase_commission
655,1200000.0,OFFICIAL_VERIFIED,24000.0,2.0,MISSING,,OFFICIAL_VERIFIED,250.0,OFFICIAL_VERIFIED,10.0,OFFICIAL_VERIFIED,10.0,MISSING,MISSING,OFFICIAL_ACQUISITION_COSTS,24270.0,24270.0,,,trustee_office_fee|broker_purchase_commission
6176,1500000.0,OFFICIAL_VERIFIED,30000.0,2.0,MISSING,,OFFICIAL_VERIFIED,250.0,OFFICIAL_VERIFIED,10.0,OFFICIAL_VERIFIED,10.0,MISSING,MISSING,OFFICIAL_ACQUISITION_COSTS,30270.0,30270.0,,,trustee_office_fee|broker_purchase_commission
3901,1900000.0,OFFICIAL_VERIFIED,38000.0,2.0,MISSING,,OFFICIAL_VERIFIED,250.0,OFFICIAL_VERIFIED,10.0,OFFICIAL_VERIFIED,10.0,MISSING,MISSING,OFFICIAL_ACQUISITION_COSTS,38270.0,38270.0,,,trustee_office_fee|broker_purchase_commission
2252,5100000.0,OFFICIAL_VERIFIED,102000.0,2.0,MISSING,,OFFICIAL_VERIFIED,250.0,OFFICIAL_VERIFIED,10.0,OFFICIAL_VERIFIED,10.0,MISSING,MISSING,OFFICIAL_ACQUISITION_COSTS,102270.0,102270.0,,,trustee_office_fee|broker_purchase_commission
3533,1041600.0,OFFICIAL_VERIFIED,20832.0,2.0,MISSING,,OFFICIAL_VERIFIED,250.0,OFFICIAL_VERIFIED,10.0,OFFICIAL_VERIFIED,10.0,MISSING,MISSING,OFFICIAL_ACQUISITION_COSTS,21102.0,21102.0,,,trustee_office_fee|broker_purchase_commission
7292,1624350.0,OFFICIAL_VERIFIED,32487.0,2.0,MISSING,,OFFICIAL_VERIFIED,250.0,OFFICIAL_VERIFIED,10.0,OFFICIAL_VERIFIED,10.0,MISSING,MISSING,OFFICIAL_ACQUISITION_COSTS,32757.0,32757.0,,,trustee_office_fee|broker_purchase_commission
1113,2530000.0,OFFICIAL_VERIFIED,50600.0,2.0,MISSING,,OFFICIAL_VERIFIED,250.0,OFFICIAL_VERIFIED,10.0,OFFICIAL_VERIFIED,10.0,MISSING,MISSING,OFFICIAL_ACQUISITION_COSTS,50870.0,50870.0,,,trustee_office_fee|broker_purchase_commission
5097,1904000.0,OFFICIAL_VERIFIED,38080.0,2.0,MISSING,,OFFICIAL_VERIFIED,250.0,OFFICIAL_VERIFIED,10.0,OFFICIAL_VERIFIED,10.0,MISSING,MISSING,OFFICIAL_ACQUISITION_COSTS,38350.0,38350.0,,,trustee_office_fee|broker_purchase_commission
8019,2477000.0,OFFICIAL_VERIFIED,49540.0,2.0,MISSING,,OFFICIAL_VERIFIED,250.0,OFFICIAL_VERIFIED,10.0,OFFICIAL_VERIFIED,10.0,MISSING,MISSING,OFFICIAL_ACQUISITION_COSTS,49810.0,49810.0,,,trustee_office_fee|broker_purchase_commission
7841,1908900.0,OFFICIAL_VERIFIED,38178.0,2.0,MISSING,,OFFICIAL_VERIFIED,250.0,OFFICIAL_VERIFIED,10.0,OFFICIAL_VERIFIED,10.0,MISSING,MISSING,OFFICIAL_ACQUISITION_COSTS,38448.0,38448.0,,,trustee_office_fee|broker_purchase_commission
6904,931000.0,OFFICIAL_VERIFIED,18620.0,2.0,MISSING,,OFFICIAL_VERIFIED,250.0,OFFICIAL_VERIFIED,10.0,OFFICIAL_VERIFIED,10.0,MISSING,MISSING,OFFICIAL_ACQUISITION_COSTS,18890.0,18890.0,,,trustee_office_fee|broker_purchase_commission
3668,2702660.0,OFFICIAL_VERIFIED,54053.2,2.0,MISSING,,OFFICIAL_VERIFIED,250.0,OFFICIAL_VERIFIED,10.0,OFFICIAL_VERIFIED,10.0,MISSING,MISSING,OFFICIAL_ACQUISITION_COSTS,54323.2,54323.2,,,trustee_office_fee|broker_purchase_commission
7061,4500000.0,OFFICIAL_VERIFIED,90000.0,2.0,MISSING,,OFFICIAL_VERIFIED,250.0,OFFICIAL_VERIFIED,10.0,OFFICIAL_VERIFIED,10.0,MISSING,MISSING,OFFICIAL_ACQUISITION_COSTS,90270.0,90270.0,,,trustee_office_fee|broker_purchase_commission
392,2576780.0,OFFICIAL_VERIFIED,51535.6,2.0,MISSING,,OFFICIAL_VERIFIED,250.0,OFFICIAL_VERIFIED,10.0,OFFICIAL_VERIFIED,10.0,MISSING,MISSING,OFFICIAL_ACQUISITION_COSTS,51805.6,51805.6,,,trustee_office_fee|broker_purchase_commission
3190,3667000.0,OFFICIAL_VERIFIED,73340.0,2.0,MISSING,,OFFICIAL_VERIFIED,250.0,OFFICIAL_VERIFIED,10.0,OFFICIAL_VERIFIED,10.0,MISSING,MISSING,OFFICIAL_ACQUISITION_COSTS,73610.0,73610.0,,,trustee_office_fee|broker_purchase_commission
7930,7826920.0,OFFICIAL_VERIFIED,156538.4,2.0,MISSING,,OFFICIAL_VERIFIED,250.0,OFFICIAL_VERIFIED,10.0,OFFICIAL_VERIFIED,10.0,MISSING,MISSING,OFFICIAL_ACQUISITION_COSTS,156808.4,156808.4,,,trustee_office_fee|broker_purchase_commission
6954,2000000.0,OFFICIAL_VERIFIED,40000.0,2.0,MISSING,,OFFICIAL_VERIFIED,250.0,OFFICIAL_VERIFIED,10.0,OFFICIAL_VERIFIED,10.0,MISSING,MISSING,OFFICIAL_ACQUISITION_COSTS,40270.0,40270.0,,,trustee_office_fee|broker_purchase_commission
6473,950000.0,OFFICIAL_VERIFIED,19000.0,2.0,MISSING,,OFFICIAL_VERIFIED,250.0,OFFICIAL_VERIFIED,10.0,OFFICIAL_VERIFIED,10.0,MISSING,MISSING,OFFICIAL_ACQUISITION_COSTS,19270.0,19270.0,,,trustee_office_fee|broker_purchase_commission
2378,985000.0,OFFICIAL_VERIFIED,19700.0,2.0,MISSING,,OFFICIAL_VERIFIED,250.0,OFFICIAL_VERIFIED,10.0,OFFICIAL_VERIFIED,10.0,MISSING,MISSING,OFFICIAL_ACQUISITION_COSTS,19970.0,19970.0,,,trustee_office_fee|broker_purchase_commission
6690,849501.0,OFFICIAL_VERIFIED,16990.02,2.0,MISSING,,OFFICIAL_VERIFIED,250.0,OFFICIAL_VERIFIED,10.0,OFFICIAL_VERIFIED,10.0,MISSING,MISSING,OFFICIAL_ACQUISITION_COSTS,17260.02,17260.02,,,trustee_office_fee|broker_purchase_commission
3194,6800000.0,OFFICIAL_VERIFIED,136000.0,2.0,MISSING,,OFFICIAL_VERIFIED,250.0,OFFICIAL_VERIFIED,10.0,OFFICIAL_VERIFIED,10.0,MISSING,MISSING,OFFICIAL_ACQUISITION_COSTS,136270.0,136270.0,,,trustee_office_fee|broker_purchase_commission
3276,1428000.0,OFFICIAL_VERIFIED,28560.0,2.0,MISSING,,OFFICIAL_VERIFIED,250.0,OFFICIAL_VERIFIED,10.0,OFFICIAL_VERIFIED,10.0,MISSING,MISSING,OFFICIAL_ACQUISITION_COSTS,28830.0,28830.0,,,trustee_office_fee|broker_purchase_commission
1208,2100000.0,OFFICIAL_VERIFIED,42000.0,2.0,MISSING,,OFFICIAL_VERIFIED,250.0,OFFICIAL_VERIFIED,10.0,OFFICIAL_VERIFIED,10.0,MISSING,MISSING,OFFICIAL_ACQUISITION_COSTS,42270.0,42270.0,,,trustee_office_fee|broker_purchase_commission
7157,4180000.0,OFFICIAL_VERIFIED,83600.0,2.0,MISSING,,OFFICIAL_VERIFIED,250.0,OFFICIAL_VERIFIED,10.0,OFFICIAL_VERIFIED,10.0,MISSING,MISSING,OFFICIAL_ACQUISITION_COSTS,83870.0,83870.0,,,trustee_office_fee|broker_purchase_commission
5646,1701520.0,OFFICIAL_VERIFIED,34030.4,2.0,MISSING,,OFFICIAL_VERIFIED,250.0,OFFICIAL_VERIFIED,10.0,OFFICIAL_VERIFIED,10.0,MISSING,MISSING,OFFICIAL_ACQUISITION_COSTS,34300.4,34300.4,,,trustee_office_fee|broker_purchase_commission
6316,5500000.0,OFFICIAL_VERIFIED,110000.0,2.0,MISSING,,OFFICIAL_VERIFIED,250.0,OFFICIAL_VERIFIED,10.0,OFFICIAL_VERIFIED,10.0,MISSING,MISSING,OFFICIAL_ACQUISITION_COSTS,110270.0,110270.0,,,trustee_office_fee|broker_purchase_commission
1588,1811000.0,OFFICIAL_VERIFIED,36220.0,2.0,MISSING,,OFFICIAL_VERIFIED,250.0,OFFICIAL_VERIFIED,10.0,OFFICIAL_VERIFIED,10.0,MISSING,MISSING,OFFICIAL_ACQUISITION_COSTS,36490.0,36490.0,,,trustee_office_fee|broker_purchase_commission
5216,1850000.0,OFFICIAL_VERIFIED,37000.0,2.0,MISSING,,OFFICIAL_VERIFIED,250.0,OFFICIAL_VERIFIED,10.0,OFFICIAL_VERIFIED,10.0,MISSING,MISSING,OFFICIAL_ACQUISITION_COSTS,37270.0,37270.0,,,trustee_office_fee|broker_purchase_commission
1746,950000.0,OFFICIAL_VERIFIED,19000.0,2.0,MISSING,,OFFICIAL_VERIFIED,250.0,OFFICIAL_VERIFIED,10.0,OFFICIAL_VERIFIED,10.0,MISSING,MISSING,OFFICIAL_ACQUISITION_COSTS,19270.0,19270.0,,,trustee_office_fee|broker_purchase_commission
2185,1450000.0,OFFICIAL_VERIFIED,29000.0,2.0,MISSING,,OFFICIAL_VERIFIED,250.0,OFFICIAL_VERIFIED,10.0,OFFICIAL_VERIFIED,10.0,MISSING,MISSING,OFFICIAL_ACQUISITION_COSTS,29270.0,29270.0,,,trustee_office_fee|broker_purchase_commission
2859,880000.0,OFFICIAL_VERIFIED,17600.0,2.0,MISSING,,OFFICIAL_VERIFIED,250.0,OFFICIAL_VERIFIED,10.0,OFFICIAL_VERIFIED,10.0,MISSING,MISSING,OFFICIAL_ACQUISITION_COSTS,17870.0,17870.0,,,trustee_office_fee|broker_purchase_commission
3453,600000.0,OFFICIAL_VERIFIED,12000.0,2.0,MISSING,,OFFICIAL_VERIFIED,250.0,OFFICIAL_VERIFIED,10.0,OFFICIAL_VERIFIED,10.0,MISSING,MISSING,OFFICIAL_ACQUISITION_COSTS,12270.0,12270.0,,,trustee_office_fee|broker_purchase_commission
7299,1099000.0,OFFICIAL_VERIFIED,21980.0,2.0,MISSING,,OFFICIAL_VERIFIED,250.0,OFFICIAL_VERIFIED,10.0,OFFICIAL_VERIFIED,10.0,MISSING,MISSING,OFFICIAL_ACQUISITION_COSTS,22250.0,22250.0,,,trustee_office_fee|broker_purchase_commission
4695,1250000.0,OFFICIAL_VERIFIED,25000.0,2.0,MISSING,,OFFICIAL_VERIFIED,250.0,OFFICIAL_VERIFIED,10.0,OFFICIAL_VERIFIED,10.0,MISSING,MISSING,OFFICIAL_ACQUISITION_COSTS,25270.0,25270.0,,,trustee_office_fee|broker_purchase_commission
2785,1700000.0,OFFICIAL_VERIFIED,34000.0,2.0,MISSING,,OFFICIAL_VERIFIED,250.0,OFFICIAL_VERIFIED,10.0,OFFICIAL_VERIFIED,10.0,MISSING,MISSING,OFFICIAL_ACQUISITION_COSTS,34270.0,34270.0,,,trustee_office_fee|broker_purchase_commission
802,2057000.0,OFFICIAL_VERIFIED,41140.0,2.0,MISSING,,OFFICIAL_VERIFIED,250.0,OFFICIAL_VERIFIED,10.0,OFFICIAL_VERIFIED,10.0,MISSING,MISSING,OFFICIAL_ACQUISITION_COSTS,41410.0,41410.0,,,trustee_office_fee|broker_purchase_commission
2166,2300000.0,OFFICIAL_VERIFIED,46000.0,2.0,MISSING,,OFFICIAL_VERIFIED,250.0,OFFICIAL_VERIFIED,10.0,OFFICIAL_VERIFIED,10.0,MISSING,MISSING,OFFICIAL_ACQUISITION_COSTS,46270.0,46270.0,,,trustee_office_fee|broker_purchase_commission
4286,924374.0,OFFICIAL_VERIFIED,18487.48,2.0,MISSING,,OFFICIAL_VERIFIED,250.0,OFFICIAL_VERIFIED,10.0,OFFICIAL_VERIFIED,10.0,MISSING,MISSING,OFFICIAL_ACQUISITION_COSTS,18757.48,18757.48,,,trustee_office_fee|broker_purchase_commission
7412,1300000.0,OFFICIAL_VERIFIED,26000.0,2.0,MISSING,,OFFICIAL_VERIFIED,250.0,OFFICIAL_VERIFIED,10.0,OFFICIAL_VERIFIED,10.0,MISSING,MISSING,OFFICIAL_ACQUISITION_COSTS,26270.0,26270.0,,,trustee_office_fee|broker_purchase_commission
5104,1670000.0,OFFICIAL_VERIFIED,33400.0,2.0,MISSING,,OFFICIAL_VERIFIED,250.0,OFFICIAL_VERIFIED,10.0,OFFICIAL_VERIFIED,10.0,MISSING,MISSING,OFFICIAL_ACQUISITION_COSTS,33670.0,33670.0,,,trustee_office_fee|broker_purchase_commission
5793,2238000.0,OFFICIAL_VERIFIED,44760.0,2.0,MISSING,,OFFICIAL_VERIFIED,250.0,OFFICIAL_VERIFIED,10.0,OFFICIAL_VERIFIED,10.0,MISSING,MISSING,OFFICIAL_ACQUISITION_COSTS,45030.0,45030.0,,,trustee_office_fee|broker_purchase_commission
1298,9800000.0,OFFICIAL_VERIFIED,196000.0,2.0,MISSING,,OFFICIAL_VERIFIED,250.0,OFFICIAL_VERIFIED,10.0,OFFICIAL_VERIFIED,10.0,MISSING,MISSING,OFFICIAL_ACQUISITION_COSTS,196270.0,196270.0,,,trustee_office_fee|broker_purchase_commission
5983,25750000.0,OFFICIAL_VERIFIED,515000.0,2.0,MISSING,,OFFICIAL_VERIFIED,250.0,OFFICIAL_VERIFIED,10.0,OFFICIAL_VERIFIED,10.0,MISSING,MISSING,OFFICIAL_ACQUISITION_COSTS,515270.0,515270.0,,,trustee_office_fee|broker_purchase_commission
4432,1175000.0,OFFICIAL_VERIFIED,23500.0,2.0,MISSING,,OFFICIAL_VERIFIED,250.0,OFFICIAL_VERIFIED,10.0,OFFICIAL_VERIFIED,10.0,MISSING,MISSING,OFFICIAL_ACQUISITION_COSTS,23770.0,23770.0,,,trustee_office_fee|broker_purchase_commission
4762,1300000.0,OFFICIAL_VERIFIED,26000.0,2.0,MISSING,,OFFICIAL_VERIFIED,250.0,OFFICIAL_VERIFIED,10.0,OFFICIAL_VERIFIED,10.0,MISSING,MISSING,OFFICIAL_ACQUISITION_COSTS,26270.0,26270.0,,,trustee_office_fee|broker_purchase_commission
2266,1300000.0,OFFICIAL_VERIFIED,26000.0,2.0,MISSING,,OFFICIAL_VERIFIED,250.0,OFFICIAL_VERIFIED,10.0,OFFICIAL_VERIFIED,10.0,MISSING,MISSING,OFFICIAL_ACQUISITION_COSTS,26270.0,26270.0,,,trustee_office_fee|broker_purchase_commission
3600,2500000.0,OFFICIAL_VERIFIED,50000.0,2.0,MISSING,,OFFICIAL_VERIFIED,250.0,OFFICIAL_VERIFIED,10.0,OFFICIAL_VERIFIED,10.0,MISSING,MISSING,OFFICIAL_ACQUISITION_COSTS,50270.0,50270.0,,,trustee_office_fee|broker_purchase_commission
4140,670000.0,OFFICIAL_VERIFIED,13400.0,2.0,MISSING,,OFFICIAL_VERIFIED,250.0,OFFICIAL_VERIFIED,10.0,OFFICIAL_VERIFIED,10.0,MISSING,MISSING,OFFICIAL_ACQUISITION_COSTS,13670.0,13670.0,,,trustee_office_fee|broker_purchase_commission
1175,2200000.0,OFFICIAL_VERIFIED,44000.0,2.0,MISSING,,OFFICIAL_VERIFIED,250.0,OFFICIAL_VERIFIED,10.0,OFFICIAL_VERIFIED,10.0,MISSING,MISSING,OFFICIAL_ACQUISITION_COSTS,44270.0,44270.0,,,trustee_office_fee|broker_purchase_commission
5936,7900000.0,OFFICIAL_VERIFIED,158000.0,2.0,MISSING,,OFFICIAL_VERIFIED,250.0,OFFICIAL_VERIFIED,10.0,OFFICIAL_VERIFIED,10.0,MISSING,MISSING,OFFICIAL_ACQUISITION_COSTS,158270.0,158270.0,,,trustee_office_fee|broker_purchase_commission
556,2620000.0,OFFICIAL_VERIFIED,52400.0,2.0,MISSING,,OFFICIAL_VERIFIED,250.0,OFFICIAL_VERIFIED,10.0,OFFICIAL_VERIFIED,10.0,MISSING,MISSING,OFFICIAL_ACQUISITION_COSTS,52670.0,52670.0,,,trustee_office_fee|broker_purchase_commission
5593,3500000.0,OFFICIAL_VERIFIED,70000.0,2.0,MISSING,,OFFICIAL_VERIFIED,250.0,OFFICIAL_VERIFIED,10.0,OFFICIAL_VERIFIED,10.0,MISSING,MISSING,OFFICIAL_ACQUISITION_COSTS,70270.0,70270.0,,,trustee_office_fee|broker_purchase_commission
5513,1400000.0,OFFICIAL_VERIFIED,28000.0,2.0,MISSING,,OFFICIAL_VERIFIED,250.0,OFFICIAL_VERIFIED,10.0,OFFICIAL_VERIFIED,10.0,MISSING,MISSING,OFFICIAL_ACQUISITION_COSTS,28270.0,28270.0,,,trustee_office_fee|broker_purchase_commission
2816,750000.0,OFFICIAL_VERIFIED,15000.0,2.0,MISSING,,OFFICIAL_VERIFIED,250.0,OFFICIAL_VERIFIED,10.0,OFFICIAL_VERIFIED,10.0,MISSING,MISSING,OFFICIAL_ACQUISITION_COSTS,15270.0,15270.0,,,trustee_office_fee|broker_purchase_commission
1050,780000.0,OFFICIAL_VERIFIED,15600.0,2.0,MISSING,,OFFICIAL_VERIFIED,250.0,OFFICIAL_VERIFIED,10.0,OFFICIAL_VERIFIED,10.0,MISSING,MISSING,OFFICIAL_ACQUISITION_COSTS,15870.0,15870.0,,,trustee_office_fee|broker_purchase_commission
152,1943600.0,OFFICIAL_VERIFIED,38872.0,2.0,MISSING,,OFFICIAL_VERIFIED,250.0,OFFICIAL_VERIFIED,10.0,OFFICIAL_VERIFIED,10.0,MISSING,MISSING,OFFICIAL_ACQUISITION_COSTS,39142.0,39142.0,,,trustee_office_fee|broker_purchase_commission
1641,800000.0,OFFICIAL_VERIFIED,16000.0,2.0,MISSING,,OFFICIAL_VERIFIED,250.0,OFFICIAL_VERIFIED,10.0,OFFICIAL_VERIFIED,10.0,MISSING,MISSING,OFFICIAL_ACQUISITION_COSTS,16270.0,16270.0,,,trustee_office_fee|broker_purchase_commission
408,1200000.0,OFFICIAL_VERIFIED,24000.0,2.0,MISSING,,OFFICIAL_VERIFIED,250.0,OFFICIAL_VERIFIED,10.0,OFFICIAL_VERIFIED,10.0,MISSING,MISSING,OFFICIAL_ACQUISITION_COSTS,24270.0,24270.0,,,trustee_office_fee|broker_purchase_commission
7817,720000.0,OFFICIAL_VERIFIED,14400.0,2.0,MISSING,,OFFICIAL_VERIFIED,250.0,OFFICIAL_VERIFIED,10.0,OFFICIAL_VERIFIED,10.0,MISSING,MISSING,OFFICIAL_ACQUISITION_COSTS,14670.0,14670.0,,,trustee_office_fee|broker_purchase_commission
6627,3550000.0,OFFICIAL_VERIFIED,71000.0,2.0,MISSING,,OFFICIAL_VERIFIED,250.0,OFFICIAL_VERIFIED,10.0,OFFICIAL_VERIFIED,10.0,MISSING,MISSING,OFFICIAL_ACQUISITION_COSTS,71270.0,71270.0,,,trustee_office_fee|broker_purchase_commission
7483,1380000.0,OFFICIAL_VERIFIED,27600.0,2.0,MISSING,,OFFICIAL_VERIFIED,250.0,OFFICIAL_VERIFIED,10.0,OFFICIAL_VERIFIED,10.0,MISSING,MISSING,OFFICIAL_ACQUISITION_COSTS,27870.0,27870.0,,,trustee_office_fee|broker_purchase_commission
2199,1650000.0,OFFICIAL_VERIFIED,33000.0,2.0,MISSING,,OFFICIAL_VERIFIED,250.0,OFFICIAL_VERIFIED,10.0,OFFICIAL_VERIFIED,10.0,MISSING,MISSING,OFFICIAL_ACQUISITION_COSTS,33270.0,33270.0,,,trustee_office_fee|broker_purchase_commission
5319,2500000.0,OFFICIAL_VERIFIED,50000.0,2.0,MISSING,,OFFICIAL_VERIFIED,250.0,OFFICIAL_VERIFIED,10.0,OFFICIAL_VERIFIED,10.0,MISSING,MISSING,OFFICIAL_ACQUISITION_COSTS,50270.0,50270.0,,,trustee_office_fee|broker_purchase_commission
8327,2314000.0,OFFICIAL_VERIFIED,46280.0,2.0,MISSING,,OFFICIAL_VERIFIED,250.0,OFFICIAL_VERIFIED,10.0,OFFICIAL_VERIFIED,10.0,MISSING,MISSING,OFFICIAL_ACQUISITION_COSTS,46550.0,46550.0,,,trustee_office_fee|broker_purchase_commission
3119,4173190.0,OFFICIAL_VERIFIED,83463.8,2.0,MISSING,,OFFICIAL_VERIFIED,250.0,OFFICIAL_VERIFIED,10.0,OFFICIAL_VERIFIED,10.0,MISSING,MISSING,OFFICIAL_ACQUISITION_COSTS,83733.8,83733.8,,,trustee_office_fee|broker_purchase_commission
7426,1461650.0,OFFICIAL_VERIFIED,29233.0,2.0,MISSING,,OFFICIAL_VERIFIED,250.0,OFFICIAL_VERIFIED,10.0,OFFICIAL_VERIFIED,10.0,MISSING,MISSING,OFFICIAL_ACQUISITION_COSTS,29503.0,29503.0,,,trustee_office_fee|broker_purchase_commission
5,2314000.0,OFFICIAL_VERIFIED,46280.0,2.0,MISSING,,OFFICIAL_VERIFIED,250.0,OFFICIAL_VERIFIED,10.0,OFFICIAL_VERIFIED,10.0,MISSING,MISSING,OFFICIAL_ACQUISITION_COSTS,46550.0,46550.0,,,trustee_office_fee|broker_purchase_commission
8062,8530000.0,OFFICIAL_VERIFIED,170600.0,2.0,MISSING,,OFFICIAL_VERIFIED,250.0,OFFICIAL_VERIFIED,10.0,OFFICIAL_VERIFIED,10.0,MISSING,MISSING,OFFICIAL_ACQUISITION_COSTS,170870.0,170870.0,,,trustee_office_fee|broker_purchase_commission
1447,8540000.0,OFFICIAL_VERIFIED,170800.0,2.0,MISSING,,OFFICIAL_VERIFIED,250.0,OFFICIAL_VERIFIED,10.0,OFFICIAL_VERIFIED,10.0,MISSING,MISSING,OFFICIAL_ACQUISITION_COSTS,171070.0,171070.0,,,trustee_office_fee|broker_purchase_commission
7799,950000.0,OFFICIAL_VERIFIED,19000.0,2.0,MISSING,,OFFICIAL_VERIFIED,250.0,OFFICIAL_VERIFIED,10.0,OFFICIAL_VERIFIED,10.0,MISSING,MISSING,OFFICIAL_ACQUISITION_COSTS,19270.0,19270.0,,,trustee_office_fee|broker_purchase_commission
2236,2100000.0,OFFICIAL_VERIFIED,42000.0,2.0,MISSING,,OFFICIAL_VERIFIED,250.0,OFFICIAL_VERIFIED,10.0,OFFICIAL_VERIFIED,10.0,MISSING,MISSING,OFFICIAL_ACQUISITION_COSTS,42270.0,42270.0,,,trustee_office_fee|broker_purchase_commission
4513,5500000.0,OFFICIAL_VERIFIED,110000.0,2.0,MISSING,,OFFICIAL_VERIFIED,250.0,OFFICIAL_VERIFIED,10.0,OFFICIAL_VERIFIED,10.0,MISSING,MISSING,OFFICIAL_ACQUISITION_COSTS,110270.0,110270.0,,,trustee_office_fee|broker_purchase_commission
3150,5200000.0,OFFICIAL_VERIFIED,104000.0,2.0,MISSING,,OFFICIAL_VERIFIED,250.0,OFFICIAL_VERIFIED,10.0,OFFICIAL_VERIFIED,10.0,MISSING,MISSING,OFFICIAL_ACQUISITION_COSTS,104270.0,104270.0,,,trustee_office_fee|broker_purchase_commission
7461,1369710.0,OFFICIAL_VERIFIED,27394.2,2.0,MISSING,,OFFICIAL_VERIFIED,250.0,OFFICIAL_VERIFIED,10.0,OFFICIAL_VERIFIED,10.0,MISSING,MISSING,OFFICIAL_ACQUISITION_COSTS,27664.2,27664.2,,,trustee_office_fee|broker_purchase_commission
6217,4100000.0,OFFICIAL_VERIFIED,82000.0,2.0,MISSING,,OFFICIAL_VERIFIED,250.0,OFFICIAL_VERIFIED,10.0,OFFICIAL_VERIFIED,10.0,MISSING,MISSING,OFFICIAL_ACQUISITION_COSTS,82270.0,82270.0,,,trustee_office_fee|broker_purchase_commission
5075,4300000.0,OFFICIAL_VERIFIED,86000.0,2.0,MISSING,,OFFICIAL_VERIFIED,250.0,OFFICIAL_VERIFIED,10.0,OFFICIAL_VERIFIED,10.0,MISSING,MISSING,OFFICIAL_ACQUISITION_COSTS,86270.0,86270.0,,,trustee_office_fee|broker_purchase_commission
2178,729999.0,OFFICIAL_VERIFIED,14599.98,2.0,MISSING,,OFFICIAL_VERIFIED,250.0,OFFICIAL_VERIFIED,10.0,OFFICIAL_VERIFIED,10.0,MISSING,MISSING,OFFICIAL_ACQUISITION_COSTS,14869.98,14869.98,,,trustee_office_fee|broker_purchase_commission
31,940000.0,OFFICIAL_VERIFIED,18800.0,2.0,MISSING,,OFFICIAL_VERIFIED,250.0,OFFICIAL_VERIFIED,10.0,OFFICIAL_VERIFIED,10.0,MISSING,MISSING,OFFICIAL_ACQUISITION_COSTS,19070.0,19070.0,,,trustee_office_fee|broker_purchase_commission
7953,12800000.0,OFFICIAL_VERIFIED,256000.0,2.0,MISSING,,OFFICIAL_VERIFIED,250.0,OFFICIAL_VERIFIED,10.0,OFFICIAL_VERIFIED,10.0,MISSING,MISSING,OFFICIAL_ACQUISITION_COSTS,256270.0,256270.0,,,trustee_office_fee|broker_purchase_commission
1821,2400000.0,OFFICIAL_VERIFIED,48000.0,2.0,MISSING,,OFFICIAL_VERIFIED,250.0,OFFICIAL_VERIFIED,10.0,OFFICIAL_VERIFIED,10.0,MISSING,MISSING,OFFICIAL_ACQUISITION_COSTS,48270.0,48270.0,,,trustee_office_fee|broker_purchase_commission
6099,6000000.0,OFFICIAL_VERIFIED,120000.0,2.0,MISSING,,OFFICIAL_VERIFIED,250.0,OFFICIAL_VERIFIED,10.0,OFFICIAL_VERIFIED,10.0,MISSING,MISSING,OFFICIAL_ACQUISITION_COSTS,120270.0,120270.0,,,trustee_office_fee|broker_purchase_commission
2170,2800000.0,OFFICIAL_VERIFIED,56000.0,2.0,MISSING,,OFFICIAL_VERIFIED,250.0,OFFICIAL_VERIFIED,10.0,OFFICIAL_VERIFIED,10.0,MISSING,MISSING,OFFICIAL_ACQUISITION_COSTS,56270.0,56270.0,,,trustee_office_fee|broker_purchase_commission
7848,2095000.0,OFFICIAL_VERIFIED,41900.0,2.0,MISSING,,OFFICIAL_VERIFIED,250.0,OFFICIAL_VERIFIED,10.0,OFFICIAL_VERIFIED,10.0,MISSING,MISSING,OFFICIAL_ACQUISITION_COSTS,42170.0,42170.0,,,trustee_office_fee|broker_purchase_commission
8057,4500000.0,OFFICIAL_VERIFIED,90000.0,2.0,MISSING,,OFFICIAL_VERIFIED,250.0,OFFICIAL_VERIFIED,10.0,OFFICIAL_VERIFIED,10.0,MISSING,MISSING,OFFICIAL_ACQUISITION_COSTS,90270.0,90270.0,,,trustee_office_fee|broker_purchase_commission
5370,2500000.0,OFFICIAL_VERIFIED,50000.0,2.0,MISSING,,OFFICIAL_VERIFIED,250.0,OFFICIAL_VERIFIED,10.0,OFFICIAL_VERIFIED,10.0,MISSING,MISSING,OFFICIAL_ACQUISITION_COSTS,50270.0,50270.0,,,trustee_office_fee|broker_purchase_commission
717,4500000.0,OFFICIAL_VERIFIED,90000.0,2.0,MISSING,,OFFICIAL_VERIFIED,250.0,OFFICIAL_VERIFIED,10.0,OFFICIAL_VERIFIED,10.0,MISSING,MISSING,OFFICIAL_ACQUISITION_COSTS,90270.0,90270.0,,,trustee_office_fee|broker_purchase_commission
7170,1750000.0,OFFICIAL_VERIFIED,35000.0,2.0,MISSING,,OFFICIAL_VERIFIED,250.0,OFFICIAL_VERIFIED,10.0,OFFICIAL_VERIFIED,10.0,MISSING,MISSING,OFFICIAL_ACQUISITION_COSTS,35270.0,35270.0,,,trustee_office_fee|broker_purchase_commission
2124,2550000.0,OFFICIAL_VERIFIED,51000.0,2.0,MISSING,,OFFICIAL_VERIFIED,250.0,OFFICIAL_VERIFIED,10.0,OFFICIAL_VERIFIED,10.0,MISSING,MISSING,OFFICIAL_ACQUISITION_COSTS,51270.0,51270.0,,,trustee_office_fee|broker_purchase_commission
5407,2572000.0,OFFICIAL_VERIFIED,51440.0,2.0,MISSING,,OFFICIAL_VERIFIED,250.0,OFFICIAL_VERIFIED,10.0,OFFICIAL_VERIFIED,10.0,MISSING,MISSING,OFFICIAL_ACQUISITION_COSTS,51710.0,51710.0,,,trustee_office_fee|broker_purchase_commission
7349,6000000.0,OFFICIAL_VERIFIED,120000.0,2.0,MISSING,,OFFICIAL_VERIFIED,250.0,OFFICIAL_VERIFIED,10.0,OFFICIAL_VERIFIED,10.0,MISSING,MISSING,OFFICIAL_ACQUISITION_COSTS,120270.0,120270.0,,,trustee_office_fee|broker_purchase_commission
4975,4500000.0,OFFICIAL_VERIFIED,90000.0,2.0,MISSING,,OFFICIAL_VERIFIED,250.0,OFFICIAL_VERIFIED,10.0,OFFICIAL_VERIFIED,10.0,MISSING,MISSING,OFFICIAL_ACQUISITION_COSTS,90270.0,90270.0,,,trustee_office_fee|broker_purchase_commission
7005,981499.0,OFFICIAL_VERIFIED,19629.98,2.0,MISSING,,OFFICIAL_VERIFIED,250.0,OFFICIAL_VERIFIED,10.0,OFFICIAL_VERIFIED,10.0,MISSING,MISSING,OFFICIAL_ACQUISITION_COSTS,19899.98,19899.98,,,trustee_office_fee|broker_purchase_commission
564,11000000.0,OFFICIAL_VERIFIED,220000.0,2.0,MISSING,,OFFICIAL_VERIFIED,250.0,OFFICIAL_VERIFIED,10.0,OFFICIAL_VERIFIED,10.0,MISSING,MISSING,OFFICIAL_ACQUISITION_COSTS,220270.0,220270.0,,,trustee_office_fee|broker_purchase_commission
5610,880000.0,OFFICIAL_VERIFIED,17600.0,2.0,MISSING,,OFFICIAL_VERIFIED,250.0,OFFICIAL_VERIFIED,10.0,OFFICIAL_VERIFIED,10.0,MISSING,MISSING,OFFICIAL_ACQUISITION_COSTS,17870.0,17870.0,,,trustee_office_fee|broker_purchase_commission
533,2600000.0,OFFICIAL_VERIFIED,52000.0,2.0,MISSING,,OFFICIAL_VERIFIED,250.0,OFFICIAL_VERIFIED,10.0,OFFICIAL_VERIFIED,10.0,MISSING,MISSING,OFFICIAL_ACQUISITION_COSTS,52270.0,52270.0,,,trustee_office_fee|broker_purchase_commission
2505,2300000.0,OFFICIAL_VERIFIED,46000.0,2.0,MISSING,,OFFICIAL_VERIFIED,250.0,OFFICIAL_VERIFIED,10.0,OFFICIAL_VERIFIED,10.0,MISSING,MISSING,OFFICIAL_ACQUISITION_COSTS,46270.0,46270.0,,,trustee_office_fee|broker_purchase_commission
8297,1913000.0,OFFICIAL_VERIFIED,38260.0,2.0,MISSING,,OFFICIAL_VERIFIED,250.0,OFFICIAL_VERIFIED,10.0,OFFICIAL_VERIFIED,10.0,MISSING,MISSING,OFFICIAL_ACQUISITION_COSTS,38530.0,38530.0,,,trustee_office_fee|broker_purchase_commission
4938,3451120.0,OFFICIAL_VERIFIED,69022.4,2.0,MISSING,,OFFICIAL_VERIFIED,250.0,OFFICIAL_VERIFIED,10.0,OFFICIAL_VERIFIED,10.0,MISSING,MISSING,OFFICIAL_ACQUISITION_COSTS,69292.4,69292.4,,,trustee_office_fee|broker_purchase_commission
4665,4500000.0,OFFICIAL_VERIFIED,90000.0,2.0,MISSING,,OFFICIAL_VERIFIED,250.0,OFFICIAL_VERIFIED,10.0,OFFICIAL_VERIFIED,10.0,MISSING,MISSING,OFFICIAL_ACQUISITION_COSTS,90270.0,90270.0,,,trustee_office_fee|broker_purchase_commission
7622,2700000.0,OFFICIAL_VERIFIED,54000.0,2.0,MISSING,,OFFICIAL_VERIFIED,250.0,OFFICIAL_VERIFIED,10.0,OFFICIAL_VERIFIED,10.0,MISSING,MISSING,OFFICIAL_ACQUISITION_COSTS,54270.0,54270.0,,,trustee_office_fee|broker_purchase_commission
4165,3270000.0,OFFICIAL_VERIFIED,65400.0,2.0,MISSING,,OFFICIAL_VERIFIED,250.0,OFFICIAL_VERIFIED,10.0,OFFICIAL_VERIFIED,10.0,MISSING,MISSING,OFFICIAL_ACQUISITION_COSTS,65670.0,65670.0,,,trustee_office_fee|broker_purchase_commission
5712,25000000.0,OFFICIAL_VERIFIED,500000.0,2.0,MISSING,,OFFICIAL_VERIFIED,250.0,OFFICIAL_VERIFIED,10.0,OFFICIAL_VERIFIED,10.0,MISSING,MISSING,OFFICIAL_ACQUISITION_COSTS,500270.0,500270.0,,,trustee_office_fee|broker_purchase_commission
5366,10649000.0,OFFICIAL_VERIFIED,212980.0,2.0,MISSING,,OFFICIAL_VERIFIED,250.0,OFFICIAL_VERIFIED,10.0,OFFICIAL_VERIFIED,10.0,MISSING,MISSING,OFFICIAL_ACQUISITION_COSTS,213250.0,213250.0,,,trustee_office_fee|broker_purchase_commission
2381,1600000.0,OFFICIAL_VERIFIED,32000.0,2.0,MISSING,,OFFICIAL_VERIFIED,250.0,OFFICIAL_VERIFIED,10.0,OFFICIAL_VERIFIED,10.0,MISSING,MISSING,OFFICIAL_ACQUISITION_COSTS,32270.0,32270.0,,,trustee_office_fee|broker_purchase_commission
6003,11300000.0,OFFICIAL_VERIFIED,226000.0,2.0,MISSING,,OFFICIAL_VERIFIED,250.0,OFFICIAL_VERIFIED,10.0,OFFICIAL_VERIFIED,10.0,MISSING,MISSING,OFFICIAL_ACQUISITION_COSTS,226270.0,226270.0,,,trustee_office_fee|broker_purchase_commission
6246,10000000.0,OFFICIAL_VERIFIED,200000.0,2.0,MISSING,,OFFICIAL_VERIFIED,250.0,OFFICIAL_VERIFIED,10.0,OFFICIAL_VERIFIED,10.0,MISSING,MISSING,OFFICIAL_ACQUISITION_COSTS,200270.0,200270.0,,,trustee_office_fee|broker_purchase_commission
7266,1800000.0,OFFICIAL_VERIFIED,36000.0,2.0,MISSING,,OFFICIAL_VERIFIED,250.0,OFFICIAL_VERIFIED,10.0,OFFICIAL_VERIFIED,10.0,MISSING,MISSING,OFFICIAL_ACQUISITION_COSTS,36270.0,36270.0,,,trustee_office_fee|broker_purchase_commission
1074,1250000.0,OFFICIAL_VERIFIED,25000.0,2.0,MISSING,,OFFICIAL_VERIFIED,250.0,OFFICIAL_VERIFIED,10.0,OFFICIAL_VERIFIED,10.0,MISSING,MISSING,OFFICIAL_ACQUISITION_COSTS,25270.0,25270.0,,,trustee_office_fee|broker_purchase_commission
