property_id,property_name,area,project,bedrooms,size_sqft,current_price_aed,dld_rental_area,unit_status,calc_version_rent,calc_version_yield,selected_rental_tier,comparable_count,projects_in_pool,annual_rent_estimate_aed,annual_rent_p25_aed,annual_rent_p75_aed,evidence_quality,investor_label,warnings,gross_rental_yield_pct,gross_yield_p25_pct,gross_yield_p75_pct
2161,Hotel Edge by Rotana,Damac Hills 2,Hotel Edge by Rotana,1,481.0,663600.0,Dubai Investment Park First,Ready,RENTAL_MARKET_RENT_V1_CANDIDATE,GROSS_RENTAL_YIELD_V1_CANDIDATE,R4,485,0,36288.0,32640.0,41251.0,BROADER,Estimated Area Rent,Based on broader area rental comparables. Individual building rents may differ materially.,5.47,4.92,6.22
6982,Binghatti Rose,Jumeirah village circle,Binghatti Rose,1,659.0,840000.0,Al Barsha South Fourth,Ready,RENTAL_MARKET_RENT_V1_CANDIDATE,GROSS_RENTAL_YIELD_V1_CANDIDATE,R2,27,1,63360.0,59520.0,67200.0,STRONGER,Estimated Project Rent,,7.54,7.09,8.0
3201,Binghatti Nova,Jumeirah village circle,Binghatti Nova,2,989.0,1380000.0,Al Barsha South Fourth,Ready,RENTAL_MARKET_RENT_V1_CANDIDATE,GROSS_RENTAL_YIELD_V1_CANDIDATE,R2,13,1,72000.0,67200.0,76800.0,STRONGER,Estimated Project Rent,,5.22,4.87,5.57
6250,Binghatti Luna,Jumeirah village circle,Binghatti Luna,2,1178.0,1300000.0,Al Barsha South Fourth,Ready,RENTAL_MARKET_RENT_V1_CANDIDATE,GROSS_RENTAL_YIELD_V1_CANDIDATE,R2,18,1,86400.0,81600.0,94080.0,STRONGER,Estimated Project Rent,,6.65,6.28,7.24
2666,Binghatti Lavender,Jumeirah village circle,Binghatti Lavender,2,1020.0,1470000.0,Al Barsha South Fourth,Ready,RENTAL_MARKET_RENT_V1_CANDIDATE,GROSS_RENTAL_YIELD_V1_CANDIDATE,R2,25,1,96000.0,82560.0,105600.0,STRONGER,Estimated Project Rent,,6.53,5.62,7.18
1181,Laya Mansion,Jumeirah village circle,Laya Mansion,2,1413.0,1600000.0,Al Barsha South Fourth,Ready,RENTAL_MARKET_RENT_V1_CANDIDATE,GROSS_RENTAL_YIELD_V1_CANDIDATE,R4,1603,180,88320.0,75569.0,110400.0,BROADER,Estimated Area Rent,Based on broader area rental comparables. Individual building rents may differ materially.,5.52,4.72,6.9
1829,Vita Grande,Jumeirah village circle,Vita Grande,2,774.0,912000.0,Al Barsha South Fourth,Ready,RENTAL_MARKET_RENT_V1_CANDIDATE,GROSS_RENTAL_YIELD_V1_CANDIDATE,R4,4988,212,63360.0,56640.0,72000.0,BROADER,Estimated Area Rent,Based on broader area rental comparables. Individual building rents may differ materially.,6.95,6.21,7.89
5128,Marina Star,Dubai Marina,Marina Star,2,1111.0,2800000.0,Marsa Dubai,Ready,RENTAL_MARKET_RENT_V1_CANDIDATE,GROSS_RENTAL_YIELD_V1_CANDIDATE,R2,9,1,105600.0,105600.0,124062.0,STRONGER,Estimated Project Rent,,3.77,3.77,4.43
844,Concept 7 Residences,Jumeirah village circle,Concept 7 Residences,2,1016.0,1100000.0,Al Barsha South Fourth,Ready,RENTAL_MARKET_RENT_V1_CANDIDATE,GROSS_RENTAL_YIELD_V1_CANDIDATE,R2,6,1,81600.0,72000.0,124800.0,STRONGER,Estimated Project Rent,,7.42,6.55,11.35
4699,creek edge,Dubai Creek Harbour,creek edge,2,1044.0,1500000.0,Al Khairan First,Ready,RENTAL_MARKET_RENT_V1_CANDIDATE,GROSS_RENTAL_YIELD_V1_CANDIDATE,R2,77,1,139200.0,129600.0,148800.0,STRONGER,Estimated Project Rent,,9.28,8.64,9.92
7112,Q Gardens Loft,Jumeirah village circle,Q Gardens Loft,1,848.0,503000.0,Al Barsha South Fourth,Ready,RENTAL_MARKET_RENT_V1_CANDIDATE,GROSS_RENTAL_YIELD_V1_CANDIDATE,R4,5099,211,65280.0,57600.0,72000.0,BROADER,Estimated Area Rent,Based on broader area rental comparables. Individual building rents may differ materially.,12.98,11.45,14.31
4914,Franck Muller Yachting,Dubai Maritime City,Franck Muller Yachting,2,792.0,1710888.0,Al Jaddaf,Ready,RENTAL_MARKET_RENT_V1_CANDIDATE,GROSS_RENTAL_YIELD_V1_CANDIDATE,NONE,0,0,,,,NONE,,Insufficient comparable rental data,,,
2046,Franck Muller Yachting,Dubai Maritime City,Franck Muller Yachting,1,409.0,1120888.0,Al Jaddaf,Ready,RENTAL_MARKET_RENT_V1_CANDIDATE,GROSS_RENTAL_YIELD_V1_CANDIDATE,NONE,0,0,,,,NONE,,Insufficient comparable rental data,,,
3765,Q Gardens Loft,Jumeirah village circle,Q Gardens Loft,2,1304.0,1900000.0,Al Barsha South Fourth,Ready,RENTAL_MARKET_RENT_V1_CANDIDATE,GROSS_RENTAL_YIELD_V1_CANDIDATE,R4,1930,193,84480.0,70579.0,103680.0,BROADER,Estimated Area Rent,Based on broader area rental comparables. Individual building rents may differ materially.,4.45,3.71,5.46
7881,Dubai Creek Residence Tower 2 North,Dubai Creek Harbour,Dubai Creek Residence Tower 2 North,1,1020.0,1399990.0,Al Khairan First,Ready,RENTAL_MARKET_RENT_V1_CANDIDATE,GROSS_RENTAL_YIELD_V1_CANDIDATE,R4,4115,31,120000.0,110163.0,134400.0,BROADER,Estimated Area Rent,Based on broader area rental comparables. Individual building rents may differ materially.,8.57,7.87,9.6
409,Harbour Views 1,Dubai Creek Harbour,Harbour Views 1,3,1526.0,2700000.0,Al Khairan First,Ready,RENTAL_MARKET_RENT_V1_CANDIDATE,GROSS_RENTAL_YIELD_V1_CANDIDATE,R4,2468,31,163200.0,144000.0,182400.0,BROADER,Estimated Area Rent,Based on broader area rental comparables. Individual building rents may differ materially.,6.04,5.33,6.76
1330,Oxford Gardens,Arjan,Oxford Gardens,0,413.0,560000.0,Al Barshaa South Third,Ready,RENTAL_MARKET_RENT_V1_CANDIDATE,GROSS_RENTAL_YIELD_V1_CANDIDATE,R2,71,1,57600.0,52658.0,62400.0,STRONGER,Estimated Project Rent,,10.29,9.4,11.14
2899,Q Gardens Loft,Jumeirah village circle,Q Gardens Loft,2,1827.0,2068970.0,Al Barsha South Fourth,Ready,RENTAL_MARKET_RENT_V1_CANDIDATE,GROSS_RENTAL_YIELD_V1_CANDIDATE,R4,619,115,105600.0,86400.0,120000.0,BROADER,Estimated Area Rent,Based on broader area rental comparables. Individual building rents may differ materially.,5.1,4.18,5.8
5356,Terraces Marasi Drive,Business Bay,Terraces Marasi Drive,2,,3600000.0,Business Bay,Ready,RENTAL_MARKET_RENT_V1_CANDIDATE,GROSS_RENTAL_YIELD_V1_CANDIDATE,NONE,0,0,,,,NONE,,No DLD rental area or size,,,
2155,Divine Living,Arjan,Divine Living,2,1236.0,1200000.0,Al Barshaa South Third,Ready,RENTAL_MARKET_RENT_V1_CANDIDATE,GROSS_RENTAL_YIELD_V1_CANDIDATE,R2,24,1,105600.0,96000.0,115200.0,STRONGER,Estimated Project Rent,,8.8,8.0,9.6
6836,Serenity Lakes 5,Jumeirah village circle,Serenity Lakes 5,1,692.0,910000.0,Al Barsha South Fourth,Ready,RENTAL_MARKET_RENT_V1_CANDIDATE,GROSS_RENTAL_YIELD_V1_CANDIDATE,R4,4261,205,62400.0,53760.0,70080.0,BROADER,Estimated Area Rent,Based on broader area rental comparables. Individual building rents may differ materially.,6.86,5.91,7.7
4753,Mayas Geneva,Jumeirah village circle,Mayas Geneva,1,1055.0,961000.0,Al Barsha South Fourth,Ready,RENTAL_MARKET_RENT_V1_CANDIDATE,GROSS_RENTAL_YIELD_V1_CANDIDATE,R2,10,1,78720.0,76800.0,81600.0,STRONGER,Estimated Project Rent,,8.19,7.99,8.49
2459,UPSIDE Living,Business Bay,UPSIDE Living,0,399.0,1288890.0,Business Bay,Ready,RENTAL_MARKET_RENT_V1_CANDIDATE,GROSS_RENTAL_YIELD_V1_CANDIDATE,R2,83,1,86400.0,69120.0,96000.0,STRONGER,Estimated Project Rent,,6.7,5.36,7.45
2578,La Residenza,Jumeirah village circle,La Residenza,1,642.0,900000.0,Al Barsha South Fourth,Ready,RENTAL_MARKET_RENT_V1_CANDIDATE,GROSS_RENTAL_YIELD_V1_CANDIDATE,R4,3512,194,57600.0,50400.0,67200.0,BROADER,Estimated Area Rent,Based on broader area rental comparables. Individual building rents may differ materially.,6.4,5.6,7.47
1467,Marriott Residences,Business Bay,Marriott Residences,2,1167.0,3016780.0,Business Bay,Ready,RENTAL_MARKET_RENT_V1_CANDIDATE,GROSS_RENTAL_YIELD_V1_CANDIDATE,R4,3107,84,105600.0,86400.0,126720.0,BROADER,Estimated Area Rent,Based on broader area rental comparables. Individual building rents may differ materially.,3.5,2.86,4.2
6720,Beverly Boulevard,Arjan,Beverly Boulevard,0,403.0,537000.0,Al Barshaa South Third,Ready,RENTAL_MARKET_RENT_V1_CANDIDATE,GROSS_RENTAL_YIELD_V1_CANDIDATE,R2,52,1,48000.0,45120.0,52800.0,STRONGER,Estimated Project Rent,,8.94,8.4,9.83
2473,MBL Royal,Jumeirah Lake Towers,MBL Royal,1,848.0,1500000.0,Al Thanyah Fifth,Ready,RENTAL_MARKET_RENT_V1_CANDIDATE,GROSS_RENTAL_YIELD_V1_CANDIDATE,R2,78,1,113280.0,101760.0,120000.0,STRONGER,Estimated Project Rent,,7.55,6.78,8.0
8393,Canal Front Residences,Dubai Water Canal,Canal Front Residences,2,1326.0,3900000.0,Burj Khalifa,Ready,RENTAL_MARKET_RENT_V1_CANDIDATE,GROSS_RENTAL_YIELD_V1_CANDIDATE,R4,4572,45,172800.0,147859.0,216000.0,BROADER,Estimated Area Rent,Based on broader area rental comparables. Individual building rents may differ materially.,4.43,3.79,5.54
6298,Binghatti Emerald,Jumeirah village circle,Binghatti Emerald,1,623.0,749000.0,Al Barsha South Fourth,Ready,RENTAL_MARKET_RENT_V1_CANDIDATE,GROSS_RENTAL_YIELD_V1_CANDIDATE,R2,59,1,65280.0,62400.0,72000.0,STRONGER,Estimated Project Rent,,8.72,8.33,9.61
2766,Binghatti Emerald,Jumeirah village circle,Binghatti Emerald,2,1024.0,1100000.0,Al Barsha South Fourth,Ready,RENTAL_MARKET_RENT_V1_CANDIDATE,GROSS_RENTAL_YIELD_V1_CANDIDATE,R2,13,1,100800.0,90720.0,105600.0,STRONGER,Estimated Project Rent,,9.16,8.25,9.6
6632,Oakley Square Residences,Jumeirah village circle,Oakley Square Residences,2,1189.0,1850000.0,Al Barsha South Fourth,Ready,RENTAL_MARKET_RENT_V1_CANDIDATE,GROSS_RENTAL_YIELD_V1_CANDIDATE,R2,15,1,138240.0,100800.0,148800.0,STRONGER,Estimated Project Rent,,7.47,5.45,8.04
507,The Paragon by IGO,Business Bay,The Paragon by IGO,1,596.0,1200000.0,Business Bay,Ready,RENTAL_MARKET_RENT_V1_CANDIDATE,GROSS_RENTAL_YIELD_V1_CANDIDATE,R2,33,1,86400.0,74679.0,100800.0,STRONGER,Estimated Project Rent,,7.2,6.22,8.4
673,The Community Motor City,Dubai Motor City,The Community Motor City,0,441.0,529000.0,Al Hebiah Fourth,Ready,RENTAL_MARKET_RENT_V1_CANDIDATE,GROSS_RENTAL_YIELD_V1_CANDIDATE,R3,32,14,40320.0,36288.0,43200.0,STRONG,Estimated Area Rent (Bedroom Match),,7.62,6.86,8.17
1597,The Community Motor City,Dubai Motor City,The Community Motor City,1,673.0,797000.0,Al Hebiah Fourth,Ready,RENTAL_MARKET_RENT_V1_CANDIDATE,GROSS_RENTAL_YIELD_V1_CANDIDATE,R4,1640,49,49920.0,45360.0,55680.0,BROADER,Estimated Area Rent,Based on broader area rental comparables. Individual building rents may differ materially.,6.26,5.69,6.99
6649,Park Lane by Heilbronn,Jumeirah village circle,Park Lane by Heilbronn,1,947.0,1288890.0,Al Barsha South Fourth,Ready,RENTAL_MARKET_RENT_V1_CANDIDATE,GROSS_RENTAL_YIELD_V1_CANDIDATE,R2,16,1,91200.0,76800.0,110400.0,STRONGER,Estimated Project Rent,,7.08,5.96,8.57
4694,Creek Gate Tower 2,Dubai Creek Harbour,Creek Gate Tower 2,2,1114.0,2550000.0,Al Khairan First,Ready,RENTAL_MARKET_RENT_V1_CANDIDATE,GROSS_RENTAL_YIELD_V1_CANDIDATE,R4,3928,31,124800.0,110400.0,142137.0,BROADER,Estimated Area Rent,Based on broader area rental comparables. Individual building rents may differ materially.,4.89,4.33,5.57
8320,Eleganz,Jumeirah village circle,Eleganz,2,1274.0,2200000.0,Al Barsha South Fourth,Ready,RENTAL_MARKET_RENT_V1_CANDIDATE,GROSS_RENTAL_YIELD_V1_CANDIDATE,R4,2066,193,81600.0,69120.0,100800.0,BROADER,Estimated Area Rent,Based on broader area rental comparables. Individual building rents may differ materially.,3.71,3.14,4.58
5092,4Direction Residence 1,Dubai Land Residence Complex,4Direction Residence 1,0,517.0,613773.0,Wadi Al Safa 5,Ready,RENTAL_MARKET_RENT_V1_CANDIDATE,GROSS_RENTAL_YIELD_V1_CANDIDATE,R3,16,5,34560.0,30240.0,40320.0,STRONG,Estimated Area Rent (Bedroom Match),,5.63,4.93,6.57
7608,Vera Residences,Business Bay,Vera Residences,1,474.0,1070000.0,Business Bay,Ready,RENTAL_MARKET_RENT_V1_CANDIDATE,GROSS_RENTAL_YIELD_V1_CANDIDATE,R4,2639,67,62400.0,52800.0,72000.0,BROADER,Estimated Area Rent,Based on broader area rental comparables. Individual building rents may differ materially.,5.83,4.93,6.73
3407,Emerge Residences,Meydan City,Emerge Residences,1,684.0,1590000.0,Nad Al Shiba First,Ready,RENTAL_MARKET_RENT_V1_CANDIDATE,GROSS_RENTAL_YIELD_V1_CANDIDATE,R4,348,9,72000.0,64867.0,76800.0,BROADER,Estimated Area Rent,Based on broader area rental comparables. Individual building rents may differ materially.,4.53,4.08,4.83
3375,Mayas Geneva,Jumeirah village circle,Mayas Geneva,2,1712.0,1900000.0,Al Barsha South Fourth,Ready,RENTAL_MARKET_RENT_V1_CANDIDATE,GROSS_RENTAL_YIELD_V1_CANDIDATE,R2,6,1,139200.0,139200.0,144000.0,STRONGER,Estimated Project Rent,,7.33,7.33,7.58
6350,Q Gardens Boutique Residences,Arjan,Q Gardens Boutique Residences,2,1629.0,1500000.0,Al Barshaa South Third,Ready,RENTAL_MARKET_RENT_V1_CANDIDATE,GROSS_RENTAL_YIELD_V1_CANDIDATE,R2,8,1,134400.0,110880.0,136320.0,STRONGER,Estimated Project Rent,,8.96,7.39,9.09
2276,Park Lane by Heilbronn,Jumeirah village circle,Park Lane by Heilbronn,2,1163.0,2200000.0,Al Barsha South Fourth,Ready,RENTAL_MARKET_RENT_V1_CANDIDATE,GROSS_RENTAL_YIELD_V1_CANDIDATE,R2,8,1,110400.0,96000.0,129600.0,STRONGER,Estimated Project Rent,,5.02,4.36,5.89
6209,Concept 7 Residences,Jumeirah village circle,Concept 7 Residences,1,619.0,1000000.0,Al Barsha South Fourth,Ready,RENTAL_MARKET_RENT_V1_CANDIDATE,GROSS_RENTAL_YIELD_V1_CANDIDATE,R2,30,1,72000.0,67200.0,72000.0,STRONGER,Estimated Project Rent,,7.2,6.72,7.2
5073,Luma22,Jumeirah village circle,Luma22,0,577.0,700000.0,Al Barsha South Fourth,Ready,RENTAL_MARKET_RENT_V1_CANDIDATE,GROSS_RENTAL_YIELD_V1_CANDIDATE,R2,76,1,55680.0,48000.0,62400.0,STRONGER,Estimated Project Rent,,7.95,6.86,8.91
6695,Binghatti Amber,Jumeirah village circle,Binghatti Amber,0,455.0,720000.0,Al Barsha South Fourth,Ready,RENTAL_MARKET_RENT_V1_CANDIDATE,GROSS_RENTAL_YIELD_V1_CANDIDATE,R2,37,1,52800.0,52508.0,54720.0,STRONGER,Estimated Project Rent,,7.33,7.29,7.6
2460,Creek Gate Tower 2,Dubai Creek Harbour,Creek Gate Tower 2,1,721.0,1700000.0,Al Khairan First,Ready,RENTAL_MARKET_RENT_V1_CANDIDATE,GROSS_RENTAL_YIELD_V1_CANDIDATE,R4,4416,31,86400.0,80640.0,96000.0,BROADER,Estimated Area Rent,Based on broader area rental comparables. Individual building rents may differ materially.,5.08,4.74,5.65
7792,Luma21,Jumeirah village circle,Luma21,0,422.0,660000.0,Al Barsha South Fourth,Ready,RENTAL_MARKET_RENT_V1_CANDIDATE,GROSS_RENTAL_YIELD_V1_CANDIDATE,R2,61,1,49920.0,45120.0,55680.0,STRONGER,Estimated Project Rent,,7.56,6.84,8.44
7663,48 Parkside,Arjan,48 Parkside,3,1443.0,1922960.0,Al Barshaa South Third,Ready,RENTAL_MARKET_RENT_V1_CANDIDATE,GROSS_RENTAL_YIELD_V1_CANDIDATE,R4,1603,45,86592.0,73920.0,105600.0,BROADER,Estimated Area Rent,Based on broader area rental comparables. Individual building rents may differ materially.,4.5,3.84,5.49
2725,saba 2,Jumeirah Lake Towers,saba 2,1,950.0,90000.0,Al Thanyah Fifth,Ready,RENTAL_MARKET_RENT_V1_CANDIDATE,GROSS_RENTAL_YIELD_V1_CANDIDATE,R4,2488,31,84480.0,72000.0,100800.0,BROADER,Estimated Area Rent,Based on broader area rental comparables. Individual building rents may differ materially.,93.87,80.0,112.0
6540,The Autograph Residences,Jumeirah village circle,The Autograph Residences,2,1401.0,1900000.0,Al Barsha South Fourth,Ready,RENTAL_MARKET_RENT_V1_CANDIDATE,GROSS_RENTAL_YIELD_V1_CANDIDATE,R4,1634,180,86590.0,74880.0,110400.0,BROADER,Estimated Area Rent,Based on broader area rental comparables. Individual building rents may differ materially.,4.56,3.94,5.81
93,Marina Star,Dubai Marina,Marina Star,2,2463.0,807000.0,Marsa Dubai,Ready,RENTAL_MARKET_RENT_V1_CANDIDATE,GROSS_RENTAL_YIELD_V1_CANDIDATE,R4,1179,46,187200.0,158400.0,230400.0,BROADER,Estimated Area Rent,Based on broader area rental comparables. Individual building rents may differ materially.,23.2,19.63,28.55
6277,Binghatti Emerald,Jumeirah village circle,Binghatti Emerald,3,1378.0,1300000.0,Al Barsha South Fourth,Ready,RENTAL_MARKET_RENT_V1_CANDIDATE,GROSS_RENTAL_YIELD_V1_CANDIDATE,R2,13,1,100800.0,96000.0,105600.0,STRONGER,Estimated Project Rent,,7.75,7.38,8.12
6430,Beverly Boulevard,Arjan,Beverly Boulevard,2,1299.0,1300000.0,Al Barshaa South Third,Ready,RENTAL_MARKET_RENT_V1_CANDIDATE,GROSS_RENTAL_YIELD_V1_CANDIDATE,R4,2099,48,82555.0,68395.0,100800.0,BROADER,Estimated Area Rent,Based on broader area rental comparables. Individual building rents may differ materially.,6.35,5.26,7.75
1620,SLS Dubai Hotels and Residences,Downtown Dubai,SLS Dubai Hotels and Residences,2,1864.0,7462760.0,Burj Khalifa,Ready,RENTAL_MARKET_RENT_V1_CANDIDATE,GROSS_RENTAL_YIELD_V1_CANDIDATE,R4,2495,44,227520.0,172800.0,288000.0,BROADER,Estimated Area Rent,Based on broader area rental comparables. Individual building rents may differ materially.,3.05,2.32,3.86
422,Golf Edge,Emaar South,Golf Edge,3,1641.0,2500000.0,Madinat Al Mataar,Ready,RENTAL_MARKET_RENT_V1_CANDIDATE,GROSS_RENTAL_YIELD_V1_CANDIDATE,R4,542,15,91200.0,76800.0,110400.0,BROADER,Estimated Area Rent,Based on broader area rental comparables. Individual building rents may differ materially.,3.65,3.07,4.42
2838,Binghatti Rose,Jumeirah village circle,Binghatti Rose,3,1285.0,1550000.0,Al Barsha South Fourth,Ready,RENTAL_MARKET_RENT_V1_CANDIDATE,GROSS_RENTAL_YIELD_V1_CANDIDATE,R2,6,1,105600.0,101376.0,110400.0,STRONGER,Estimated Project Rent,,6.81,6.54,7.12
3843,Beverly Boulevard,Arjan,Beverly Boulevard,1,800.0,866000.0,Al Barshaa South Third,Ready,RENTAL_MARKET_RENT_V1_CANDIDATE,GROSS_RENTAL_YIELD_V1_CANDIDATE,R2,25,1,81600.0,77760.0,86400.0,STRONGER,Estimated Project Rent,,9.42,8.98,9.98
453,Aykon City Tower,Business Bay,Aykon City Tower,3,1301.0,2600000.0,Business Bay,Ready,RENTAL_MARKET_RENT_V1_CANDIDATE,GROSS_RENTAL_YIELD_V1_CANDIDATE,R4,2909,81,115200.0,100624.0,139199.0,BROADER,Estimated Area Rent,Based on broader area rental comparables. Individual building rents may differ materially.,4.43,3.87,5.35
8066,The 100,Meydan City,The 100,4,4292.0,14580000.0,Nad Al Shiba First,Ready,RENTAL_MARKET_RENT_V1_CANDIDATE,GROSS_RENTAL_YIELD_V1_CANDIDATE,R4,7,1,240000.0,158400.0,240000.0,BROADER,Estimated Area Rent,Based on broader area rental comparables. Individual building rents may differ materially.,1.65,1.09,1.65
6835,LIV Residence,Dubai Marina,LIV Residence,3,1764.0,5500000.0,Marsa Dubai,Ready,RENTAL_MARKET_RENT_V1_CANDIDATE,GROSS_RENTAL_YIELD_V1_CANDIDATE,R2,14,1,177600.0,163200.0,187200.0,STRONGER,Estimated Project Rent,,3.23,2.97,3.4
8201,Marquise Square,Business Bay,Marquise Square,3,2326.0,4300000.0,Business Bay,Ready,RENTAL_MARKET_RENT_V1_CANDIDATE,GROSS_RENTAL_YIELD_V1_CANDIDATE,R4,834,44,163200.0,143109.0,192004.0,BROADER,Estimated Area Rent,Based on broader area rental comparables. Individual building rents may differ materially.,3.8,3.33,4.47
1913,Creek Beach Orchid,Dubai Creek Harbour,Creek Beach Orchid,3,1514.0,2500000.0,Al Khairan First,Ready,RENTAL_MARKET_RENT_V1_CANDIDATE,GROSS_RENTAL_YIELD_V1_CANDIDATE,R2,205,1,163200.0,144000.0,180480.0,STRONGER,Estimated Project Rent,,6.53,5.76,7.22
601,Aura Residences,Jumeirah village circle,Aura Residences,2,1107.0,1950000.0,Al Barsha South Fourth,Ready,RENTAL_MARKET_RENT_V1_CANDIDATE,GROSS_RENTAL_YIELD_V1_CANDIDATE,R4,3368,206,72000.0,62400.0,81600.0,BROADER,Estimated Area Rent,Based on broader area rental comparables. Individual building rents may differ materially.,3.69,3.2,4.18
1111,Oxford Gardens,Arjan,Oxford Gardens,1,824.0,843000.0,Al Barshaa South Third,Ready,RENTAL_MARKET_RENT_V1_CANDIDATE,GROSS_RENTAL_YIELD_V1_CANDIDATE,R2,44,1,92160.0,89280.0,96000.0,STRONGER,Estimated Project Rent,,10.93,10.59,11.39
5113,SLS Dubai Hotels and Residences,Downtown Dubai,SLS Dubai Hotels and Residences,1,1163.0,3465820.0,Burj Khalifa,Ready,RENTAL_MARKET_RENT_V1_CANDIDATE,GROSS_RENTAL_YIELD_V1_CANDIDATE,R4,4721,46,165600.0,129600.0,203766.0,BROADER,Estimated Area Rent,Based on broader area rental comparables. Individual building rents may differ materially.,4.78,3.74,5.88
1637,Oxford Gardens,Arjan,Oxford Gardens,2,413.0,1400000.0,Al Barshaa South Third,Ready,RENTAL_MARKET_RENT_V1_CANDIDATE,GROSS_RENTAL_YIELD_V1_CANDIDATE,R2,71,1,57600.0,52658.0,62400.0,STRONGER,Estimated Project Rent,,4.11,3.76,4.46
6594,Creek Beach Orchid,Dubai Creek Harbour,Creek Beach Orchid,1,679.0,1700000.0,Al Khairan First,Ready,RENTAL_MARKET_RENT_V1_CANDIDATE,GROSS_RENTAL_YIELD_V1_CANDIDATE,R2,405,1,88320.0,81600.0,100800.0,STRONGER,Estimated Project Rent,,5.2,4.8,5.93
7916,Divine Living,Arjan,Divine Living,3,2037.0,1700000.0,Al Barshaa South Third,Ready,RENTAL_MARKET_RENT_V1_CANDIDATE,GROSS_RENTAL_YIELD_V1_CANDIDATE,R4,191,16,115200.0,86400.0,144000.0,BROADER,Estimated Area Rent,Based on broader area rental comparables. Individual building rents may differ materially.,6.78,5.08,8.47
7020,Canal Front Residences,Dubai Water Canal,Canal Front Residences,3,1762.0,5200000.0,Burj Khalifa,Ready,RENTAL_MARKET_RENT_V1_CANDIDATE,GROSS_RENTAL_YIELD_V1_CANDIDATE,R4,2793,46,216000.0,168000.0,288000.0,BROADER,Estimated Area Rent,Based on broader area rental comparables. Individual building rents may differ materially.,4.15,3.23,5.54
897,creek edge,Dubai Creek Harbour,creek edge,3,1591.0,2800000.0,Al Khairan First,Ready,RENTAL_MARKET_RENT_V1_CANDIDATE,GROSS_RENTAL_YIELD_V1_CANDIDATE,R2,15,1,211680.0,191520.0,230400.0,STRONGER,Estimated Project Rent,,7.56,6.84,8.23
2398,Binghatti Gardenia,Jumeirah village circle,Binghatti Gardenia,3,1109.0,1750000.0,Al Barsha South Fourth,Ready,RENTAL_MARKET_RENT_V1_CANDIDATE,GROSS_RENTAL_YIELD_V1_CANDIDATE,R2,13,1,105600.0,100800.0,115200.0,STRONGER,Estimated Project Rent,,6.03,5.76,6.58
2730,Luma21,Jumeirah village circle,Luma21,2,1144.0,1200000.0,Al Barsha South Fourth,Ready,RENTAL_MARKET_RENT_V1_CANDIDATE,GROSS_RENTAL_YIELD_V1_CANDIDATE,R2,7,1,112320.0,86400.0,134400.0,STRONGER,Estimated Project Rent,,9.36,7.2,11.2
7464,Plaza Residences 1,Jumeirah village circle,Plaza Residences 1,2,1209.0,1020000.0,Al Barsha South Fourth,Ready,RENTAL_MARKET_RENT_V1_CANDIDATE,GROSS_RENTAL_YIELD_V1_CANDIDATE,R4,2431,198,78720.0,67200.0,96000.0,BROADER,Estimated Area Rent,Based on broader area rental comparables. Individual building rents may differ materially.,7.72,6.59,9.41
4547,Gardenia Residency,Jumeirah village circle,Gardenia Residency,1,1379.0,1050000.0,Al Barsha South Fourth,Ready,RENTAL_MARKET_RENT_V1_CANDIDATE,GROSS_RENTAL_YIELD_V1_CANDIDATE,R4,1679,182,86400.0,74088.0,105600.0,BROADER,Estimated Area Rent,Based on broader area rental comparables. Individual building rents may differ materially.,8.23,7.06,10.06
5009,Divine Living,Arjan,Divine Living,1,739.0,796000.0,Al Barshaa South Third,Ready,RENTAL_MARKET_RENT_V1_CANDIDATE,GROSS_RENTAL_YIELD_V1_CANDIDATE,R2,18,1,76800.0,73920.0,81600.0,STRONGER,Estimated Project Rent,,9.65,9.29,10.25
1146,SLS Dubai Hotels and Residences,Downtown Dubai,SLS Dubai Hotels and Residences,1,1084.0,3955410.0,Burj Khalifa,Ready,RENTAL_MARKET_RENT_V1_CANDIDATE,GROSS_RENTAL_YIELD_V1_CANDIDATE,R4,4728,45,154028.0,120000.0,192000.0,BROADER,Estimated Area Rent,Based on broader area rental comparables. Individual building rents may differ materially.,3.89,3.03,4.85
7278,Canal Front Residences,Dubai Water Canal,Canal Front Residences,1,913.0,2200000.0,Burj Khalifa,Ready,RENTAL_MARKET_RENT_V1_CANDIDATE,GROSS_RENTAL_YIELD_V1_CANDIDATE,R4,4108,46,120000.0,105600.0,148176.0,BROADER,Estimated Area Rent,Based on broader area rental comparables. Individual building rents may differ materially.,5.45,4.8,6.74
365,Beverly Residence 2,Jumeirah village circle,Beverly Residence 2,0,460.0,609000.0,Al Barsha South Fourth,Ready,RENTAL_MARKET_RENT_V1_CANDIDATE,GROSS_RENTAL_YIELD_V1_CANDIDATE,R3,176,43,43200.0,38400.0,47040.0,STRONG,Estimated Area Rent (Bedroom Match),,7.09,6.31,7.72
3508,The Community Motor City,Dubai Motor City,The Community Motor City,3,1446.0,1700000.0,Al Hebiah Fourth,Ready,RENTAL_MARKET_RENT_V1_CANDIDATE,GROSS_RENTAL_YIELD_V1_CANDIDATE,R4,842,48,76800.0,67738.0,86400.0,BROADER,Estimated Area Rent,Based on broader area rental comparables. Individual building rents may differ materially.,4.52,3.98,5.08
8369,Aura Residences,Jumeirah village circle,Aura Residences,1,701.0,1100000.0,Al Barsha South Fourth,Ready,RENTAL_MARKET_RENT_V1_CANDIDATE,GROSS_RENTAL_YIELD_V1_CANDIDATE,R4,4339,206,62400.0,54720.0,70080.0,BROADER,Estimated Area Rent,Based on broader area rental comparables. Individual building rents may differ materially.,5.67,4.97,6.37
7656,Concept 7 Residences,Jumeirah village circle,Concept 7 Residences,0,392.0,601000.0,Al Barsha South Fourth,Ready,RENTAL_MARKET_RENT_V1_CANDIDATE,GROSS_RENTAL_YIELD_V1_CANDIDATE,R3,102,31,43200.0,39018.0,47232.0,STRONG,Estimated Area Rent (Bedroom Match),,7.19,6.49,7.86
2061,The Community Motor City,Dubai Motor City,The Community Motor City,2,1077.0,1200000.0,Al Hebiah Fourth,Ready,RENTAL_MARKET_RENT_V1_CANDIDATE,GROSS_RENTAL_YIELD_V1_CANDIDATE,R4,1589,54,60480.0,52800.0,70560.0,BROADER,Estimated Area Rent,Based on broader area rental comparables. Individual building rents may differ materially.,5.04,4.4,5.88
140,Yas Beach Residence,Yas Island,Yas Beach Residence,2,1958.0,2936770.0,Yas Island,Ready,RENTAL_MARKET_RENT_V1_CANDIDATE,GROSS_RENTAL_YIELD_V1_CANDIDATE,NONE,0,0,,,,NONE,,Insufficient comparable rental data,,,
4674,MBL Royal,Jumeirah Lake Towers,MBL Royal,3,2308.0,4000000.0,Al Thanyah Fifth,Ready,RENTAL_MARKET_RENT_V1_CANDIDATE,GROSS_RENTAL_YIELD_V1_CANDIDATE,R2,11,1,242880.0,230400.0,288000.0,STRONGER,Estimated Project Rent,,6.07,5.76,7.2
5773,4Direction Residence 1,Dubai Land Residence Complex,4Direction Residence 1,1,832.0,921879.0,Wadi Al Safa 5,Ready,RENTAL_MARKET_RENT_V1_CANDIDATE,GROSS_RENTAL_YIELD_V1_CANDIDATE,R4,2168,21,48960.0,44160.0,55440.0,BROADER,Estimated Area Rent,Based on broader area rental comparables. Individual building rents may differ materially.,5.31,4.79,6.01
5574,Serenity Lakes 2,Jumeirah village circle,Serenity Lakes 2,1,850.0,870000.0,Al Barsha South Fourth,Ready,RENTAL_MARKET_RENT_V1_CANDIDATE,GROSS_RENTAL_YIELD_V1_CANDIDATE,R4,5092,211,65280.0,57600.0,72000.0,BROADER,Estimated Area Rent,Based on broader area rental comparables. Individual building rents may differ materially.,7.5,6.62,8.28
4744,Ahad Residences,Business Bay,Ahad Residences,3,2308.0,4700000.0,Business Bay,Ready,RENTAL_MARKET_RENT_V1_CANDIDATE,GROSS_RENTAL_YIELD_V1_CANDIDATE,R4,869,44,163200.0,142560.0,192000.0,BROADER,Estimated Area Rent,Based on broader area rental comparables. Individual building rents may differ materially.,3.47,3.03,4.09
3495,Mayas Geneva,Jumeirah village circle,Mayas Geneva,0,527.0,659000.0,Al Barsha South Fourth,Ready,RENTAL_MARKET_RENT_V1_CANDIDATE,GROSS_RENTAL_YIELD_V1_CANDIDATE,R2,7,1,59520.0,48000.0,63360.0,STRONGER,Estimated Project Rent,,9.03,7.28,9.61
6446,Yas Beach Residence,Yas Island,Yas Beach Residence,3,2698.0,4181200.0,Yas Island,Ready,RENTAL_MARKET_RENT_V1_CANDIDATE,GROSS_RENTAL_YIELD_V1_CANDIDATE,NONE,0,0,,,,NONE,,Insufficient comparable rental data,,,
3666,Sunrise Bay,EMAAR Beachfront,Sunrise Bay,1,733.0,2450000.0,Marsa Dubai,Ready,RENTAL_MARKET_RENT_V1_CANDIDATE,GROSS_RENTAL_YIELD_V1_CANDIDATE,R2,37,1,121920.0,105600.0,132480.0,STRONGER,Estimated Project Rent,,4.98,4.31,5.41
7682,Stax,Jumeirah village circle,Stax,2,1086.0,1478737.0,Al Barsha South Fourth,Ready,RENTAL_MARKET_RENT_V1_CANDIDATE,GROSS_RENTAL_YIELD_V1_CANDIDATE,R4,3542,208,72000.0,61440.0,81600.0,BROADER,Estimated Area Rent,Based on broader area rental comparables. Individual building rents may differ materially.,4.87,4.15,5.52
8222,Flow Residences,Dubai Islands,Flow Residences,1,844.0,1930000.0,Palm Deira,Ready,RENTAL_MARKET_RENT_V1_CANDIDATE,GROSS_RENTAL_YIELD_V1_CANDIDATE,NONE,0,0,,,,NONE,,Insufficient comparable rental data,,,
253,The Paragon by IGO,Business Bay,The Paragon by IGO,2,1222.0,2200000.0,Business Bay,Ready,RENTAL_MARKET_RENT_V1_CANDIDATE,GROSS_RENTAL_YIELD_V1_CANDIDATE,R2,6,1,144000.0,144000.0,144000.0,STRONGER,Estimated Project Rent,,6.55,6.55,6.55
2326,Binghatti Royale,Jumeirah village circle,Binghatti Royale,2,1618.0,2300000.0,Al Barsha South Fourth,Ready,RENTAL_MARKET_RENT_V1_CANDIDATE,GROSS_RENTAL_YIELD_V1_CANDIDATE,R4,1069,152,98400.0,78720.0,115200.0,BROADER,Estimated Area Rent,Based on broader area rental comparables. Individual building rents may differ materially.,4.28,3.42,5.01
3834,MBL Royal,Jumeirah Lake Towers,MBL Royal,2,1460.0,2500000.0,Al Thanyah Fifth,Ready,RENTAL_MARKET_RENT_V1_CANDIDATE,GROSS_RENTAL_YIELD_V1_CANDIDATE,R2,16,1,182400.0,168000.0,192000.0,STRONGER,Estimated Project Rent,,7.3,6.72,7.68
5945,The Paragon by IGO,Business Bay,The Paragon by IGO,0,416.0,865000.0,Business Bay,Ready,RENTAL_MARKET_RENT_V1_CANDIDATE,GROSS_RENTAL_YIELD_V1_CANDIDATE,R2,9,1,72000.0,62400.0,72960.0,STRONGER,Estimated Project Rent,,8.32,7.21,8.43
5987,Yas Beach Residence,Yas Island,Yas Beach Residence,3,2724.0,4358910.0,Yas Island,Ready,RENTAL_MARKET_RENT_V1_CANDIDATE,GROSS_RENTAL_YIELD_V1_CANDIDATE,NONE,0,0,,,,NONE,,Insufficient comparable rental data,,,
2832,Westwood Grande Residences,Jumeirah village circle,Westwood Grande Residences,1,806.0,1200000.0,Al Barsha South Fourth,Ready,RENTAL_MARKET_RENT_V1_CANDIDATE,GROSS_RENTAL_YIELD_V1_CANDIDATE,R4,5123,212,64060.0,57600.0,72000.0,BROADER,Estimated Area Rent,Based on broader area rental comparables. Individual building rents may differ materially.,5.34,4.8,6.0
3097,Catch Residence by IGO,Jumeirah village circle,Catch Residence by IGO,2,1545.0,1850000.0,Al Barsha South Fourth,Ready,RENTAL_MARKET_RENT_V1_CANDIDATE,GROSS_RENTAL_YIELD_V1_CANDIDATE,R4,1235,160,96000.0,77760.0,115200.0,BROADER,Estimated Area Rent,Based on broader area rental comparables. Individual building rents may differ materially.,5.19,4.2,6.23
6923,Luma22,Jumeirah village circle,Luma22,2,1258.0,1896980.0,Al Barsha South Fourth,Ready,RENTAL_MARKET_RENT_V1_CANDIDATE,GROSS_RENTAL_YIELD_V1_CANDIDATE,R2,11,1,98880.0,86400.0,120000.0,STRONGER,Estimated Project Rent,,5.21,4.55,6.33
1516,Azizi Amber,Al Furjan,Azizi Amber,0,378.0,609999.0,Jabal Ali First,Ready,RENTAL_MARKET_RENT_V1_CANDIDATE,GROSS_RENTAL_YIELD_V1_CANDIDATE,R2,25,1,46080.0,44160.0,47040.0,STRONGER,Estimated Project Rent,,7.55,7.24,7.71
1234,Yas Beach Residence,Yas Island,Yas Beach Residence,2,2173.0,3257930.0,Yas Island,Ready,RENTAL_MARKET_RENT_V1_CANDIDATE,GROSS_RENTAL_YIELD_V1_CANDIDATE,NONE,0,0,,,,NONE,,Insufficient comparable rental data,,,
3955,Stax,Jumeirah village circle,Stax,0,393.0,717470.0,Al Barsha South Fourth,Ready,RENTAL_MARKET_RENT_V1_CANDIDATE,GROSS_RENTAL_YIELD_V1_CANDIDATE,R3,105,31,43200.0,38400.0,47232.0,STRONG,Estimated Area Rent (Bedroom Match),,6.02,5.35,6.58
3962,Q Gardens Boutique Residences,Arjan,Q Gardens Boutique Residences,1,850.0,1096000.0,Al Barshaa South Third,Ready,RENTAL_MARKET_RENT_V1_CANDIDATE,GROSS_RENTAL_YIELD_V1_CANDIDATE,R2,20,1,78720.0,76800.0,81600.0,STRONGER,Estimated Project Rent,,7.18,7.01,7.45
793,Westwood Grande Residences,Jumeirah village circle,Westwood Grande Residences,0,412.0,700000.0,Al Barsha South Fourth,Ready,RENTAL_MARKET_RENT_V1_CANDIDATE,GROSS_RENTAL_YIELD_V1_CANDIDATE,R3,128,36,43200.0,38400.0,46080.0,STRONG,Estimated Area Rent (Bedroom Match),,6.17,5.49,6.58
8311,The Cape,Al Barari,The Cape,1,1380.0,3400000.0,Wadi Al Safa 3,Ready,RENTAL_MARKET_RENT_V1_CANDIDATE,GROSS_RENTAL_YIELD_V1_CANDIDATE,R4,614,21,76800.0,66240.0,86400.0,BROADER,Estimated Area Rent,Based on broader area rental comparables. Individual building rents may differ materially.,2.26,1.95,2.54
6163,Wellington Grand Villas,Meydan City,Wellington Grand Villas,5,13007.0,18400000.0,Nad Al Shiba First,Ready,RENTAL_MARKET_RENT_V1_CANDIDATE,GROSS_RENTAL_YIELD_V1_CANDIDATE,NONE,0,0,,,,NONE,,Insufficient comparable rental data,,,
7640,Binghatti Luna,Jumeirah village circle,Binghatti Luna,1,600.0,826000.0,Al Barsha South Fourth,Ready,RENTAL_MARKET_RENT_V1_CANDIDATE,GROSS_RENTAL_YIELD_V1_CANDIDATE,R2,47,1,65280.0,62400.0,67200.0,STRONGER,Estimated Project Rent,,7.9,7.55,8.14
2989,Samana Sky Views,Dubai Production City,Samana Sky Views,0,,689000.0,meaisem first,Ready,RENTAL_MARKET_RENT_V1_CANDIDATE,GROSS_RENTAL_YIELD_V1_CANDIDATE,NONE,0,0,,,,NONE,,No DLD rental area or size,,,
1279,Marina Star,Dubai Marina,Marina Star,1,841.0,2276190.0,Marsa Dubai,Ready,RENTAL_MARKET_RENT_V1_CANDIDATE,GROSS_RENTAL_YIELD_V1_CANDIDATE,R2,9,1,105600.0,105600.0,115200.0,STRONGER,Estimated Project Rent,,4.64,4.64,5.06
6556,SOL Bay,Business Bay,SOL Bay,1,972.0,1818890.0,Business Bay,Ready,RENTAL_MARKET_RENT_V1_CANDIDATE,GROSS_RENTAL_YIELD_V1_CANDIDATE,R2,39,1,86400.0,76800.0,91200.0,STRONGER,Estimated Project Rent,,4.75,4.22,5.01
983,SOL Bay,Business Bay,SOL Bay,0,491.0,1100000.0,Business Bay,Ready,RENTAL_MARKET_RENT_V1_CANDIDATE,GROSS_RENTAL_YIELD_V1_CANDIDATE,R1,12,1,68160.0,65280.0,69120.0,STRONGEST,Estimated Project Rent (Exact Bedroom Match),,6.2,5.93,6.28
4545,The Cove,Dubai Creek Harbour,The Cove,4,4620.0,11500000.0,Al Khairan First,Ready,RENTAL_MARKET_RENT_V1_CANDIDATE,GROSS_RENTAL_YIELD_V1_CANDIDATE,NONE,0,0,,,,NONE,,Insufficient comparable rental data,,,
6141,Q Gardens Loft,Jumeirah village circle,Q Gardens Loft,0,385.0,490000.0,Al Barsha South Fourth,Ready,RENTAL_MARKET_RENT_V1_CANDIDATE,GROSS_RENTAL_YIELD_V1_CANDIDATE,R3,97,29,43200.0,38400.0,46080.0,STRONG,Estimated Area Rent (Bedroom Match),,8.82,7.84,9.4
7286,Binghatti Canal,Business Bay,Binghatti Canal,0,491.0,1300000.0,Business Bay,Ready,RENTAL_MARKET_RENT_V1_CANDIDATE,GROSS_RENTAL_YIELD_V1_CANDIDATE,R2,21,1,73440.0,72000.0,76800.0,STRONGER,Estimated Project Rent,,5.65,5.54,5.91
101,Golf Edge,Emaar South,Golf Edge,2,1181.0,1730000.0,Madinat Al Mataar,Ready,RENTAL_MARKET_RENT_V1_CANDIDATE,GROSS_RENTAL_YIELD_V1_CANDIDATE,R4,1483,21,76800.0,67002.0,86880.0,BROADER,Estimated Area Rent,Based on broader area rental comparables. Individual building rents may differ materially.,4.44,3.87,5.02
5203,Urban Oasis by Missoni,Business Bay,Urban Oasis by Missoni,0,323.0,958000.0,Business Bay,Ready,RENTAL_MARKET_RENT_V1_CANDIDATE,GROSS_RENTAL_YIELD_V1_CANDIDATE,R4,323,29,53424.0,40320.0,65472.0,BROADER,Estimated Area Rent,Based on broader area rental comparables. Individual building rents may differ materially.,5.58,4.21,6.83
3830,The Paragon by IGO,Business Bay,The Paragon by IGO,3,2382.0,4000000.0,Business Bay,Ready,RENTAL_MARKET_RENT_V1_CANDIDATE,GROSS_RENTAL_YIELD_V1_CANDIDATE,R4,810,42,163200.0,143435.0,195168.0,BROADER,Estimated Area Rent,Based on broader area rental comparables. Individual building rents may differ materially.,4.08,3.59,4.88
7282,48 Parkside,Arjan,48 Parkside,2,1186.0,1645790.0,Al Barshaa South Third,Ready,RENTAL_MARKET_RENT_V1_CANDIDATE,GROSS_RENTAL_YIELD_V1_CANDIDATE,R2,6,1,110400.0,81600.0,115200.0,STRONGER,Estimated Project Rent,,6.71,4.96,7.0
7842,Azizi Feirouz,Al Furjan,Azizi Feirouz,1,1008.0,1020000.0,Jabal Ali First,Ready,RENTAL_MARKET_RENT_V1_CANDIDATE,GROSS_RENTAL_YIELD_V1_CANDIDATE,R2,13,1,70560.0,67200.0,74880.0,STRONGER,Estimated Project Rent,,6.92,6.59,7.34
4905,Raffles The Palm Dubai,Palm Jumeirah,Raffles The Palm Dubai,4,4607.0,35500000.0,Palm Jumeirah,Ready,RENTAL_MARKET_RENT_V1_CANDIDATE,GROSS_RENTAL_YIELD_V1_CANDIDATE,R4,95,13,422400.0,288000.0,624000.0,BROADER,Estimated Area Rent,Based on broader area rental comparables. Individual building rents may differ materially.,1.19,0.81,1.76
5981,Divine Elements,Dubai South,Divine Elements,2,929.0,1275000.0,Madinat Al Mataar,Ready,RENTAL_MARKET_RENT_V1_CANDIDATE,GROSS_RENTAL_YIELD_V1_CANDIDATE,R4,1793,20,65280.0,57600.0,76800.0,BROADER,Estimated Area Rent,Based on broader area rental comparables. Individual building rents may differ materially.,5.12,4.52,6.02
6733,Divine Elements,Dubai South,Divine Elements,1,,980000.0,Madinat Al Mataar,Ready,RENTAL_MARKET_RENT_V1_CANDIDATE,GROSS_RENTAL_YIELD_V1_CANDIDATE,NONE,0,0,,,,NONE,,No DLD rental area or size,,,
8220,The Palm Tower,Palm Jumeirah,The Palm Tower,1,1054.0,4500000.0,Palm Jumeirah,Ready,RENTAL_MARKET_RENT_V1_CANDIDATE,GROSS_RENTAL_YIELD_V1_CANDIDATE,R2,38,1,240000.0,220800.0,264000.0,STRONGER,Estimated Project Rent,,5.33,4.91,5.87
3706,Urban Oasis by Missoni,Business Bay,Urban Oasis by Missoni,3,1916.0,4800000.0,Business Bay,Ready,RENTAL_MARKET_RENT_V1_CANDIDATE,GROSS_RENTAL_YIELD_V1_CANDIDATE,R4,1827,67,140554.0,120000.0,166697.0,BROADER,Estimated Area Rent,Based on broader area rental comparables. Individual building rents may differ materially.,2.93,2.5,3.47
6745,Urban Oasis by Missoni,Business Bay,Urban Oasis by Missoni,3,1916.0,4800000.0,Business Bay,Ready,RENTAL_MARKET_RENT_V1_CANDIDATE,GROSS_RENTAL_YIELD_V1_CANDIDATE,R4,1827,67,140554.0,120000.0,166697.0,BROADER,Estimated Area Rent,Based on broader area rental comparables. Individual building rents may differ materially.,2.93,2.5,3.47
1068,Eleganz,Jumeirah village circle,Eleganz,1,951.0,1560000.0,Al Barsha South Fourth,Ready,RENTAL_MARKET_RENT_V1_CANDIDATE,GROSS_RENTAL_YIELD_V1_CANDIDATE,R4,4622,208,67200.0,57600.0,76800.0,BROADER,Estimated Area Rent,Based on broader area rental comparables. Individual building rents may differ materially.,4.31,3.69,4.92
4209,4Direction Residence 1,Dubai Land Residence Complex,4Direction Residence 1,2,1251.0,1450000.0,Wadi Al Safa 5,Ready,RENTAL_MARKET_RENT_V1_CANDIDATE,GROSS_RENTAL_YIELD_V1_CANDIDATE,R4,1689,21,58080.0,51840.0,67200.0,BROADER,Estimated Area Rent,Based on broader area rental comparables. Individual building rents may differ materially.,4.01,3.58,4.63
4389,Binghatti Crest,Jumeirah village circle,Binghatti Crest,1,618.0,905000.0,Al Barsha South Fourth,Ready,RENTAL_MARKET_RENT_V1_CANDIDATE,GROSS_RENTAL_YIELD_V1_CANDIDATE,R2,39,1,65280.0,61440.0,72000.0,STRONGER,Estimated Project Rent,,7.21,6.79,7.96
4252,Emerge Residences,Meydan City,Emerge Residences,2,1036.0,2580000.0,Nad Al Shiba First,Ready,RENTAL_MARKET_RENT_V1_CANDIDATE,GROSS_RENTAL_YIELD_V1_CANDIDATE,R4,532,10,80640.0,72000.0,93120.0,BROADER,Estimated Area Rent,Based on broader area rental comparables. Individual building rents may differ materially.,3.13,2.79,3.61
6235,The Palm Tower,Palm Jumeirah,The Palm Tower,0,524.0,2200000.0,Palm Jumeirah,Ready,RENTAL_MARKET_RENT_V1_CANDIDATE,GROSS_RENTAL_YIELD_V1_CANDIDATE,R2,36,1,115200.0,105600.0,120636.0,STRONGER,Estimated Project Rent,,5.24,4.8,5.48
4524,Binghatti Twilight,Al Jadaf Waterfront,Binghatti Twilight,2,876.0,1799000.0,Al Jadaf,Ready,RENTAL_MARKET_RENT_V1_CANDIDATE,GROSS_RENTAL_YIELD_V1_CANDIDATE,R4,2235,24,67235.0,61440.0,76800.0,BROADER,Estimated Area Rent,Based on broader area rental comparables. Individual building rents may differ materially.,3.74,3.42,4.27
5394,Vincitore Volare,Arjan,Vincitore Volare,0,503.0,668000.0,Al Barshaa South Third,Ready,RENTAL_MARKET_RENT_V1_CANDIDATE,GROSS_RENTAL_YIELD_V1_CANDIDATE,R3,56,12,43200.0,40320.0,48000.0,STRONG,Estimated Area Rent (Bedroom Match),,6.47,6.04,7.19
5497,Aura Residences,Jumeirah village circle,Aura Residences,0,320.0,675000.0,Al Barsha South Fourth,Ready,RENTAL_MARKET_RENT_V1_CANDIDATE,GROSS_RENTAL_YIELD_V1_CANDIDATE,R3,28,7,38400.0,36622.0,48000.0,STRONG,Estimated Area Rent (Bedroom Match),,5.69,5.43,7.11
1459,Binghatti Royale,Jumeirah village circle,Binghatti Royale,1,756.0,1375000.0,Al Barsha South Fourth,Ready,RENTAL_MARKET_RENT_V1_CANDIDATE,GROSS_RENTAL_YIELD_V1_CANDIDATE,R2,148,1,91849.0,81600.0,115200.0,STRONGER,Estimated Project Rent,,6.68,5.93,8.38
7285,The Cove,Dubai Creek Harbour,The Cove,2,1338.0,3000000.0,Al Khairan First,Ready,RENTAL_MARKET_RENT_V1_CANDIDATE,GROSS_RENTAL_YIELD_V1_CANDIDATE,R2,37,1,150720.0,134400.0,161280.0,STRONGER,Estimated Project Rent,,5.02,4.48,5.38
4046,Vincitore Volare,Arjan,Vincitore Volare,1,727.0,1000000.0,Al Barshaa South Third,Ready,RENTAL_MARKET_RENT_V1_CANDIDATE,GROSS_RENTAL_YIELD_V1_CANDIDATE,R4,2717,49,61440.0,51005.0,72000.0,BROADER,Estimated Area Rent,Based on broader area rental comparables. Individual building rents may differ materially.,6.14,5.1,7.2
4997,Beverly Residence 2,Jumeirah village circle,Beverly Residence 2,1,740.0,970000.0,Al Barsha South Fourth,Ready,RENTAL_MARKET_RENT_V1_CANDIDATE,GROSS_RENTAL_YIELD_V1_CANDIDATE,R4,4703,207,62400.0,55680.0,72000.0,BROADER,Estimated Area Rent,Based on broader area rental comparables. Individual building rents may differ materially.,6.43,5.74,7.42
6530,Empire Residences,Jumeirah village circle,Empire Residences,2,996.0,1300000.0,Al Barsha South Fourth,Ready,RENTAL_MARKET_RENT_V1_CANDIDATE,GROSS_RENTAL_YIELD_V1_CANDIDATE,R4,4305,208,69120.0,59136.0,76800.0,BROADER,Estimated Area Rent,Based on broader area rental comparables. Individual building rents may differ materially.,5.32,4.55,5.91
6747,Emerge Residences,Meydan City,Emerge Residences,3,3169.0,6700000.0,Nad Al Shiba First,Ready,RENTAL_MARKET_RENT_V1_CANDIDATE,GROSS_RENTAL_YIELD_V1_CANDIDATE,R4,35,2,153600.0,129600.0,182400.0,BROADER,Estimated Area Rent,Based on broader area rental comparables. Individual building rents may differ materially.,2.29,1.93,2.72
3231,Harbour Gate,Dubai Creek Harbour,Harbour Gate,1,683.0,1600000.0,Al Khairan First,Ready,RENTAL_MARKET_RENT_V1_CANDIDATE,GROSS_RENTAL_YIELD_V1_CANDIDATE,R2,38,1,86400.0,81600.0,96000.0,STRONGER,Estimated Project Rent,,5.4,5.1,6.0
5263,Oakley Square Residences,Jumeirah village circle,Oakley Square Residences,1,802.0,1450000.0,Al Barsha South Fourth,Ready,RENTAL_MARKET_RENT_V1_CANDIDATE,GROSS_RENTAL_YIELD_V1_CANDIDATE,R2,37,1,81600.0,76800.0,86400.0,STRONGER,Estimated Project Rent,,5.63,5.3,5.96
7022,Park Town,Damac Hills,Park Town,1,1021.0,1624000.0,Jabal Ali First,Ready,RENTAL_MARKET_RENT_V1_CANDIDATE,GROSS_RENTAL_YIELD_V1_CANDIDATE,R4,4436,51,64790.0,55680.0,74508.0,BROADER,Estimated Area Rent,Based on broader area rental comparables. Individual building rents may differ materially.,3.99,3.43,4.59
884,Canal Residence West,Dubai Sports City,Canal Residence West,3,2334.0,2334900.0,Al Hebiah Fourth,Ready,RENTAL_MARKET_RENT_V1_CANDIDATE,GROSS_RENTAL_YIELD_V1_CANDIDATE,R4,47,13,105600.0,90344.0,134400.0,BROADER,Estimated Area Rent,Based on broader area rental comparables. Individual building rents may differ materially.,4.52,3.87,5.76
1727,Luma21,Jumeirah village circle,Luma21,1,595.0,1000000.0,Al Barsha South Fourth,Ready,RENTAL_MARKET_RENT_V1_CANDIDATE,GROSS_RENTAL_YIELD_V1_CANDIDATE,R2,49,1,53760.0,45360.0,62400.0,STRONGER,Estimated Project Rent,,5.38,4.54,6.24
5402,The Pad by Omniyat,Business Bay,The Pad by Omniyat,1,648.0,1550000.0,Business Bay,Ready,RENTAL_MARKET_RENT_V1_CANDIDATE,GROSS_RENTAL_YIELD_V1_CANDIDATE,R4,2486,77,75840.0,64320.0,91200.0,BROADER,Estimated Area Rent,Based on broader area rental comparables. Individual building rents may differ materially.,4.89,4.15,5.88
1745,Binghatti Crest,Jumeirah village circle,Binghatti Crest,2,1140.0,1391000.0,Al Barsha South Fourth,Ready,RENTAL_MARKET_RENT_V1_CANDIDATE,GROSS_RENTAL_YIELD_V1_CANDIDATE,R2,30,1,98880.0,88320.0,117120.0,STRONGER,Estimated Project Rent,,7.11,6.35,8.42
4041,Azizi Lina,Jebel Ali,Azizi Lina,0,320.0,601000.0,Jabal Ali First,Ready,RENTAL_MARKET_RENT_V1_CANDIDATE,GROSS_RENTAL_YIELD_V1_CANDIDATE,R3,10,6,44160.0,44160.0,48960.0,STRONG,Estimated Area Rent (Bedroom Match),,7.35,7.35,8.15
472,Binghatti Lavender,Jumeirah village circle,Binghatti Lavender,0,380.0,715000.0,Al Barsha South Fourth,Ready,RENTAL_MARKET_RENT_V1_CANDIDATE,GROSS_RENTAL_YIELD_V1_CANDIDATE,R2,19,1,52800.0,49920.0,57600.0,STRONGER,Estimated Project Rent,,7.38,6.98,8.06
4263,Harbour Gate,Dubai Creek Harbour,Harbour Gate,2,1202.0,2650000.0,Al Khairan First,Ready,RENTAL_MARKET_RENT_V1_CANDIDATE,GROSS_RENTAL_YIELD_V1_CANDIDATE,R2,71,1,129600.0,120000.0,135360.0,STRONGER,Estimated Project Rent,,4.89,4.53,5.11
6327,Stax,Jumeirah village circle,Stax,1,677.0,1044712.0,Al Barsha South Fourth,Ready,RENTAL_MARKET_RENT_V1_CANDIDATE,GROSS_RENTAL_YIELD_V1_CANDIDATE,R4,4022,200,61920.0,52800.0,69120.0,BROADER,Estimated Area Rent,Based on broader area rental comparables. Individual building rents may differ materially.,5.93,5.05,6.62
6435,Pantheon Elysee,Jumeirah village circle,Pantheon Elysee,1,763.0,848999.0,Al Barsha South Fourth,Ready,RENTAL_MARKET_RENT_V1_CANDIDATE,GROSS_RENTAL_YIELD_V1_CANDIDATE,R2,25,1,67200.0,57600.0,70560.0,STRONGER,Estimated Project Rent,,7.92,6.78,8.31
735,Harbour Gate,Dubai Creek Harbour,Harbour Gate,3,1640.0,3650000.0,Al Khairan First,Ready,RENTAL_MARKET_RENT_V1_CANDIDATE,GROSS_RENTAL_YIELD_V1_CANDIDATE,R2,29,1,181440.0,168000.0,187200.0,STRONGER,Estimated Project Rent,,4.97,4.6,5.13
5081,Binghatti Crest,Jumeirah village circle,Binghatti Crest,3,1215.0,1708000.0,Al Barsha South Fourth,Ready,RENTAL_MARKET_RENT_V1_CANDIDATE,GROSS_RENTAL_YIELD_V1_CANDIDATE,R2,30,1,98880.0,88320.0,117120.0,STRONGER,Estimated Project Rent,,5.79,5.17,6.86
4702,Canal Residence West,Dubai Sports City,Canal Residence West,0,559.0,570000.0,Al Hebiah Fourth,Ready,RENTAL_MARKET_RENT_V1_CANDIDATE,GROSS_RENTAL_YIELD_V1_CANDIDATE,R3,36,12,40320.0,36480.0,43200.0,STRONG,Estimated Area Rent (Bedroom Match),,7.07,6.4,7.58
3027,Binghatti Crescent,Jumeirah village circle,Binghatti Crescent,2,988.0,1400000.0,Al Barsha South Fourth,Ready,RENTAL_MARKET_RENT_V1_CANDIDATE,GROSS_RENTAL_YIELD_V1_CANDIDATE,R2,17,1,96000.0,91200.0,115200.0,STRONGER,Estimated Project Rent,,6.86,6.51,8.23
7457,Binghatti Tulip,Jumeirah village circle,Binghatti Tulip,0,303.0,680000.0,Al Barsha South Fourth,Ready,RENTAL_MARKET_RENT_V1_CANDIDATE,GROSS_RENTAL_YIELD_V1_CANDIDATE,R2,19,1,48000.0,43200.0,50400.0,STRONGER,Estimated Project Rent,,7.06,6.35,7.41
5612,Azizi Lina,Jebel Ali,Azizi Lina,1,653.0,947000.0,Jabal Ali First,Ready,RENTAL_MARKET_RENT_V1_CANDIDATE,GROSS_RENTAL_YIELD_V1_CANDIDATE,R4,2547,30,45120.0,38400.0,57600.0,BROADER,Estimated Area Rent,Based on broader area rental comparables. Individual building rents may differ materially.,4.76,4.05,6.08
432,Creek Beach Orchid,Dubai Creek Harbour,Creek Beach Orchid,1,679.0,1700000.0,Al Khairan First,Ready,RENTAL_MARKET_RENT_V1_CANDIDATE,GROSS_RENTAL_YIELD_V1_CANDIDATE,R2,405,1,88320.0,81600.0,100800.0,STRONGER,Estimated Project Rent,,5.2,4.8,5.93
4750,Canal Residence West,Dubai Sports City,Canal Residence West,1,931.0,850000.0,Al Hebiah Fourth,Ready,RENTAL_MARKET_RENT_V1_CANDIDATE,GROSS_RENTAL_YIELD_V1_CANDIDATE,R4,1999,55,55680.0,49440.0,62400.0,BROADER,Estimated Area Rent,Based on broader area rental comparables. Individual building rents may differ materially.,6.55,5.82,7.34
5961,Vera Residences,Business Bay,Vera Residences,2,908.0,1700000.0,Business Bay,Ready,RENTAL_MARKET_RENT_V1_CANDIDATE,GROSS_RENTAL_YIELD_V1_CANDIDATE,R4,3163,85,86400.0,76800.0,105600.0,BROADER,Estimated Area Rent,Based on broader area rental comparables. Individual building rents may differ materially.,5.08,4.52,6.21
7727,Oakley Square Residences,Jumeirah village circle,Oakley Square Residences,0,507.0,840000.0,Al Barsha South Fourth,Ready,RENTAL_MARKET_RENT_V1_CANDIDATE,GROSS_RENTAL_YIELD_V1_CANDIDATE,R2,23,1,60480.0,53330.0,64320.0,STRONGER,Estimated Project Rent,,7.2,6.35,7.66
3440,Royal Bay,Palm Jumeirah,Royal Bay,1,791.0,2000000.0,Palm Jumeirah,Ready,RENTAL_MARKET_RENT_V1_CANDIDATE,GROSS_RENTAL_YIELD_V1_CANDIDATE,R4,101,8,115200.0,96000.0,132923.0,BROADER,Estimated Area Rent,Based on broader area rental comparables. Individual building rents may differ materially.,5.76,4.8,6.65
1976,Uniestate Prime Tower,Jumeirah village circle,Uniestate Prime Tower,0,451.0,620000.0,Al Barsha South Fourth,Ready,RENTAL_MARKET_RENT_V1_CANDIDATE,GROSS_RENTAL_YIELD_V1_CANDIDATE,R1,10,1,40320.0,40320.0,45120.0,STRONGEST,Estimated Project Rent (Exact Bedroom Match),,6.5,6.5,7.28
1824,48 Parkside,Arjan,48 Parkside,1,748.0,1102050.0,Al Barshaa South Third,Ready,RENTAL_MARKET_RENT_V1_CANDIDATE,GROSS_RENTAL_YIELD_V1_CANDIDATE,R2,18,1,76800.0,72313.0,81600.0,STRONGER,Estimated Project Rent,,6.97,6.56,7.4
2645,The Atria,Business Bay,The Atria,2,1262.0,2821460.0,Business Bay,Ready,RENTAL_MARKET_RENT_V1_CANDIDATE,GROSS_RENTAL_YIELD_V1_CANDIDATE,R2,46,1,124800.0,115200.0,134400.0,STRONGER,Estimated Project Rent,,4.42,4.08,4.76
87,Binghatti Amber,Jumeirah village circle,Binghatti Amber,2,1268.0,1600000.0,Al Barsha South Fourth,Ready,RENTAL_MARKET_RENT_V1_CANDIDATE,GROSS_RENTAL_YIELD_V1_CANDIDATE,R2,19,1,110400.0,96000.0,120000.0,STRONGER,Estimated Project Rent,,6.9,6.0,7.5
3160,Marquise Square,Business Bay,Marquise Square,0,517.0,1225000.0,Business Bay,Ready,RENTAL_MARKET_RENT_V1_CANDIDATE,GROSS_RENTAL_YIELD_V1_CANDIDATE,R3,64,23,57600.0,48000.0,69120.0,STRONG,Estimated Area Rent (Bedroom Match),,4.7,3.92,5.64
8262,Binghatti Orchid,Jumeirah village circle,Binghatti Orchid,2,1251.0,1700000.0,Al Barsha South Fourth,Ready,RENTAL_MARKET_RENT_V1_CANDIDATE,GROSS_RENTAL_YIELD_V1_CANDIDATE,R2,38,1,110400.0,105600.0,120000.0,STRONGER,Estimated Project Rent,,6.49,6.21,7.06
4872,Binghatti Canal,Business Bay,Binghatti Canal,1,717.0,1650000.0,Business Bay,Ready,RENTAL_MARKET_RENT_V1_CANDIDATE,GROSS_RENTAL_YIELD_V1_CANDIDATE,R2,32,1,105600.0,91200.0,115200.0,STRONGER,Estimated Project Rent,,6.4,5.53,6.98
5193,Serenity Lakes 2,Jumeirah village circle,Serenity Lakes 2,0,402.0,540000.0,Al Barsha South Fourth,Ready,RENTAL_MARKET_RENT_V1_CANDIDATE,GROSS_RENTAL_YIELD_V1_CANDIDATE,R3,118,36,43200.0,38400.0,46080.0,STRONG,Estimated Area Rent (Bedroom Match),,8.0,7.11,8.53
7780,The Residence by Prestige One,Jumeirah village circle,The Residence by Prestige One,0,467.0,725000.0,Al Barsha South Fourth,Ready,RENTAL_MARKET_RENT_V1_CANDIDATE,GROSS_RENTAL_YIELD_V1_CANDIDATE,R2,7,1,46080.0,44308.0,49920.0,STRONGER,Estimated Project Rent,,6.36,6.11,6.89
107,Binghatti Lavender,Jumeirah village circle,Binghatti Lavender,1,739.0,1100000.0,Al Barsha South Fourth,Ready,RENTAL_MARKET_RENT_V1_CANDIDATE,GROSS_RENTAL_YIELD_V1_CANDIDATE,R2,40,1,72000.0,67200.0,76800.0,STRONGER,Estimated Project Rent,,6.55,6.11,6.98
914,Laya Mansion,Jumeirah village circle,Laya Mansion,0,371.0,580000.0,Al Barsha South Fourth,Ready,RENTAL_MARKET_RENT_V1_CANDIDATE,GROSS_RENTAL_YIELD_V1_CANDIDATE,R2,40,1,43200.0,38400.0,50880.0,STRONGER,Estimated Project Rent,,7.45,6.62,8.77
6630,The Autograph Residences,Jumeirah village circle,The Autograph Residences,1,793.0,1500000.0,Al Barsha South Fourth,Ready,RENTAL_MARKET_RENT_V1_CANDIDATE,GROSS_RENTAL_YIELD_V1_CANDIDATE,R4,5104,212,63360.0,57600.0,72000.0,BROADER,Estimated Area Rent,Based on broader area rental comparables. Individual building rents may differ materially.,4.22,3.84,4.8
800,Azizi Amber,Al Furjan,Azizi Amber,1,599.0,1420000.0,Jabal Ali First,Ready,RENTAL_MARKET_RENT_V1_CANDIDATE,GROSS_RENTAL_YIELD_V1_CANDIDATE,R2,8,1,64320.0,57600.0,67200.0,STRONGER,Estimated Project Rent,,4.53,4.06,4.73
7669,Pantheon Elysee III,Jumeirah village circle,Pantheon Elysee III,0,406.0,625000.0,Al Barsha South Fourth,Ready,RENTAL_MARKET_RENT_V1_CANDIDATE,GROSS_RENTAL_YIELD_V1_CANDIDATE,R3,124,36,43200.0,38400.0,46080.0,STRONG,Estimated Area Rent (Bedroom Match),,6.91,6.14,7.37
5582,Marquise Square,Business Bay,Marquise Square,2,1658.0,2900000.0,Business Bay,Ready,RENTAL_MARKET_RENT_V1_CANDIDATE,GROSS_RENTAL_YIELD_V1_CANDIDATE,R4,2669,74,129600.0,108275.0,151200.0,BROADER,Estimated Area Rent,Based on broader area rental comparables. Individual building rents may differ materially.,4.47,3.73,5.21
414,Binghatti Tulip,Jumeirah village circle,Binghatti Tulip,1,612.0,1020000.0,Al Barsha South Fourth,Ready,RENTAL_MARKET_RENT_V1_CANDIDATE,GROSS_RENTAL_YIELD_V1_CANDIDATE,R2,37,1,65105.0,62400.0,67200.0,STRONGER,Estimated Project Rent,,6.38,6.12,6.59
2184,Grand Bleu Tower 1,EMAAR Beachfront,Grand Bleu Tower 1,2,1768.0,6500000.0,Marsa Dubai,Ready,RENTAL_MARKET_RENT_V1_CANDIDATE,GROSS_RENTAL_YIELD_V1_CANDIDATE,R4,3094,61,144000.0,120000.0,172800.0,BROADER,Estimated Area Rent,Based on broader area rental comparables. Individual building rents may differ materially.,2.22,1.85,2.66
5579,Creek Rise Tower 1,Dubai Creek Harbour,Creek Rise Tower 1,1,825.0,2000000.0,Al Khairan First,Ready,RENTAL_MARKET_RENT_V1_CANDIDATE,GROSS_RENTAL_YIELD_V1_CANDIDATE,R4,5468,31,91198.0,81600.0,105598.0,BROADER,Estimated Area Rent,Based on broader area rental comparables. Individual building rents may differ materially.,4.56,4.08,5.28
6401,Divine Elements,Dubai South,Divine Elements,0,359.0,663000.0,Madinat Al Mataar,Ready,RENTAL_MARKET_RENT_V1_CANDIDATE,GROSS_RENTAL_YIELD_V1_CANDIDATE,R3,50,6,38400.0,34560.0,41280.0,STRONG,Estimated Area Rent (Bedroom Match),,5.79,5.21,6.23
4461,Eleganz,Jumeirah village circle,Eleganz,2,1627.0,2767000.0,Al Barsha South Fourth,Ready,RENTAL_MARKET_RENT_V1_CANDIDATE,GROSS_RENTAL_YIELD_V1_CANDIDATE,R4,1038,149,98400.0,78720.0,115200.0,BROADER,Estimated Area Rent,Based on broader area rental comparables. Individual building rents may differ materially.,3.56,2.84,4.16
2313,Binghatti Gardenia,Jumeirah village circle,Binghatti Gardenia,1,643.0,1100000.0,Al Barsha South Fourth,Ready,RENTAL_MARKET_RENT_V1_CANDIDATE,GROSS_RENTAL_YIELD_V1_CANDIDATE,R2,53,1,67200.0,62400.0,71040.0,STRONGER,Estimated Project Rent,,6.11,5.67,6.46
5683,Urban Oasis by Missoni,Business Bay,Urban Oasis by Missoni,1,635.0,1500000.0,Business Bay,Ready,RENTAL_MARKET_RENT_V1_CANDIDATE,GROSS_RENTAL_YIELD_V1_CANDIDATE,R4,2335,73,72000.0,62400.0,86400.0,BROADER,Estimated Area Rent,Based on broader area rental comparables. Individual building rents may differ materially.,4.8,4.16,5.76
3522,The Atria,Business Bay,The Atria,1,795.0,1820770.0,Business Bay,Ready,RENTAL_MARKET_RENT_V1_CANDIDATE,GROSS_RENTAL_YIELD_V1_CANDIDATE,R2,27,1,86400.0,80640.0,96000.0,STRONGER,Estimated Project Rent,,4.75,4.43,5.27
3451,Binghatti Onyx,Jumeirah village circle,Binghatti Onyx,1,692.0,1100000.0,Al Barsha South Fourth,Ready,RENTAL_MARKET_RENT_V1_CANDIDATE,GROSS_RENTAL_YIELD_V1_CANDIDATE,R2,146,1,72000.0,67200.0,75840.0,STRONGER,Estimated Project Rent,,6.55,6.11,6.89
4817,Binghatti House,Jumeirah village circle,Binghatti House,1,647.0,1000000.0,Al Barsha South Fourth,Ready,RENTAL_MARKET_RENT_V1_CANDIDATE,GROSS_RENTAL_YIELD_V1_CANDIDATE,R2,63,1,67200.0,62400.0,72000.0,STRONGER,Estimated Project Rent,,6.72,6.24,7.2
5801,Empire Residences,Jumeirah village circle,Empire Residences,0,375.0,690000.0,Al Barsha South Fourth,Ready,RENTAL_MARKET_RENT_V1_CANDIDATE,GROSS_RENTAL_YIELD_V1_CANDIDATE,R3,88,25,43200.0,38400.0,46080.0,STRONG,Estimated Area Rent (Bedroom Match),,6.26,5.57,6.68
3265,DAMAC Majestine,Business Bay,DAMAC Majestine,0,478.0,950000.0,Business Bay,Ready,RENTAL_MARKET_RENT_V1_CANDIDATE,GROSS_RENTAL_YIELD_V1_CANDIDATE,R3,65,24,57600.0,48000.0,69120.0,STRONG,Estimated Area Rent (Bedroom Match),,6.06,5.05,7.28
8028,Evelyn on the Park,Town Square Dubai,Evelyn on the Park,1,765.0,1329888.0,Wadi Al Safa 3,Ready,RENTAL_MARKET_RENT_V1_CANDIDATE,GROSS_RENTAL_YIELD_V1_CANDIDATE,R4,1062,22,52800.0,45868.0,62400.0,BROADER,Estimated Area Rent,Based on broader area rental comparables. Individual building rents may differ materially.,3.97,3.45,4.69
5303,Serenity Lakes 5,Jumeirah village circle,Serenity Lakes 5,0,481.0,650000.0,Al Barsha South Fourth,Ready,RENTAL_MARKET_RENT_V1_CANDIDATE,GROSS_RENTAL_YIELD_V1_CANDIDATE,R2,27,1,46080.0,43200.0,50112.0,STRONGER,Estimated Project Rent,,7.09,6.65,7.71
8120,Laya Mansion,Jumeirah village circle,Laya Mansion,1,940.0,925000.0,Al Barsha South Fourth,Ready,RENTAL_MARKET_RENT_V1_CANDIDATE,GROSS_RENTAL_YIELD_V1_CANDIDATE,R2,18,1,72576.0,67200.0,76800.0,STRONGER,Estimated Project Rent,,7.85,7.26,8.3
5528,Creek Rise Tower 1,Dubai Creek Harbour,Creek Rise Tower 1,3,1664.0,3700000.0,Al Khairan First,Ready,RENTAL_MARKET_RENT_V1_CANDIDATE,GROSS_RENTAL_YIELD_V1_CANDIDATE,R4,1823,31,172800.0,155520.0,196800.0,BROADER,Estimated Area Rent,Based on broader area rental comparables. Individual building rents may differ materially.,4.67,4.2,5.32
7449,Creek Rise Tower 1,Dubai Creek Harbour,Creek Rise Tower 1,2,1108.0,2800000.0,Al Khairan First,Ready,RENTAL_MARKET_RENT_V1_CANDIDATE,GROSS_RENTAL_YIELD_V1_CANDIDATE,R4,3914,31,124800.0,110400.0,142137.0,BROADER,Estimated Area Rent,Based on broader area rental comparables. Individual building rents may differ materially.,4.46,3.94,5.08
6056,Imperial Avenue,Downtown Dubai,Imperial Avenue,3,2049.0,6300000.0,Burj Khalifa,Ready,RENTAL_MARKET_RENT_V1_CANDIDATE,GROSS_RENTAL_YIELD_V1_CANDIDATE,R2,27,1,278400.0,264000.0,297600.0,STRONGER,Estimated Project Rent,,4.42,4.19,4.72
1656,AG Tower,Business Bay,AG Tower,0,443.0,987000.0,Business Bay,Ready,RENTAL_MARKET_RENT_V1_CANDIDATE,GROSS_RENTAL_YIELD_V1_CANDIDATE,R2,58,1,57600.0,52800.0,65280.0,STRONGER,Estimated Project Rent,,5.84,5.35,6.61
7378,Urban Oasis by Missoni,Business Bay,Urban Oasis by Missoni,2,904.0,2900000.0,Business Bay,Ready,RENTAL_MARKET_RENT_V1_CANDIDATE,GROSS_RENTAL_YIELD_V1_CANDIDATE,R4,3204,85,86400.0,76800.0,105600.0,BROADER,Estimated Area Rent,Based on broader area rental comparables. Individual building rents may differ materially.,2.98,2.65,3.64
7918,The Residence by Prestige One,Jumeirah village circle,The Residence by Prestige One,2,1322.0,1990000.0,Al Barsha South Fourth,Ready,RENTAL_MARKET_RENT_V1_CANDIDATE,GROSS_RENTAL_YIELD_V1_CANDIDATE,R2,6,1,118080.0,115200.0,121920.0,STRONGER,Estimated Project Rent,,5.93,5.79,6.13
5431,Pantheon Elysee II,Jumeirah village circle,Pantheon Elysee II,0,393.0,700000.0,Al Barsha South Fourth,Ready,RENTAL_MARKET_RENT_V1_CANDIDATE,GROSS_RENTAL_YIELD_V1_CANDIDATE,R3,105,31,43200.0,38400.0,47232.0,STRONG,Estimated Area Rent (Bedroom Match),,6.17,5.49,6.75
1118,Binghatti House,Jumeirah village circle,Binghatti House,2,1105.0,1800000.0,Al Barsha South Fourth,Ready,RENTAL_MARKET_RENT_V1_CANDIDATE,GROSS_RENTAL_YIELD_V1_CANDIDATE,R2,19,1,110880.0,100800.0,134015.0,STRONGER,Estimated Project Rent,,6.16,5.6,7.45
2620,Avanti Tower,Business Bay,Avanti Tower,1,950.0,1516000.0,Business Bay,Ready,RENTAL_MARKET_RENT_V1_CANDIDATE,GROSS_RENTAL_YIELD_V1_CANDIDATE,R2,16,1,81600.0,72000.0,88320.0,STRONGER,Estimated Project Rent,,5.38,4.75,5.83
2965,Binghatti Onyx,Jumeirah village circle,Binghatti Onyx,2,1550.0,2500000.0,Al Barsha South Fourth,Ready,RENTAL_MARKET_RENT_V1_CANDIDATE,GROSS_RENTAL_YIELD_V1_CANDIDATE,R2,51,1,129600.0,115200.0,140160.0,STRONGER,Estimated Project Rent,,5.18,4.61,5.61
3766,Imperial Avenue,Downtown Dubai,Imperial Avenue,1,859.0,2500000.0,Burj Khalifa,Ready,RENTAL_MARKET_RENT_V1_CANDIDATE,GROSS_RENTAL_YIELD_V1_CANDIDATE,R2,23,1,120000.0,105600.0,134400.0,STRONGER,Estimated Project Rent,,4.8,4.22,5.38
6032,Luma22,Jumeirah village circle,Luma22,1,1036.0,1350000.0,Al Barsha South Fourth,Ready,RENTAL_MARKET_RENT_V1_CANDIDATE,GROSS_RENTAL_YIELD_V1_CANDIDATE,R2,39,1,83520.0,78720.0,87360.0,STRONGER,Estimated Project Rent,,6.19,5.83,6.47
1227,Sunrise Bay,EMAAR Beachfront,Sunrise Bay,2,1394.0,4290000.0,Marsa Dubai,Ready,RENTAL_MARKET_RENT_V1_CANDIDATE,GROSS_RENTAL_YIELD_V1_CANDIDATE,R2,42,1,177600.0,153600.0,201600.0,STRONGER,Estimated Project Rent,,4.14,3.58,4.7
6113,Bayshore at Creek Beach,Dubai Creek Harbour,Bayshore at Creek Beach,1,906.0,2000000.0,Al Khairan First,Ready,RENTAL_MARKET_RENT_V1_CANDIDATE,GROSS_RENTAL_YIELD_V1_CANDIDATE,R4,5972,31,100800.0,86400.0,120000.0,BROADER,Estimated Area Rent,Based on broader area rental comparables. Individual building rents may differ materially.,5.04,4.32,6.0
5860,LIV Residence,Dubai Marina,LIV Residence,2,1767.0,4900000.0,Marsa Dubai,Ready,RENTAL_MARKET_RENT_V1_CANDIDATE,GROSS_RENTAL_YIELD_V1_CANDIDATE,R2,10,1,182400.0,168000.0,192000.0,STRONGER,Estimated Project Rent,,3.72,3.43,3.92
2951,Binghatti Orchid,Jumeirah village circle,Binghatti Orchid,1,777.0,1060000.0,Al Barsha South Fourth,Ready,RENTAL_MARKET_RENT_V1_CANDIDATE,GROSS_RENTAL_YIELD_V1_CANDIDATE,R2,63,1,71040.0,65280.0,74880.0,STRONGER,Estimated Project Rent,,6.7,6.16,7.06
2265,Binghatti Amber,Jumeirah village circle,Binghatti Amber,1,989.0,1300000.0,Al Barsha South Fourth,Ready,RENTAL_MARKET_RENT_V1_CANDIDATE,GROSS_RENTAL_YIELD_V1_CANDIDATE,R2,41,1,72000.0,67200.0,81600.0,STRONGER,Estimated Project Rent,,5.54,5.17,6.28
7137,Binghatti Galaxy,Jumeirah village circle,Binghatti Galaxy,1,871.0,1687500.0,Al Barsha South Fourth,Ready,RENTAL_MARKET_RENT_V1_CANDIDATE,GROSS_RENTAL_YIELD_V1_CANDIDATE,R2,19,1,76800.0,69120.0,84480.0,STRONGER,Estimated Project Rent,,4.55,4.1,5.01
5156,Binghatti Canal,Business Bay,Binghatti Canal,2,1283.0,3150000.0,Business Bay,Ready,RENTAL_MARKET_RENT_V1_CANDIDATE,GROSS_RENTAL_YIELD_V1_CANDIDATE,R2,14,1,158400.0,134400.0,163200.0,STRONGER,Estimated Project Rent,,5.03,4.27,5.18
3167,Binghatti Dusk,Jumeirah village circle,Binghatti Dusk,1,899.0,1300000.0,Al Barsha South Fourth,Ready,RENTAL_MARKET_RENT_V1_CANDIDATE,GROSS_RENTAL_YIELD_V1_CANDIDATE,R4,4953,210,67200.0,57600.0,74880.0,BROADER,Estimated Area Rent,Based on broader area rental comparables. Individual building rents may differ materially.,5.17,4.43,5.76
3599,Pantheon Elysee II,Jumeirah village circle,Pantheon Elysee II,1,753.0,1150000.0,Al Barsha South Fourth,Ready,RENTAL_MARKET_RENT_V1_CANDIDATE,GROSS_RENTAL_YIELD_V1_CANDIDATE,R4,4843,209,62400.0,56448.0,72000.0,BROADER,Estimated Area Rent,Based on broader area rental comparables. Individual building rents may differ materially.,5.43,4.91,6.26
655,Pantheon Elysee III,Jumeirah village circle,Pantheon Elysee III,1,666.0,1200000.0,Al Barsha South Fourth,Ready,RENTAL_MARKET_RENT_V1_CANDIDATE,GROSS_RENTAL_YIELD_V1_CANDIDATE,R4,3813,198,60480.0,52800.0,67200.0,BROADER,Estimated Area Rent,Based on broader area rental comparables. Individual building rents may differ materially.,5.04,4.4,5.6
6176,Catch Residence by IGO,Jumeirah village circle,Catch Residence by IGO,1,905.0,1500000.0,Al Barsha South Fourth,Ready,RENTAL_MARKET_RENT_V1_CANDIDATE,GROSS_RENTAL_YIELD_V1_CANDIDATE,R4,4853,210,67200.0,57600.0,74880.0,BROADER,Estimated Area Rent,Based on broader area rental comparables. Individual building rents may differ materially.,4.48,3.84,4.99
3901,Trillionaire Residences,Business Bay,Trillionaire Residences,0,549.0,1900000.0,Business Bay,Ready,RENTAL_MARKET_RENT_V1_CANDIDATE,GROSS_RENTAL_YIELD_V1_CANDIDATE,R3,65,23,61701.0,48000.0,71040.0,STRONG,Estimated Area Rent (Bedroom Match),,3.25,2.53,3.74
2252,Imperial Avenue,Downtown Dubai,Imperial Avenue,2,1458.0,5100000.0,Burj Khalifa,Ready,RENTAL_MARKET_RENT_V1_CANDIDATE,GROSS_RENTAL_YIELD_V1_CANDIDATE,R2,33,1,182400.0,165600.0,201600.0,STRONGER,Estimated Project Rent,,3.58,3.25,3.95
3533,Aykon City Tower,Business Bay,Aykon City Tower,0,413.0,1041600.0,Business Bay,Ready,RENTAL_MARKET_RENT_V1_CANDIDATE,GROSS_RENTAL_YIELD_V1_CANDIDATE,R3,41,22,55680.0,48000.0,64800.0,STRONG,Estimated Area Rent (Bedroom Match),,5.35,4.61,6.22
7292,Aykon City Tower,Business Bay,Aykon City Tower,1,646.0,1624350.0,Business Bay,Ready,RENTAL_MARKET_RENT_V1_CANDIDATE,GROSS_RENTAL_YIELD_V1_CANDIDATE,R4,2449,77,75200.0,64320.0,90720.0,BROADER,Estimated Area Rent,Based on broader area rental comparables. Individual building rents may differ materially.,4.63,3.96,5.59
1113,Binghatti Gardenia,Jumeirah village circle,Binghatti Gardenia,2,3008.0,2530000.0,Al Barsha South Fourth,Ready,RENTAL_MARKET_RENT_V1_CANDIDATE,GROSS_RENTAL_YIELD_V1_CANDIDATE,R4,91,18,134400.0,102720.0,144000.0,BROADER,Estimated Area Rent,Based on broader area rental comparables. Individual building rents may differ materially.,5.31,4.06,5.69
8019,DAMAC Majestine,Business Bay,DAMAC Majestine,1,1578.0,2477000.0,Business Bay,Ready,RENTAL_MARKET_RENT_V1_CANDIDATE,GROSS_RENTAL_YIELD_V1_CANDIDATE,R4,2694,75,126720.0,106634.0,145920.0,BROADER,Estimated Area Rent,Based on broader area rental comparables. Individual building rents may differ materially.,5.12,4.3,5.89
7841,Uniestate Prime Tower,Jumeirah village circle,Uniestate Prime Tower,1,1890.0,1908900.0,Al Barsha South Fourth,Ready,RENTAL_MARKET_RENT_V1_CANDIDATE,GROSS_RENTAL_YIELD_V1_CANDIDATE,R4,542,110,105600.0,86400.0,124800.0,BROADER,Estimated Area Rent,Based on broader area rental comparables. Individual building rents may differ materially.,5.53,4.53,6.54
6904,creek edge,Dubai Creek Harbour,creek edge,1,689.0,931000.0,Al Khairan First,Ready,RENTAL_MARKET_RENT_V1_CANDIDATE,GROSS_RENTAL_YIELD_V1_CANDIDATE,R2,85,1,86400.0,82656.0,96000.0,STRONGER,Estimated Project Rent,,9.28,8.88,10.31
3668,Nobles Tower,Business Bay,Nobles Tower,1,847.0,2702660.0,Business Bay,Ready,RENTAL_MARKET_RENT_V1_CANDIDATE,GROSS_RENTAL_YIELD_V1_CANDIDATE,R4,3448,86,86400.0,74880.0,103679.0,BROADER,Estimated Area Rent,Based on broader area rental comparables. Individual building rents may differ materially.,3.2,2.77,3.84
7061,azizi mina,Palm Jumeirah,azizi mina,2,1522.0,4500000.0,Palm Jumeirah,Ready,RENTAL_MARKET_RENT_V1_CANDIDATE,GROSS_RENTAL_YIELD_V1_CANDIDATE,R4,1081,18,172800.0,148800.0,200376.0,BROADER,Estimated Area Rent,Based on broader area rental comparables. Individual building rents may differ materially.,3.84,3.31,4.45
392,Marriott Residences,Business Bay,Marriott Residences,1,732.0,2576780.0,Business Bay,Ready,RENTAL_MARKET_RENT_V1_CANDIDATE,GROSS_RENTAL_YIELD_V1_CANDIDATE,R4,2884,84,81600.0,70560.0,98880.0,BROADER,Estimated Area Rent,Based on broader area rental comparables. Individual building rents may differ materially.,3.17,2.74,3.84
3190,azizi mina,Palm Jumeirah,azizi mina,1,1173.0,3667000.0,Palm Jumeirah,Ready,RENTAL_MARKET_RENT_V1_CANDIDATE,GROSS_RENTAL_YIELD_V1_CANDIDATE,R4,570,14,144000.0,124800.0,168000.0,BROADER,Estimated Area Rent,Based on broader area rental comparables. Individual building rents may differ materially.,3.93,3.4,4.58
7930,Muraba Residences,Palm Jumeirah,Muraba Residences,2,1965.0,7826920.0,Palm Jumeirah,Ready,RENTAL_MARKET_RENT_V1_CANDIDATE,GROSS_RENTAL_YIELD_V1_CANDIDATE,R4,1268,21,201961.0,172800.0,249600.0,BROADER,Estimated Area Rent,Based on broader area rental comparables. Individual building rents may differ materially.,2.58,2.21,3.19
7266,Ahad Residences,Business Bay,Ahad Residences,1,894.0,1800000.0,Business Bay,Ready,RENTAL_MARKET_RENT_V1_CANDIDATE,GROSS_RENTAL_YIELD_V1_CANDIDATE,R2,65,1,110400.0,105600.0,120000.0,STRONGER,Estimated Project Rent,,6.13,5.87,6.67
1074,Ahad Residences,Business Bay,Ahad Residences,0,453.0,1250000.0,Business Bay,Ready,RENTAL_MARKET_RENT_V1_CANDIDATE,GROSS_RENTAL_YIELD_V1_CANDIDATE,R2,22,1,76800.0,72000.0,90720.0,STRONGER,Estimated Project Rent,,6.14,5.76,7.26
6954,Terraces Marasi Drive,Business Bay,Terraces Marasi Drive,1,,2000000.0,Business Bay,Ready,RENTAL_MARKET_RENT_V1_CANDIDATE,GROSS_RENTAL_YIELD_V1_CANDIDATE,NONE,0,0,,,,NONE,,No DLD rental area or size,,,
6473,Empire Residences,Jumeirah village circle,Empire Residences,1,701.0,950000.0,Al Barsha South Fourth,Ready,RENTAL_MARKET_RENT_V1_CANDIDATE,GROSS_RENTAL_YIELD_V1_CANDIDATE,R4,4339,206,62400.0,54720.0,70080.0,BROADER,Estimated Area Rent,Based on broader area rental comparables. Individual building rents may differ materially.,6.57,5.76,7.38
2378,7 Park Central By Meteora,Jumeirah village circle,7 Park Central By Meteora,1,768.0,985000.0,Al Barsha South Fourth,Ready,RENTAL_MARKET_RENT_V1_CANDIDATE,GROSS_RENTAL_YIELD_V1_CANDIDATE,R4,4956,212,63280.0,56496.0,72000.0,BROADER,Estimated Area Rent,Based on broader area rental comparables. Individual building rents may differ materially.,6.42,5.74,7.31
6690,Samana Hills,Arjan,Samana Hills,1,585.0,849501.0,Al Barshaa South Third,Ready,RENTAL_MARKET_RENT_V1_CANDIDATE,GROSS_RENTAL_YIELD_V1_CANDIDATE,R2,30,1,65280.0,59520.0,69120.0,STRONGER,Estimated Project Rent,,7.68,7.01,8.14
3194,Sunrise Bay,EMAAR Beachfront,Sunrise Bay,3,1925.0,6800000.0,Marsa Dubai,Ready,RENTAL_MARKET_RENT_V1_CANDIDATE,GROSS_RENTAL_YIELD_V1_CANDIDATE,R2,11,1,336000.0,336000.0,336000.0,STRONGER,Estimated Project Rent,,4.94,4.94,4.94
3276,La Residenza,Jumeirah village circle,La Residenza,2,1126.0,1428000.0,Al Barsha South Fourth,Ready,RENTAL_MARKET_RENT_V1_CANDIDATE,GROSS_RENTAL_YIELD_V1_CANDIDATE,R2,11,1,100243.0,89280.0,105600.0,STRONGER,Estimated Project Rent,,7.02,6.25,7.39
1208,Marquise Square,Business Bay,Marquise Square,1,1064.0,2100000.0,Business Bay,Ready,RENTAL_MARKET_RENT_V1_CANDIDATE,GROSS_RENTAL_YIELD_V1_CANDIDATE,R4,3303,87,96000.0,80777.0,115200.0,BROADER,Estimated Area Rent,Based on broader area rental comparables. Individual building rents may differ materially.,4.57,3.85,5.49
7157,The Atria,Business Bay,The Atria,3,2004.0,4180000.0,Business Bay,Ready,RENTAL_MARKET_RENT_V1_CANDIDATE,GROSS_RENTAL_YIELD_V1_CANDIDATE,R2,32,1,134400.0,120000.0,153470.0,STRONGER,Estimated Project Rent,,3.22,2.87,3.67
6316,Me Do Re,Jumeirah Lake Towers,Me Do Re,3,2233.0,5500000.0,Al Thanyah Fifth,Ready,RENTAL_MARKET_RENT_V1_CANDIDATE,GROSS_RENTAL_YIELD_V1_CANDIDATE,R4,422,24,153600.0,126720.0,175200.0,BROADER,Estimated Area Rent,Based on broader area rental comparables. Individual building rents may differ materially.,2.79,2.3,3.19
5216,Oxford Terraces 2,Jumeirah village circle,Oxford Terraces 2,2,1150.0,1850000.0,Al Barsha South Fourth,Ready,RENTAL_MARKET_RENT_V1_CANDIDATE,GROSS_RENTAL_YIELD_V1_CANDIDATE,R2,9,1,124800.0,105600.0,144000.0,STRONGER,Estimated Project Rent,,6.75,5.71,7.78
1746,Binghatti Nova,Jumeirah village circle,Binghatti Nova,1,635.0,950000.0,Al Barsha South Fourth,Ready,RENTAL_MARKET_RENT_V1_CANDIDATE,GROSS_RENTAL_YIELD_V1_CANDIDATE,R2,55,1,62400.0,57600.0,69120.0,STRONGER,Estimated Project Rent,,6.57,6.06,7.28
2185,Azizi Amber,Al Furjan,Azizi Amber,2,992.0,1450000.0,Jabal Ali First,Ready,RENTAL_MARKET_RENT_V1_CANDIDATE,GROSS_RENTAL_YIELD_V1_CANDIDATE,R2,13,1,86400.0,76800.0,91200.0,STRONGER,Estimated Project Rent,,5.96,5.3,6.29
2859,Oxford Terraces 2,Jumeirah village circle,Oxford Terraces 2,0,482.0,880000.0,Al Barsha South Fourth,Ready,RENTAL_MARKET_RENT_V1_CANDIDATE,GROSS_RENTAL_YIELD_V1_CANDIDATE,R2,10,1,63360.0,49920.0,69120.0,STRONGER,Estimated Project Rent,,7.2,5.67,7.85
3453,Samana Hills,Arjan,Samana Hills,0,360.0,600000.0,Al Barshaa South Third,Ready,RENTAL_MARKET_RENT_V1_CANDIDATE,GROSS_RENTAL_YIELD_V1_CANDIDATE,R2,45,1,45120.0,38400.0,48000.0,STRONGER,Estimated Project Rent,,7.52,6.4,8.0
1848,Binghatti Twilight,Al Jadaf Waterfront,Binghatti Twilight,1,807.0,1340000.0,Al Jadaf,Ready,RENTAL_MARKET_RENT_V1_CANDIDATE,GROSS_RENTAL_YIELD_V1_CANDIDATE,R4,2013,24,67200.0,58777.0,72758.0,BROADER,Estimated Area Rent,Based on broader area rental comparables. Individual building rents may differ materially.,5.01,4.39,5.43
7299,The Residence by Prestige One,Jumeirah village circle,The Residence by Prestige One,1,790.0,1099000.0,Al Barsha South Fourth,Ready,RENTAL_MARKET_RENT_V1_CANDIDATE,GROSS_RENTAL_YIELD_V1_CANDIDATE,R2,5,1,69120.0,69120.0,69120.0,STRONGER,Estimated Project Rent,,6.29,6.29,6.29
2435,Royal Yacht Club Residence,Dubai Islands,Royal Yacht Club Residence,1,720.0,2300000.0,Palm Deira,Ready,RENTAL_MARKET_RENT_V1_CANDIDATE,GROSS_RENTAL_YIELD_V1_CANDIDATE,NONE,0,0,,,,NONE,,Insufficient comparable rental data,,,
4695,Oxford Terraces 2,Jumeirah village circle,Oxford Terraces 2,1,796.0,1250000.0,Al Barsha South Fourth,Ready,RENTAL_MARKET_RENT_V1_CANDIDATE,GROSS_RENTAL_YIELD_V1_CANDIDATE,R2,13,1,86400.0,81600.0,86400.0,STRONGER,Estimated Project Rent,,6.91,6.53,6.91
2785,Vincitore Volare,Arjan,Vincitore Volare,2,1430.0,1700000.0,Al Barshaa South Third,Ready,RENTAL_MARKET_RENT_V1_CANDIDATE,GROSS_RENTAL_YIELD_V1_CANDIDATE,R4,1642,45,86400.0,72960.0,105600.0,BROADER,Estimated Area Rent,Based on broader area rental comparables. Individual building rents may differ materially.,5.08,4.29,6.21
802,Azizi Amber,Al Furjan,Azizi Amber,3,1261.0,2057000.0,Jabal Ali First,Ready,RENTAL_MARKET_RENT_V1_CANDIDATE,GROSS_RENTAL_YIELD_V1_CANDIDATE,R2,16,1,86400.0,81600.0,96000.0,STRONGER,Estimated Project Rent,,4.2,3.97,4.67
6436,Jumeirah Asora Bay,La Mer,Jumeirah Asora Bay,4,6328.0,65000000.0,Jumeirah First,Ready,RENTAL_MARKET_RENT_V1_CANDIDATE,GROSS_RENTAL_YIELD_V1_CANDIDATE,NONE,0,0,,,,NONE,,Insufficient comparable rental data,,,
7246,Azizi Lina,Jebel Ali,Azizi Lina,3,1758.0,2208000.0,Jabal Ali First,Ready,RENTAL_MARKET_RENT_V1_CANDIDATE,GROSS_RENTAL_YIELD_V1_CANDIDATE,R4,1149,36,78720.0,70560.0,96000.0,BROADER,Estimated Area Rent,Based on broader area rental comparables. Individual building rents may differ materially.,3.57,3.2,4.35
2166,The Cove,Dubai Creek Harbour,The Cove,1,745.0,2300000.0,Al Khairan First,Ready,RENTAL_MARKET_RENT_V1_CANDIDATE,GROSS_RENTAL_YIELD_V1_CANDIDATE,R2,18,1,105600.0,80640.0,115200.0,STRONGER,Estimated Project Rent,,4.59,3.51,5.01
4286,Binghatti Galaxy,Jumeirah village circle,Binghatti Galaxy,0,670.0,924374.0,Al Barsha South Fourth,Ready,RENTAL_MARKET_RENT_V1_CANDIDATE,GROSS_RENTAL_YIELD_V1_CANDIDATE,R2,9,1,50880.0,49920.0,62400.0,STRONGER,Estimated Project Rent,,5.5,5.4,6.75
7412,Serenity Lakes 5,Jumeirah village circle,Serenity Lakes 5,2,993.0,1300000.0,Al Barsha South Fourth,Ready,RENTAL_MARKET_RENT_V1_CANDIDATE,GROSS_RENTAL_YIELD_V1_CANDIDATE,R4,4315,208,69120.0,58976.0,76800.0,BROADER,Estimated Area Rent,Based on broader area rental comparables. Individual building rents may differ materially.,5.32,4.54,5.91
5104,Binghatti Tulip,Jumeirah village circle,Binghatti Tulip,2,1221.0,1670000.0,Al Barsha South Fourth,Ready,RENTAL_MARKET_RENT_V1_CANDIDATE,GROSS_RENTAL_YIELD_V1_CANDIDATE,R2,8,1,105600.0,100800.0,124800.0,STRONGER,Estimated Project Rent,,6.32,6.04,7.47
5793,AG Tower,Business Bay,AG Tower,2,1465.0,2238000.0,Business Bay,Ready,RENTAL_MARKET_RENT_V1_CANDIDATE,GROSS_RENTAL_YIELD_V1_CANDIDATE,R2,27,1,96000.0,83520.0,107040.0,STRONGER,Estimated Project Rent,,4.29,3.73,4.78
1298,Creek Rise Tower 1,Dubai Creek Harbour,Creek Rise Tower 1,4,2987.0,9800000.0,Al Khairan First,Ready,RENTAL_MARKET_RENT_V1_CANDIDATE,GROSS_RENTAL_YIELD_V1_CANDIDATE,R4,109,23,278400.0,192000.0,326400.0,BROADER,Estimated Area Rent,Based on broader area rental comparables. Individual building rents may differ materially.,2.84,1.96,3.33
5983,Raffles The Palm Dubai,Palm Jumeirah,Raffles The Palm Dubai,3,3337.0,25750000.0,Palm Jumeirah,Ready,RENTAL_MARKET_RENT_V1_CANDIDATE,GROSS_RENTAL_YIELD_V1_CANDIDATE,R4,142,14,312000.0,242880.0,463291.0,BROADER,Estimated Area Rent,Based on broader area rental comparables. Individual building rents may differ materially.,1.21,0.94,1.8
4432,Binghatti Rose,Jumeirah village circle,Binghatti Rose,2,939.0,1175000.0,Al Barsha South Fourth,Ready,RENTAL_MARKET_RENT_V1_CANDIDATE,GROSS_RENTAL_YIELD_V1_CANDIDATE,R2,20,1,81600.0,76800.0,84480.0,STRONGER,Estimated Project Rent,,6.94,6.54,7.19
4762,Ashton Park Residences,Jumeirah village circle,Ashton Park Residences,1,933.0,1300000.0,Al Barsha South Fourth,Ready,RENTAL_MARKET_RENT_V1_CANDIDATE,GROSS_RENTAL_YIELD_V1_CANDIDATE,R2,5,1,72000.0,72000.0,76800.0,STRONGER,Estimated Project Rent,,5.54,5.54,5.91
2266,Me Do Re,Jumeirah Lake Towers,Me Do Re,0,620.0,1300000.0,Al Thanyah Fifth,Ready,RENTAL_MARKET_RENT_V1_CANDIDATE,GROSS_RENTAL_YIELD_V1_CANDIDATE,R2,9,1,73652.0,69120.0,86400.0,STRONGER,Estimated Project Rent,,5.67,5.32,6.65
3600,Bayshore at Creek Beach,Dubai Creek Harbour,Bayshore at Creek Beach,2,985.0,2500000.0,Al Khairan First,Ready,RENTAL_MARKET_RENT_V1_CANDIDATE,GROSS_RENTAL_YIELD_V1_CANDIDATE,R4,4384,31,117600.0,105600.0,134400.0,BROADER,Estimated Area Rent,Based on broader area rental comparables. Individual building rents may differ materially.,4.7,4.22,5.38
4140,Binghatti Gardenia,Jumeirah village circle,Binghatti Gardenia,0,324.0,670000.0,Al Barsha South Fourth,Ready,RENTAL_MARKET_RENT_V1_CANDIDATE,GROSS_RENTAL_YIELD_V1_CANDIDATE,R2,13,1,45120.0,43200.0,49920.0,STRONGER,Estimated Project Rent,,6.73,6.45,7.45
1175,Me Do Re,Jumeirah Lake Towers,Me Do Re,1,1095.0,2200000.0,Al Thanyah Fifth,Ready,RENTAL_MARKET_RENT_V1_CANDIDATE,GROSS_RENTAL_YIELD_V1_CANDIDATE,R2,23,1,120000.0,115200.0,134400.0,STRONGER,Estimated Project Rent,,5.45,5.24,6.11
556,Mosela Waterside Residences,The Greens,Mosela Waterside Residences,2,1439.0,2620000.0,Al Barshaa South Third,Ready,RENTAL_MARKET_RENT_V1_CANDIDATE,GROSS_RENTAL_YIELD_V1_CANDIDATE,R4,1616,45,86400.0,73920.0,105600.0,BROADER,Estimated Area Rent,Based on broader area rental comparables. Individual building rents may differ materially.,3.3,2.82,4.03
5593,Me Do Re,Jumeirah Lake Towers,Me Do Re,2,1387.0,3500000.0,Al Thanyah Fifth,Ready,RENTAL_MARKET_RENT_V1_CANDIDATE,GROSS_RENTAL_YIELD_V1_CANDIDATE,R2,23,1,163200.0,144000.0,182400.0,STRONGER,Estimated Project Rent,,4.66,4.11,5.21
5513,Canal Residence West,Dubai Sports City,Canal Residence West,2,1380.0,1400000.0,Al Hebiah Fourth,Ready,RENTAL_MARKET_RENT_V1_CANDIDATE,GROSS_RENTAL_YIELD_V1_CANDIDATE,R4,920,49,76800.0,67200.0,86400.0,BROADER,Estimated Area Rent,Based on broader area rental comparables. Individual building rents may differ materially.,5.49,4.8,6.17
2816,Gardenia Residency,Jumeirah village circle,Gardenia Residency,0,328.0,750000.0,Al Barsha South Fourth,Ready,RENTAL_MARKET_RENT_V1_CANDIDATE,GROSS_RENTAL_YIELD_V1_CANDIDATE,R3,35,11,43200.0,36622.0,48000.0,STRONG,Estimated Area Rent (Bedroom Match),,5.76,4.88,6.4
152,Marina Star,Dubai Marina,Marina Star,0,505.0,1943600.0,Marsa Dubai,Ready,RENTAL_MARKET_RENT_V1_CANDIDATE,GROSS_RENTAL_YIELD_V1_CANDIDATE,R2,11,1,76800.0,76800.0,91200.0,STRONGER,Estimated Project Rent,,3.95,3.95,4.69
1641,Ashton Park Residences,Jumeirah village circle,Ashton Park Residences,0,402.0,800000.0,Al Barsha South Fourth,Ready,RENTAL_MARKET_RENT_V1_CANDIDATE,GROSS_RENTAL_YIELD_V1_CANDIDATE,R2,13,1,45120.0,43200.0,52800.0,STRONGER,Estimated Project Rent,,5.64,5.4,6.6
408,Binghatti Crescent,Jumeirah village circle,Binghatti Crescent,1,728.0,1200000.0,Al Barsha South Fourth,Ready,RENTAL_MARKET_RENT_V1_CANDIDATE,GROSS_RENTAL_YIELD_V1_CANDIDATE,R2,31,1,72000.0,62400.0,76800.0,STRONGER,Estimated Project Rent,,6.0,5.2,6.4
6627,Royal Bay,Palm Jumeirah,Royal Bay,2,1494.0,3550000.0,Palm Jumeirah,Ready,RENTAL_MARKET_RENT_V1_CANDIDATE,GROSS_RENTAL_YIELD_V1_CANDIDATE,R2,9,1,154289.0,144000.0,172800.0,STRONGER,Estimated Project Rent,,4.35,4.06,4.87
2199,LIV Residence,Dubai Marina,LIV Residence,0,521.0,1650000.0,Marsa Dubai,Ready,RENTAL_MARKET_RENT_V1_CANDIDATE,GROSS_RENTAL_YIELD_V1_CANDIDATE,R2,6,1,72000.0,69120.0,81600.0,STRONGER,Estimated Project Rent,,4.36,4.19,4.95
5319,LIV Residence,Dubai Marina,LIV Residence,1,919.0,2500000.0,Marsa Dubai,Ready,RENTAL_MARKET_RENT_V1_CANDIDATE,GROSS_RENTAL_YIELD_V1_CANDIDATE,R2,22,1,124800.0,110400.0,138240.0,STRONGER,Estimated Project Rent,,4.99,4.42,5.53
8327,Aykon City Tower,Business Bay,Aykon City Tower,2,819.0,2314000.0,Business Bay,Ready,RENTAL_MARKET_RENT_V1_CANDIDATE,GROSS_RENTAL_YIELD_V1_CANDIDATE,R4,3410,85,86400.0,72000.0,100800.0,BROADER,Estimated Area Rent,Based on broader area rental comparables. Individual building rents may differ materially.,3.73,3.11,4.36
3119,Marina Arcade Tower,Dubai Marina,Marina Arcade Tower,3,2466.0,4173190.0,Marsa Dubai,Ready,RENTAL_MARKET_RENT_V1_CANDIDATE,GROSS_RENTAL_YIELD_V1_CANDIDATE,R4,1178,46,187200.0,158400.0,230400.0,BROADER,Estimated Area Rent,Based on broader area rental comparables. Individual building rents may differ materially.,4.49,3.8,5.52
7426,Barari Views,Al Barari,Barari Views,2,1271.0,1461650.0,Wadi Al Safa 3,Ready,RENTAL_MARKET_RENT_V1_CANDIDATE,GROSS_RENTAL_YIELD_V1_CANDIDATE,R2,7,1,86400.0,83520.0,110400.0,STRONGER,Estimated Project Rent,,5.91,5.71,7.55
5,Avanti Tower,Business Bay,Avanti Tower,2,1270.0,2314000.0,Business Bay,Ready,RENTAL_MARKET_RENT_V1_CANDIDATE,GROSS_RENTAL_YIELD_V1_CANDIDATE,R2,13,1,115200.0,114240.0,120000.0,STRONGER,Estimated Project Rent,,4.98,4.94,5.19
7799,Avanti Tower,Business Bay,Avanti Tower,0,350.0,950000.0,Business Bay,Ready,RENTAL_MARKET_RENT_V1_CANDIDATE,GROSS_RENTAL_YIELD_V1_CANDIDATE,R3,24,14,54331.0,46080.0,62400.0,STRONG,Estimated Area Rent (Bedroom Match),,5.72,4.85,6.57
2236,Ashton Park Residences,Jumeirah village circle,Ashton Park Residences,2,1145.0,2100000.0,Al Barsha South Fourth,Ready,RENTAL_MARKET_RENT_V1_CANDIDATE,GROSS_RENTAL_YIELD_V1_CANDIDATE,R4,2898,203,73347.0,62400.0,86400.0,BROADER,Estimated Area Rent,Based on broader area rental comparables. Individual building rents may differ materially.,3.49,2.97,4.11
4513,The Cove,Dubai Creek Harbour,The Cove,3,1898.0,5500000.0,Al Khairan First,Ready,RENTAL_MARKET_RENT_V1_CANDIDATE,GROSS_RENTAL_YIELD_V1_CANDIDATE,R2,13,1,220800.0,192000.0,241920.0,STRONGER,Estimated Project Rent,,4.01,3.49,4.4
3150,Creek Gate Tower 2,Dubai Creek Harbour,Creek Gate Tower 2,3,2162.0,5200000.0,Al Khairan First,Ready,RENTAL_MARKET_RENT_V1_CANDIDATE,GROSS_RENTAL_YIELD_V1_CANDIDATE,R4,658,31,201600.0,168000.0,254400.0,BROADER,Estimated Area Rent,Based on broader area rental comparables. Individual building rents may differ materially.,3.88,3.23,4.89
7461,The Atria,Business Bay,The Atria,0,559.0,1369710.0,Business Bay,Ready,RENTAL_MARKET_RENT_V1_CANDIDATE,GROSS_RENTAL_YIELD_V1_CANDIDATE,R3,63,22,61701.0,48000.0,71040.0,STRONG,Estimated Area Rent (Bedroom Match),,4.5,3.5,5.19
6217,Golf Links,Emaar South,Golf Links,3,4309.0,4100000.0,Madinat Al Mataar,Ready,RENTAL_MARKET_RENT_V1_CANDIDATE,GROSS_RENTAL_YIELD_V1_CANDIDATE,R4,20,3,122880.0,105600.0,127680.0,BROADER,Estimated Area Rent,Based on broader area rental comparables. Individual building rents may differ materially.,3.0,2.58,3.11
5075,Ellington Beach House,Palm Jumeirah,Ellington Beach House,1,1028.0,4300000.0,Palm Jumeirah,Ready,RENTAL_MARKET_RENT_V1_CANDIDATE,GROSS_RENTAL_YIELD_V1_CANDIDATE,R4,313,13,139200.0,120000.0,158400.0,BROADER,Estimated Area Rent,Based on broader area rental comparables. Individual building rents may differ materially.,3.24,2.79,3.68
2178,Binghatti House,Jumeirah village circle,Binghatti House,0,310.0,729999.0,Al Barsha South Fourth,Ready,RENTAL_MARKET_RENT_V1_CANDIDATE,GROSS_RENTAL_YIELD_V1_CANDIDATE,R2,15,1,43200.0,42240.0,49920.0,STRONGER,Estimated Project Rent,,5.92,5.79,6.84
7953,Imperial Avenue,Downtown Dubai,Imperial Avenue,4,3124.0,12800000.0,Burj Khalifa,Ready,RENTAL_MARKET_RENT_V1_CANDIDATE,GROSS_RENTAL_YIELD_V1_CANDIDATE,R4,310,27,327360.0,211200.0,480000.0,BROADER,Estimated Area Rent,Based on broader area rental comparables. Individual building rents may differ materially.,2.56,1.65,3.75
1821,Binghatti Crescent,Jumeirah village circle,Binghatti Crescent,3,1682.0,2400000.0,Al Barsha South Fourth,Ready,RENTAL_MARKET_RENT_V1_CANDIDATE,GROSS_RENTAL_YIELD_V1_CANDIDATE,R4,904,136,100800.0,81600.0,120000.0,BROADER,Estimated Area Rent,Based on broader area rental comparables. Individual building rents may differ materially.,4.2,3.4,5.0
6099,The Cove,Dubai Creek Harbour,The Cove,3,1839.0,6000000.0,Al Khairan First,Ready,RENTAL_MARKET_RENT_V1_CANDIDATE,GROSS_RENTAL_YIELD_V1_CANDIDATE,R2,14,1,220800.0,192000.0,241920.0,STRONGER,Estimated Project Rent,,3.68,3.2,4.03
2170,DAMAC Majestine,Business Bay,DAMAC Majestine,3,1420.0,2800000.0,Business Bay,Ready,RENTAL_MARKET_RENT_V1_CANDIDATE,GROSS_RENTAL_YIELD_V1_CANDIDATE,R4,2693,77,121928.0,105020.0,144000.0,BROADER,Estimated Area Rent,Based on broader area rental comparables. Individual building rents may differ materially.,4.35,3.75,5.14
3043,Casa Aura Residence,Dubai South,Casa Aura Residence,0,407.0,1000000.0,Madinat Al Mataar,Ready,RENTAL_MARKET_RENT_V1_CANDIDATE,GROSS_RENTAL_YIELD_V1_CANDIDATE,R3,52,6,38400.0,34560.0,42048.0,STRONG,Estimated Area Rent (Bedroom Match),,3.84,3.46,4.2
7848,Samana Hills,Arjan,Samana Hills,2,1561.0,2095000.0,Al Barshaa South Third,Ready,RENTAL_MARKET_RENT_V1_CANDIDATE,GROSS_RENTAL_YIELD_V1_CANDIDATE,R4,1383,43,91200.0,76800.0,110400.0,BROADER,Estimated Area Rent,Based on broader area rental comparables. Individual building rents may differ materially.,4.35,3.67,5.27
8057,Binghatti Royale,Jumeirah village circle,Binghatti Royale,3,2102.0,4500000.0,Al Barsha South Fourth,Ready,RENTAL_MARKET_RENT_V1_CANDIDATE,GROSS_RENTAL_YIELD_V1_CANDIDATE,R2,5,1,172800.0,163200.0,172800.0,STRONGER,Estimated Project Rent,,3.84,3.63,3.84
5370,Trillionaire Residences,Business Bay,Trillionaire Residences,1,796.0,2500000.0,Business Bay,Ready,RENTAL_MARKET_RENT_V1_CANDIDATE,GROSS_RENTAL_YIELD_V1_CANDIDATE,R4,3446,85,86400.0,72000.0,101759.0,BROADER,Estimated Area Rent,Based on broader area rental comparables. Individual building rents may differ materially.,3.46,2.88,4.07
717,Bayshore at Creek Beach,Dubai Creek Harbour,Bayshore at Creek Beach,3,1493.0,4500000.0,Al Khairan First,Ready,RENTAL_MARKET_RENT_V1_CANDIDATE,GROSS_RENTAL_YIELD_V1_CANDIDATE,R4,2698,31,158400.0,144000.0,177600.0,BROADER,Estimated Area Rent,Based on broader area rental comparables. Individual building rents may differ materially.,3.52,3.2,3.95
7170,AG Tower,Business Bay,AG Tower,1,820.0,1750000.0,Business Bay,Ready,RENTAL_MARKET_RENT_V1_CANDIDATE,GROSS_RENTAL_YIELD_V1_CANDIDATE,R2,35,1,78720.0,72000.0,86400.0,STRONGER,Estimated Project Rent,,4.5,4.11,4.94
5407,Uniestate Prime Tower,Jumeirah village circle,Uniestate Prime Tower,2,2972.0,2572000.0,Al Barsha South Fourth,Ready,RENTAL_MARKET_RENT_V1_CANDIDATE,GROSS_RENTAL_YIELD_V1_CANDIDATE,R4,92,18,134400.0,102720.0,144000.0,BROADER,Estimated Area Rent,Based on broader area rental comparables. Individual building rents may differ materially.,5.23,3.99,5.6
7349,Cayan Tower,Dubai Marina,Cayan Tower,3,2912.0,6000000.0,Marsa Dubai,Ready,RENTAL_MARKET_RENT_V1_CANDIDATE,GROSS_RENTAL_YIELD_V1_CANDIDATE,R2,6,1,317520.0,273600.0,336000.0,STRONGER,Estimated Project Rent,,5.29,4.56,5.6
4975,Trillionaire Residences,Business Bay,Trillionaire Residences,2,1346.0,4500000.0,Business Bay,Ready,RENTAL_MARKET_RENT_V1_CANDIDATE,GROSS_RENTAL_YIELD_V1_CANDIDATE,R4,2863,79,120000.0,101290.0,139200.0,BROADER,Estimated Area Rent,Based on broader area rental comparables. Individual building rents may differ materially.,2.67,2.25,3.09
7005,Binghatti Dusk,Jumeirah village circle,Binghatti Dusk,0,424.0,981499.0,Al Barsha South Fourth,Ready,RENTAL_MARKET_RENT_V1_CANDIDATE,GROSS_RENTAL_YIELD_V1_CANDIDATE,R3,152,37,43200.0,38400.0,47040.0,STRONG,Estimated Area Rent (Bedroom Match),,4.4,3.91,4.79
564,Marina Star,Dubai Marina,Marina Star,3,2497.0,11000000.0,Marsa Dubai,Ready,RENTAL_MARKET_RENT_V1_CANDIDATE,GROSS_RENTAL_YIELD_V1_CANDIDATE,R4,1146,47,192000.0,158400.0,232320.0,BROADER,Estimated Area Rent,Based on broader area rental comparables. Individual building rents may differ materially.,1.75,1.44,2.11
533,Binghatti Galaxy,Jumeirah village circle,Binghatti Galaxy,2,1353.0,2600000.0,Al Barsha South Fourth,Ready,RENTAL_MARKET_RENT_V1_CANDIDATE,GROSS_RENTAL_YIELD_V1_CANDIDATE,R4,1755,190,86400.0,73181.0,105600.0,BROADER,Estimated Area Rent,Based on broader area rental comparables. Individual building rents may differ materially.,3.32,2.81,4.06
2505,Serenity Lakes 2,Jumeirah village circle,Serenity Lakes 2,2,2270.0,2300000.0,Al Barsha South Fourth,Ready,RENTAL_MARKET_RENT_V1_CANDIDATE,GROSS_RENTAL_YIELD_V1_CANDIDATE,R4,258,63,120019.0,97920.0,142080.0,BROADER,Estimated Area Rent,Based on broader area rental comparables. Individual building rents may differ materially.,5.22,4.26,6.18
4938,Nobles Tower,Business Bay,Nobles Tower,2,1186.0,3451120.0,Business Bay,Ready,RENTAL_MARKET_RENT_V1_CANDIDATE,GROSS_RENTAL_YIELD_V1_CANDIDATE,R4,3173,83,105600.0,86400.0,129600.0,BROADER,Estimated Area Rent,Based on broader area rental comparables. Individual building rents may differ materially.,3.06,2.5,3.76
4665,Raffles The Palm Dubai,Palm Jumeirah,Raffles The Palm Dubai,0,972.0,4500000.0,Palm Jumeirah,Ready,RENTAL_MARKET_RENT_V1_CANDIDATE,GROSS_RENTAL_YIELD_V1_CANDIDATE,R4,309,10,139200.0,117869.0,158400.0,BROADER,Estimated Area Rent,Based on broader area rental comparables. Individual building rents may differ materially.,3.09,2.62,3.52
7622,The Pad by Omniyat,Business Bay,The Pad by Omniyat,2,1215.0,2700000.0,Business Bay,Ready,RENTAL_MARKET_RENT_V1_CANDIDATE,GROSS_RENTAL_YIELD_V1_CANDIDATE,R4,3272,81,110400.0,91200.0,134400.0,BROADER,Estimated Area Rent,Based on broader area rental comparables. Individual building rents may differ materially.,4.09,3.38,4.98
4165,Ahad Residences,Business Bay,Ahad Residences,2,1625.0,3270000.0,Business Bay,Ready,RENTAL_MARKET_RENT_V1_CANDIDATE,GROSS_RENTAL_YIELD_V1_CANDIDATE,R2,11,1,187200.0,153600.0,201600.0,STRONGER,Estimated Project Rent,,5.72,4.7,6.17
5712,Imperial Avenue,Downtown Dubai,Imperial Avenue,4,5198.0,25000000.0,Burj Khalifa,Ready,RENTAL_MARKET_RENT_V1_CANDIDATE,GROSS_RENTAL_YIELD_V1_CANDIDATE,R4,145,16,1872000.0,1632000.0,2016000.0,BROADER,Estimated Area Rent,Based on broader area rental comparables. Individual building rents may differ materially.,7.49,6.53,8.06
5366,Marina Arcade Tower,Dubai Marina,Marina Arcade Tower,3,5324.0,10649000.0,Marsa Dubai,Ready,RENTAL_MARKET_RENT_V1_CANDIDATE,GROSS_RENTAL_YIELD_V1_CANDIDATE,R4,76,14,451201.0,288000.0,768960.0,BROADER,Estimated Area Rent,Based on broader area rental comparables. Individual building rents may differ materially.,4.24,2.7,7.22
2381,Mama Residences,Business Bay,Mama Residences,0,447.0,1600000.0,Business Bay,Ready,RENTAL_MARKET_RENT_V1_CANDIDATE,GROSS_RENTAL_YIELD_V1_CANDIDATE,R3,61,24,59904.0,52800.0,69120.0,STRONG,Estimated Area Rent (Bedroom Match),,3.74,3.3,4.32
6003,Raffles The Palm Dubai,Palm Jumeirah,Raffles The Palm Dubai,1,2333.0,11300000.0,Palm Jumeirah,Ready,RENTAL_MARKET_RENT_V1_CANDIDATE,GROSS_RENTAL_YIELD_V1_CANDIDATE,R4,840,20,216720.0,182400.0,268800.0,BROADER,Estimated Area Rent,Based on broader area rental comparables. Individual building rents may differ materially.,1.92,1.61,2.38
6246,The Palm Tower,Palm Jumeirah,The Palm Tower,2,1055.0,10000000.0,Palm Jumeirah,Ready,RENTAL_MARKET_RENT_V1_CANDIDATE,GROSS_RENTAL_YIELD_V1_CANDIDATE,R2,38,1,240000.0,220800.0,264000.0,STRONGER,Estimated Project Rent,,2.4,2.21,2.64
