property_id,prod_rent,debug_rent,rent_match,prod_p25,debug_p25,prod_p75,debug_p75,range_match,prod_yield,debug_yield,yield_match,prod_tier,debug_tier,prod_label,debug_label,tier_semantic_match
2161,36288.0,36288.0,True,32640.0,32640.0,41251.0,41251.0,True,5.47,5.47,True,R4,R4,Estimated Area Rent,Estimated Area Rent,True
6982,63360.0,63360.0,True,59520.0,59520.0,67200.0,67200.0,True,7.54,7.54,True,R2,R2,Estimated Project Rent,Estimated Project Rent,True
3201,72000.0,72000.0,True,67200.0,67200.0,76800.0,76800.0,True,5.22,5.22,True,R2,R2,Estimated Project Rent,Estimated Project Rent,True
6250,86400.0,86400.0,True,81600.0,81600.0,94080.0,94080.0,True,6.65,6.65,True,R2,R2,Estimated Project Rent,Estimated Project Rent,True
2666,96000.0,96000.0,True,82560.0,82560.0,105600.0,105600.0,True,6.53,6.53,True,R2,R2,Estimated Project Rent,Estimated Project Rent,True
1181,88320.0,88320.0,True,75569.0,75569.0,110400.0,110400.0,True,5.52,5.52,True,R4,R4,Estimated Area Rent,Estimated Area Rent,True
1829,63360.0,63360.0,True,56640.0,56640.0,72000.0,72000.0,True,6.95,6.95,True,R4,R4,Estimated Area Rent,Estimated Area Rent,True
5128,105600.0,105600.0,True,105600.0,105600.0,124062.0,124062.0,True,3.77,3.77,True,R2,R2,Estimated Project Rent,Estimated Project Rent,True
844,81600.0,81600.0,True,72000.0,72000.0,124800.0,124800.0,True,7.42,7.42,True,R2,R2,Estimated Project Rent,Estimated Project Rent,True
4699,139200.0,139200.0,True,129600.0,129600.0,148800.0,148800.0,True,9.28,9.28,True,R2,R2,Estimated Project Rent,Estimated Project Rent,True
7112,65280.0,65280.0,True,57600.0,57600.0,72000.0,72000.0,True,12.98,12.98,True,R4,R4,Estimated Area Rent,Estimated Area Rent,True
3765,84480.0,84480.0,True,70579.0,70579.0,103680.0,103680.0,True,4.45,4.45,True,R4,R4,Estimated Area Rent,Estimated Area Rent,True
7881,120000.0,120000.0,True,110163.0,110163.0,134400.0,134400.0,True,8.57,8.57,True,R4,R4,Estimated Area Rent,Estimated Area Rent,True
409,163200.0,163200.0,True,144000.0,144000.0,182400.0,182400.0,True,6.04,6.04,True,R4,R4,Estimated Area Rent,Estimated Area Rent,True
1330,57600.0,57600.0,True,52658.0,52658.0,62400.0,62400.0,True,10.29,10.29,True,R2,R2,Estimated Project Rent,Estimated Project Rent,True
2899,105600.0,105600.0,True,86400.0,86400.0,120000.0,120000.0,True,5.1,5.1,True,R4,R4,Estimated Area Rent,Estimated Area Rent,True
2155,105600.0,105600.0,True,96000.0,96000.0,115200.0,115200.0,True,8.8,8.8,True,R2,R2,Estimated Project Rent,Estimated Project Rent,True
6836,62400.0,62400.0,True,53760.0,53760.0,70080.0,70080.0,True,6.86,6.86,True,R4,R4,Estimated Area Rent,Estimated Area Rent,True
4753,78720.0,78720.0,True,76800.0,76800.0,81600.0,81600.0,True,8.19,8.19,True,R2,R2,Estimated Project Rent,Estimated Project Rent,True
2459,86400.0,86400.0,True,69120.0,69120.0,96000.0,96000.0,True,6.7,6.7,True,R2,R2,Estimated Project Rent,Estimated Project Rent,True
2578,57600.0,57600.0,True,50400.0,50400.0,67200.0,67200.0,True,6.4,6.4,True,R4,R4,Estimated Area Rent,Estimated Area Rent,True
1467,105600.0,105600.0,True,86400.0,86400.0,126720.0,126720.0,True,3.5,3.5,True,R4,R4,Estimated Area Rent,Estimated Area Rent,True
6720,48000.0,48000.0,True,45120.0,45120.0,52800.0,52800.0,True,8.94,8.94,True,R2,R2,Estimated Project Rent,Estimated Project Rent,True
2473,113280.0,113280.0,True,101760.0,101760.0,120000.0,120000.0,True,7.55,7.55,True,R2,R2,Estimated Project Rent,Estimated Project Rent,True
8393,172800.0,172800.0,True,147859.0,147859.0,216000.0,216000.0,True,4.43,4.43,True,R4,R4,Estimated Area Rent,Estimated Area Rent,True
6298,65280.0,65280.0,True,62400.0,62400.0,72000.0,72000.0,True,8.72,8.72,True,R2,R2,Estimated Project Rent,Estimated Project Rent,True
2766,100800.0,100800.0,True,90720.0,90720.0,105600.0,105600.0,True,9.16,9.16,True,R2,R2,Estimated Project Rent,Estimated Project Rent,True
6632,138240.0,138240.0,True,100800.0,100800.0,148800.0,148800.0,True,7.47,7.47,True,R2,R2,Estimated Project Rent,Estimated Project Rent,True
507,86400.0,86400.0,True,74679.0,74679.0,100800.0,100800.0,True,7.2,7.2,True,R2,R2,Estimated Project Rent,Estimated Project Rent,True
673,40320.0,40320.0,True,36288.0,36288.0,43200.0,43200.0,True,7.62,7.62,True,R3,R3,Estimated Area Rent (Bedroom Match),Estimated Area Rent (Bedroom Match),True
1597,49920.0,49920.0,True,45360.0,45360.0,55680.0,55680.0,True,6.26,6.26,True,R4,R4,Estimated Area Rent,Estimated Area Rent,True
6649,91200.0,91200.0,True,76800.0,76800.0,110400.0,110400.0,True,7.08,7.08,True,R2,R2,Estimated Project Rent,Estimated Project Rent,True
4694,124800.0,124800.0,True,110400.0,110400.0,142137.0,142137.0,True,4.89,4.89,True,R4,R4,Estimated Area Rent,Estimated Area Rent,True
8320,81600.0,81600.0,True,69120.0,69120.0,100800.0,100800.0,True,3.71,3.71,True,R4,R4,Estimated Area Rent,Estimated Area Rent,True
5092,34560.0,34560.0,True,30240.0,30240.0,40320.0,40320.0,True,5.63,5.63,True,R3,R3,Estimated Area Rent (Bedroom Match),Estimated Area Rent (Bedroom Match),True
7608,62400.0,62400.0,True,52800.0,52800.0,72000.0,72000.0,True,5.83,5.83,True,R4,R4,Estimated Area Rent,Estimated Area Rent,True
3407,72000.0,72000.0,True,64867.0,64867.0,76800.0,76800.0,True,4.53,4.53,True,R4,R4,Estimated Area Rent,Estimated Area Rent,True
3375,139200.0,139200.0,True,139200.0,139200.0,144000.0,144000.0,True,7.33,7.33,True,R2,R2,Estimated Project Rent,Estimated Project Rent,True
6350,134400.0,134400.0,True,110880.0,110880.0,136320.0,136320.0,True,8.96,8.96,True,R2,R2,Estimated Project Rent,Estimated Project Rent,True
2276,110400.0,110400.0,True,96000.0,96000.0,129600.0,129600.0,True,5.02,5.02,True,R2,R2,Estimated Project Rent,Estimated Project Rent,True
6209,72000.0,72000.0,True,67200.0,67200.0,72000.0,72000.0,True,7.2,7.2,True,R2,R2,Estimated Project Rent,Estimated Project Rent,True
5073,55680.0,55680.0,True,48000.0,48000.0,62400.0,62400.0,True,7.95,7.95,True,R2,R2,Estimated Project Rent,Estimated Project Rent,True
6695,52800.0,52800.0,True,52508.0,52508.0,54720.0,54720.0,True,7.33,7.33,True,R2,R2,Estimated Project Rent,Estimated Project Rent,True
2460,86400.0,86400.0,True,80640.0,80640.0,96000.0,96000.0,True,5.08,5.08,True,R4,R4,Estimated Area Rent,Estimated Area Rent,True
7792,49920.0,49920.0,True,45120.0,45120.0,55680.0,55680.0,True,7.56,7.56,True,R2,R2,Estimated Project Rent,Estimated Project Rent,True
7663,86592.0,86592.0,True,73920.0,73920.0,105600.0,105600.0,True,4.5,4.5,True,R4,R4,Estimated Area Rent,Estimated Area Rent,True
2725,84480.0,84480.0,True,72000.0,72000.0,100800.0,100800.0,True,93.87,93.87,True,R4,R4,Estimated Area Rent,Estimated Area Rent,True
6540,86590.0,86590.0,True,74880.0,74880.0,110400.0,110400.0,True,4.56,4.56,True,R4,R4,Estimated Area Rent,Estimated Area Rent,True
93,187200.0,187200.0,True,158400.0,158400.0,230400.0,230400.0,True,23.2,23.2,True,R4,R4,Estimated Area Rent,Estimated Area Rent,True
6277,100800.0,100800.0,True,96000.0,96000.0,105600.0,105600.0,True,7.75,7.75,True,R2,R2,Estimated Project Rent,Estimated Project Rent,True
