property_id,unit_status,area,project,bedrooms,size_sqft,price_aed,dld_rental_area,R1_comparables,R1_estimate,R1_method,R2_comparables,R2_estimate,R2_method,R3_comparables,R3_estimate,R3_method,R4_comparables,R4_estimate,R4_method,selected_tier,annual_market_rent_estimate,comparable_count,estimation_method,evidence_level,gross_rental_yield,warnings
2161,ready,Damac Hills 2,hotel edge by rotana,1,481.0,663600.0,Dubai Investment Park First,0.0,,,0,,,0.0,,,485,36288.0,RECENCY_WEIGHTED_MEDIAN_IQR1.5_CAL0.96,R4,36288.0,485,RECENCY_WEIGHTED_MEDIAN_IQR1.5_CAL0.96,STRONG,5.47,
6982,ready,Jumeirah village circle,binghatti rose,1,659.0,840000.0,Al Barsha South Fourth,0.0,,,27,63360.0,RECENCY_WEIGHTED_MEDIAN_IQR1.5_CAL0.96,0.0,,,3733,59520.0,RECENCY_WEIGHTED_MEDIAN_IQR1.5_CAL0.96,R2,63360.0,27,RECENCY_WEIGHTED_MEDIAN_IQR1.5_CAL0.96,STRONG,7.54,
3201,ready,Jumeirah village circle,binghatti nova,2,989.0,1380000.0,Al Barsha South Fourth,0.0,,,13,72000.0,RECENCY_WEIGHTED_MEDIAN_IQR1.5_CAL0.96,0.0,,,4378,69120.0,RECENCY_WEIGHTED_MEDIAN_IQR1.5_CAL0.96,R2,72000.0,13,RECENCY_WEIGHTED_MEDIAN_IQR1.5_CAL0.96,MODERATE,5.22,
6250,ready,Jumeirah village circle,binghatti luna,2,1178.0,1300000.0,Al Barsha South Fourth,0.0,,,18,86400.0,RECENCY_WEIGHTED_MEDIAN_IQR1.5_CAL0.96,0.0,,,2558,76800.0,RECENCY_WEIGHTED_MEDIAN_IQR1.5_CAL0.96,R2,86400.0,18,RECENCY_WEIGHTED_MEDIAN_IQR1.5_CAL0.96,MODERATE,6.65,
2666,ready,Jumeirah village circle,binghatti lavender,2,1020.0,1470000.0,Al Barsha South Fourth,0.0,,,25,96000.0,RECENCY_WEIGHTED_MEDIAN_IQR1.5_CAL0.96,0.0,,,4181,70080.0,RECENCY_WEIGHTED_MEDIAN_IQR1.5_CAL0.96,R2,96000.0,25,RECENCY_WEIGHTED_MEDIAN_IQR1.5_CAL0.96,STRONG,6.53,
1181,ready,Jumeirah village circle,laya mansion,2,1413.0,1600000.0,Al Barsha South Fourth,0.0,,,2,,,0.0,,,1603,88320.0,RECENCY_WEIGHTED_MEDIAN_IQR1.5_CAL0.96,R4,88320.0,1603,RECENCY_WEIGHTED_MEDIAN_IQR1.5_CAL0.96,STRONG,5.52,
1829,ready,Jumeirah village circle,vita grande,2,774.0,912000.0,Al Barsha South Fourth,0.0,,,0,,,0.0,,,4988,63360.0,RECENCY_WEIGHTED_MEDIAN_IQR1.5_CAL0.96,R4,63360.0,4988,RECENCY_WEIGHTED_MEDIAN_IQR1.5_CAL0.96,STRONG,6.95,
5128,ready,Dubai Marina,marina star,2,1111.0,2800000.0,Marsa Dubai,0.0,,,9,105600.0,RECENCY_WEIGHTED_MEDIAN_IQR1.5_CAL0.96,0.0,,,3933,106368.0,RECENCY_WEIGHTED_MEDIAN_IQR1.5_CAL0.96,R2,105600.0,9,RECENCY_WEIGHTED_MEDIAN_IQR1.5_CAL0.96,WEAK,3.77,
844,ready,Jumeirah village circle,concept 7 residences,2,1016.0,1100000.0,Al Barsha South Fourth,0.0,,,6,81600.0,RECENCY_WEIGHTED_MEDIAN_IQR1.5_CAL0.96,0.0,,,4194,70080.0,RECENCY_WEIGHTED_MEDIAN_IQR1.5_CAL0.96,R2,81600.0,6,RECENCY_WEIGHTED_MEDIAN_IQR1.5_CAL0.96,WEAK,7.42,
4699,ready,Dubai Creek Harbour,creek edge,2,1044.0,1500000.0,Al Khairan First,0.0,,,77,139200.0,RECENCY_WEIGHTED_MEDIAN_IQR1.5_CAL0.96,0.0,,,4080,120000.0,RECENCY_WEIGHTED_MEDIAN_IQR1.5_CAL0.96,R2,139200.0,77,RECENCY_WEIGHTED_MEDIAN_IQR1.5_CAL0.96,STRONG,9.28,
7112,ready,Jumeirah village circle,q gardens loft,1,848.0,503000.0,Al Barsha South Fourth,0.0,,,0,,,0.0,,,5099,65280.0,RECENCY_WEIGHTED_MEDIAN_IQR1.5_CAL0.96,R4,65280.0,5099,RECENCY_WEIGHTED_MEDIAN_IQR1.5_CAL0.96,STRONG,12.98,
4914,ready,Dubai Maritime City,franck muller yachting,2,792.0,1710888.0,,0.0,,,0,,,0.0,,,0,,,NO_CONTEXT,,0,,,,No DLD rental area or size
2046,ready,Dubai Maritime City,franck muller yachting,1,409.0,1120888.0,,0.0,,,0,,,0.0,,,0,,,NO_CONTEXT,,0,,,,No DLD rental area or size
3765,ready,Jumeirah village circle,q gardens loft,2,1304.0,1900000.0,Al Barsha South Fourth,0.0,,,0,,,0.0,,,1930,84480.0,RECENCY_WEIGHTED_MEDIAN_IQR1.5_CAL0.96,R4,84480.0,1930,RECENCY_WEIGHTED_MEDIAN_IQR1.5_CAL0.96,STRONG,4.45,
7881,ready,Dubai Creek Harbour,dubai creek residence tower 2 north,1,1020.0,1399990.0,Al Khairan First,0.0,,,0,,,0.0,,,4115,120000.0,RECENCY_WEIGHTED_MEDIAN_IQR1.5_CAL0.96,R4,120000.0,4115,RECENCY_WEIGHTED_MEDIAN_IQR1.5_CAL0.96,STRONG,8.57,
409,ready,Dubai Creek Harbour,harbour views 1,3,1526.0,2700000.0,Al Khairan First,0.0,,,0,,,0.0,,,2468,163200.0,RECENCY_WEIGHTED_MEDIAN_IQR1.5_CAL0.96,R4,163200.0,2468,RECENCY_WEIGHTED_MEDIAN_IQR1.5_CAL0.96,STRONG,6.04,
1330,ready,Arjan,oxford gardens,,413.0,560000.0,Al Barshaa South Third,,,,71,57600.0,RECENCY_WEIGHTED_MEDIAN_IQR1.5_CAL0.96,,,,2355,44160.0,RECENCY_WEIGHTED_MEDIAN_IQR1.5_CAL0.96,R2,57600.0,71,RECENCY_WEIGHTED_MEDIAN_IQR1.5_CAL0.96,STRONG,10.29,
2899,ready,Jumeirah village circle,q gardens loft,2,1827.0,2068970.0,Al Barsha South Fourth,0.0,,,0,,,0.0,,,619,105600.0,RECENCY_WEIGHTED_MEDIAN_IQR1.5_CAL0.96,R4,105600.0,619,RECENCY_WEIGHTED_MEDIAN_IQR1.5_CAL0.96,STRONG,5.1,
5356,ready,Business Bay,terraces marasi drive,2,,3600000.0,Business Bay,0.0,,,0,,,0.0,,,0,,,NO_CONTEXT,,0,,,,No DLD rental area or size
2155,ready,Arjan,divine living,2,1236.0,1200000.0,Al Barshaa South Third,0.0,,,24,105600.0,RECENCY_WEIGHTED_MEDIAN_IQR1.5_CAL0.96,0.0,,,2525,76800.0,RECENCY_WEIGHTED_MEDIAN_IQR1.5_CAL0.96,R2,105600.0,24,RECENCY_WEIGHTED_MEDIAN_IQR1.5_CAL0.96,STRONG,8.8,
6836,ready,Jumeirah village circle,serenity lakes 5,1,692.0,910000.0,Al Barsha South Fourth,0.0,,,2,,,0.0,,,4261,62400.0,RECENCY_WEIGHTED_MEDIAN_IQR1.5_CAL0.96,R4,62400.0,4261,RECENCY_WEIGHTED_MEDIAN_IQR1.5_CAL0.96,STRONG,6.86,
4753,ready,Jumeirah village circle,mayas geneva,1,1055.0,961000.0,Al Barsha South Fourth,0.0,,,10,78720.0,RECENCY_WEIGHTED_MEDIAN_IQR1.5_CAL0.96,0.0,,,3929,71040.0,RECENCY_WEIGHTED_MEDIAN_IQR1.5_CAL0.96,R2,78720.0,10,RECENCY_WEIGHTED_MEDIAN_IQR1.5_CAL0.96,MODERATE,8.19,
2459,ready,Business Bay,upside living,,399.0,1288890.0,Business Bay,,,,83,86400.0,RECENCY_WEIGHTED_MEDIAN_IQR1.5_CAL0.96,,,,1996,59520.0,RECENCY_WEIGHTED_MEDIAN_IQR1.5_CAL0.96,R2,86400.0,83,RECENCY_WEIGHTED_MEDIAN_IQR1.5_CAL0.96,STRONG,6.7,
2578,ready,Jumeirah village circle,la residenza,1,642.0,900000.0,Al Barsha South Fourth,0.0,,,1,,,0.0,,,3512,57600.0,RECENCY_WEIGHTED_MEDIAN_IQR1.5_CAL0.96,R4,57600.0,3512,RECENCY_WEIGHTED_MEDIAN_IQR1.5_CAL0.96,STRONG,6.4,
1467,ready,Business Bay,marriott residences,2,1167.0,3016780.0,Business Bay,0.0,,,0,,,0.0,,,3107,105600.0,RECENCY_WEIGHTED_MEDIAN_IQR1.5_CAL0.96,R4,105600.0,3107,RECENCY_WEIGHTED_MEDIAN_IQR1.5_CAL0.96,STRONG,3.5,
6720,ready,Arjan,beverly boulevard,,403.0,537000.0,Al Barshaa South Third,,,,52,48000.0,RECENCY_WEIGHTED_MEDIAN_IQR1.5_CAL0.96,,,,2253,44160.0,RECENCY_WEIGHTED_MEDIAN_IQR1.5_CAL0.96,R2,48000.0,52,RECENCY_WEIGHTED_MEDIAN_IQR1.5_CAL0.96,STRONG,8.94,
2473,ready,Jumeirah Lake Towers,mbl royal,1,848.0,1500000.0,Al Thanyah Fifth,0.0,,,78,113280.0,RECENCY_WEIGHTED_MEDIAN_IQR1.5_CAL0.96,0.0,,,2392,80640.0,RECENCY_WEIGHTED_MEDIAN_IQR1.5_CAL0.96,R2,113280.0,78,RECENCY_WEIGHTED_MEDIAN_IQR1.5_CAL0.96,STRONG,7.55,
8393,ready,Dubai Water Canal,canal front residences,2,1326.0,3900000.0,Burj Khalifa,0.0,,,0,,,0.0,,,4572,172800.0,RECENCY_WEIGHTED_MEDIAN_IQR1.5_CAL0.96,R4,172800.0,4572,RECENCY_WEIGHTED_MEDIAN_IQR1.5_CAL0.96,STRONG,4.43,
6298,ready,Jumeirah village circle,binghatti emerald,1,623.0,749000.0,Al Barsha South Fourth,0.0,,,59,65280.0,RECENCY_WEIGHTED_MEDIAN_IQR1.5_CAL0.96,0.0,,,3202,57600.0,RECENCY_WEIGHTED_MEDIAN_IQR1.5_CAL0.96,R2,65280.0,59,RECENCY_WEIGHTED_MEDIAN_IQR1.5_CAL0.96,STRONG,8.72,
2766,ready,Jumeirah village circle,binghatti emerald,2,1024.0,1100000.0,Al Barsha South Fourth,0.0,,,13,100800.0,RECENCY_WEIGHTED_MEDIAN_IQR1.5_CAL0.96,0.0,,,4159,70080.0,RECENCY_WEIGHTED_MEDIAN_IQR1.5_CAL0.96,R2,100800.0,13,RECENCY_WEIGHTED_MEDIAN_IQR1.5_CAL0.96,MODERATE,9.16,
6632,ready,Jumeirah village circle,oakley square residences,2,1189.0,1850000.0,Al Barsha South Fourth,0.0,,,15,138240.0,RECENCY_WEIGHTED_MEDIAN_IQR1.5_CAL0.96,0.0,,,2533,76800.0,RECENCY_WEIGHTED_MEDIAN_IQR1.5_CAL0.96,R2,138240.0,15,RECENCY_WEIGHTED_MEDIAN_IQR1.5_CAL0.96,MODERATE,7.47,
507,ready,Business Bay,the paragon by igo,1,596.0,1200000.0,Business Bay,0.0,,,33,86400.0,RECENCY_WEIGHTED_MEDIAN_IQR1.5_CAL0.96,0.0,,,2895,69120.0,RECENCY_WEIGHTED_MEDIAN_IQR1.5_CAL0.96,R2,86400.0,33,RECENCY_WEIGHTED_MEDIAN_IQR1.5_CAL0.96,STRONG,7.2,
673,ready,Dubai Motor City,the community motor city,,441.0,529000.0,Al Hebiah Fourth,,,,0,,,,,,1758,38400.0,RECENCY_WEIGHTED_MEDIAN_IQR1.5_CAL0.96,R4,38400.0,1758,RECENCY_WEIGHTED_MEDIAN_IQR1.5_CAL0.96,STRONG,7.26,
1597,ready,Dubai Motor City,the community motor city,1,673.0,797000.0,Al Hebiah Fourth,0.0,,,0,,,0.0,,,1640,49920.0,RECENCY_WEIGHTED_MEDIAN_IQR1.5_CAL0.96,R4,49920.0,1640,RECENCY_WEIGHTED_MEDIAN_IQR1.5_CAL0.96,STRONG,6.26,
6649,ready,Jumeirah village circle,park lane by heilbronn,1,947.0,1288890.0,Al Barsha South Fourth,0.0,,,16,91200.0,RECENCY_WEIGHTED_MEDIAN_IQR1.5_CAL0.96,0.0,,,4678,67200.0,RECENCY_WEIGHTED_MEDIAN_IQR1.5_CAL0.96,R2,91200.0,16,RECENCY_WEIGHTED_MEDIAN_IQR1.5_CAL0.96,MODERATE,7.08,
4694,ready,Dubai Creek Harbour,creek gate tower 2,2,1114.0,2550000.0,Al Khairan First,0.0,,,0,,,0.0,,,3928,124800.0,RECENCY_WEIGHTED_MEDIAN_IQR1.5_CAL0.96,R4,124800.0,3928,RECENCY_WEIGHTED_MEDIAN_IQR1.5_CAL0.96,STRONG,4.89,
8320,ready,Jumeirah village circle,eleganz,2,1274.0,2200000.0,Al Barsha South Fourth,0.0,,,0,,,0.0,,,2066,81600.0,RECENCY_WEIGHTED_MEDIAN_IQR1.5_CAL0.96,R4,81600.0,2066,RECENCY_WEIGHTED_MEDIAN_IQR1.5_CAL0.96,STRONG,3.71,
5092,ready,Dubai Land Residence Complex,4direction residence 1,,517.0,613773.0,Wadi Al Safa 5,,,,0,,,,,,936,36480.0,RECENCY_WEIGHTED_MEDIAN_IQR1.5_CAL0.96,R4,36480.0,936,RECENCY_WEIGHTED_MEDIAN_IQR1.5_CAL0.96,STRONG,5.94,
7608,ready,Business Bay,vera residences,1,474.0,1070000.0,Business Bay,0.0,,,0,,,0.0,,,2639,62400.0,RECENCY_WEIGHTED_MEDIAN_IQR1.5_CAL0.96,R4,62400.0,2639,RECENCY_WEIGHTED_MEDIAN_IQR1.5_CAL0.96,STRONG,5.83,
3407,ready,Meydan City,emerge residences,1,684.0,1590000.0,Nad Al Shiba First,0.0,,,0,,,0.0,,,348,72000.0,RECENCY_WEIGHTED_MEDIAN_IQR1.5_CAL0.96,R4,72000.0,348,RECENCY_WEIGHTED_MEDIAN_IQR1.5_CAL0.96,STRONG,4.53,
3375,ready,Jumeirah village circle,mayas geneva,2,1712.0,1900000.0,Al Barsha South Fourth,0.0,,,6,139200.0,RECENCY_WEIGHTED_MEDIAN_IQR1.5_CAL0.96,0.0,,,830,100800.0,RECENCY_WEIGHTED_MEDIAN_IQR1.5_CAL0.96,R2,139200.0,6,RECENCY_WEIGHTED_MEDIAN_IQR1.5_CAL0.96,WEAK,7.33,
6350,ready,Arjan,q gardens boutique residences,2,1629.0,1500000.0,Al Barshaa South Third,0.0,,,8,134400.0,RECENCY_WEIGHTED_MEDIAN_IQR1.5_CAL0.96,0.0,,,1209,91200.0,RECENCY_WEIGHTED_MEDIAN_IQR1.5_CAL0.96,R2,134400.0,8,RECENCY_WEIGHTED_MEDIAN_IQR1.5_CAL0.96,WEAK,8.96,
2276,ready,Jumeirah village circle,park lane by heilbronn,2,1163.0,2200000.0,Al Barsha South Fourth,0.0,,,8,110400.0,RECENCY_WEIGHTED_MEDIAN_IQR1.5_CAL0.96,0.0,,,2728,76104.0,RECENCY_WEIGHTED_MEDIAN_IQR1.5_CAL0.96,R2,110400.0,8,RECENCY_WEIGHTED_MEDIAN_IQR1.5_CAL0.96,WEAK,5.02,
6209,ready,Jumeirah village circle,concept 7 residences,1,619.0,1000000.0,Al Barsha South Fourth,0.0,,,30,72000.0,RECENCY_WEIGHTED_MEDIAN_IQR1.5_CAL0.96,0.0,,,3157,57600.0,RECENCY_WEIGHTED_MEDIAN_IQR1.5_CAL0.96,R2,72000.0,30,RECENCY_WEIGHTED_MEDIAN_IQR1.5_CAL0.96,STRONG,7.2,
5073,ready,Jumeirah village circle,luma22,,577.0,700000.0,Al Barsha South Fourth,,,,76,55680.0,RECENCY_WEIGHTED_MEDIAN_IQR1.5_CAL0.96,,,,2868,52800.0,RECENCY_WEIGHTED_MEDIAN_IQR1.5_CAL0.96,R2,55680.0,76,RECENCY_WEIGHTED_MEDIAN_IQR1.5_CAL0.96,STRONG,7.95,
6695,ready,Jumeirah village circle,binghatti amber,,455.0,720000.0,Al Barsha South Fourth,,,,37,52800.0,RECENCY_WEIGHTED_MEDIAN_IQR1.5_CAL0.96,,,,2532,43200.0,RECENCY_WEIGHTED_MEDIAN_IQR1.5_CAL0.96,R2,52800.0,37,RECENCY_WEIGHTED_MEDIAN_IQR1.5_CAL0.96,STRONG,7.33,
2460,ready,Dubai Creek Harbour,creek gate tower 2,1,721.0,1700000.0,Al Khairan First,0.0,,,0,,,0.0,,,4416,86400.0,RECENCY_WEIGHTED_MEDIAN_IQR1.5_CAL0.96,R4,86400.0,4416,RECENCY_WEIGHTED_MEDIAN_IQR1.5_CAL0.96,STRONG,5.08,
7792,ready,Jumeirah village circle,luma21,,422.0,660000.0,Al Barsha South Fourth,,,,61,49920.0,RECENCY_WEIGHTED_MEDIAN_IQR1.5_CAL0.96,,,,2355,43200.0,RECENCY_WEIGHTED_MEDIAN_IQR1.5_CAL0.96,R2,49920.0,61,RECENCY_WEIGHTED_MEDIAN_IQR1.5_CAL0.96,STRONG,7.56,
7663,ready,Arjan,48 parkside,3,1443.0,1922960.0,Al Barshaa South Third,0.0,,,4,,,0.0,,,1603,86592.0,RECENCY_WEIGHTED_MEDIAN_IQR1.5_CAL0.96,R4,86592.0,1603,RECENCY_WEIGHTED_MEDIAN_IQR1.5_CAL0.96,STRONG,4.5,
2725,ready,Jumeirah Lake Towers,saba 2,1,950.0,90000.0,Al Thanyah Fifth,0.0,,,0,,,0.0,,,2488,84480.0,RECENCY_WEIGHTED_MEDIAN_IQR1.5_CAL0.96,R4,84480.0,2488,RECENCY_WEIGHTED_MEDIAN_IQR1.5_CAL0.96,STRONG,93.87,
6540,ready,Jumeirah village circle,the autograph residences,2,1401.0,1900000.0,Al Barsha South Fourth,0.0,,,0,,,0.0,,,1634,86590.0,RECENCY_WEIGHTED_MEDIAN_IQR1.5_CAL0.96,R4,86590.0,1634,RECENCY_WEIGHTED_MEDIAN_IQR1.5_CAL0.96,STRONG,4.56,
93,ready,Dubai Marina,marina star,2,2463.0,807000.0,Marsa Dubai,0.0,,,0,,,0.0,,,1179,187200.0,RECENCY_WEIGHTED_MEDIAN_IQR1.5_CAL0.96,R4,187200.0,1179,RECENCY_WEIGHTED_MEDIAN_IQR1.5_CAL0.96,STRONG,23.2,
6277,ready,Jumeirah village circle,binghatti emerald,3,1378.0,1300000.0,Al Barsha South Fourth,0.0,,,13,100800.0,RECENCY_WEIGHTED_MEDIAN_IQR1.5_CAL0.96,0.0,,,1678,86400.0,RECENCY_WEIGHTED_MEDIAN_IQR1.5_CAL0.96,R2,100800.0,13,RECENCY_WEIGHTED_MEDIAN_IQR1.5_CAL0.96,MODERATE,7.75,
6430,ready,Arjan,beverly boulevard,2,1299.0,1300000.0,Al Barshaa South Third,0.0,,,3,,,0.0,,,2099,82555.0,RECENCY_WEIGHTED_MEDIAN_IQR1.5_CAL0.96,R4,82555.0,2099,RECENCY_WEIGHTED_MEDIAN_IQR1.5_CAL0.96,STRONG,6.35,
1620,ready,Downtown Dubai,sls dubai hotels and residences,2,1864.0,7462760.0,Burj Khalifa,0.0,,,0,,,0.0,,,2495,227520.0,RECENCY_WEIGHTED_MEDIAN_IQR1.5_CAL0.96,R4,227520.0,2495,RECENCY_WEIGHTED_MEDIAN_IQR1.5_CAL0.96,STRONG,3.05,
422,ready,Emaar South,golf edge,3,1641.0,2500000.0,Madinat Al Mataar,0.0,,,0,,,0.0,,,542,91200.0,RECENCY_WEIGHTED_MEDIAN_IQR1.5_CAL0.96,R4,91200.0,542,RECENCY_WEIGHTED_MEDIAN_IQR1.5_CAL0.96,STRONG,3.65,
2838,ready,Jumeirah village circle,binghatti rose,3,1285.0,1550000.0,Al Barsha South Fourth,0.0,,,6,105600.0,RECENCY_WEIGHTED_MEDIAN_IQR1.5_CAL0.96,0.0,,,2005,81600.0,RECENCY_WEIGHTED_MEDIAN_IQR1.5_CAL0.96,R2,105600.0,6,RECENCY_WEIGHTED_MEDIAN_IQR1.5_CAL0.96,WEAK,6.81,
3843,ready,Arjan,beverly boulevard,1,800.0,866000.0,Al Barshaa South Third,0.0,,,25,81600.0,RECENCY_WEIGHTED_MEDIAN_IQR1.5_CAL0.96,0.0,,,3046,62400.0,RECENCY_WEIGHTED_MEDIAN_IQR1.5_CAL0.96,R2,81600.0,25,RECENCY_WEIGHTED_MEDIAN_IQR1.5_CAL0.96,STRONG,9.42,
453,ready,Business Bay,aykon city tower,3,1301.0,2600000.0,Business Bay,0.0,,,0,,,0.0,,,2909,115200.0,RECENCY_WEIGHTED_MEDIAN_IQR1.5_CAL0.96,R4,115200.0,2909,RECENCY_WEIGHTED_MEDIAN_IQR1.5_CAL0.96,STRONG,4.43,
8066,ready,Meydan City,the 100,4,4292.0,14580000.0,,0.0,,,0,,,0.0,,,0,,,NO_CONTEXT,,0,,,,No DLD rental area or size
6835,ready,Dubai Marina,liv residence,3,1764.0,5500000.0,Marsa Dubai,0.0,,,14,177600.0,RECENCY_WEIGHTED_MEDIAN_IQR1.5_CAL0.96,0.0,,,3160,144000.0,RECENCY_WEIGHTED_MEDIAN_IQR1.5_CAL0.96,R2,177600.0,14,RECENCY_WEIGHTED_MEDIAN_IQR1.5_CAL0.96,MODERATE,3.23,
8201,ready,Business Bay,marquise square,3,2326.0,4300000.0,Business Bay,0.0,,,0,,,0.0,,,834,163200.0,RECENCY_WEIGHTED_MEDIAN_IQR1.5_CAL0.96,R4,163200.0,834,RECENCY_WEIGHTED_MEDIAN_IQR1.5_CAL0.96,STRONG,3.8,
1913,ready,Dubai Creek Harbour,creek beach orchid,3,1514.0,2500000.0,Al Khairan First,0.0,,,205,163200.0,RECENCY_WEIGHTED_MEDIAN_IQR1.5_CAL0.96,0.0,,,2625,163200.0,RECENCY_WEIGHTED_MEDIAN_IQR1.5_CAL0.96,R2,163200.0,205,RECENCY_WEIGHTED_MEDIAN_IQR1.5_CAL0.96,STRONG,6.53,
601,ready,Jumeirah village circle,aura residences,2,1107.0,1950000.0,Al Barsha South Fourth,0.0,,,0,,,0.0,,,3368,72000.0,RECENCY_WEIGHTED_MEDIAN_IQR1.5_CAL0.96,R4,72000.0,3368,RECENCY_WEIGHTED_MEDIAN_IQR1.5_CAL0.96,STRONG,3.69,
1111,ready,Arjan,oxford gardens,1,824.0,843000.0,Al Barshaa South Third,0.0,,,44,92160.0,RECENCY_WEIGHTED_MEDIAN_IQR1.5_CAL0.96,0.0,,,3098,62713.0,RECENCY_WEIGHTED_MEDIAN_IQR1.5_CAL0.96,R2,92160.0,44,RECENCY_WEIGHTED_MEDIAN_IQR1.5_CAL0.96,STRONG,10.93,
5113,ready,Downtown Dubai,sls dubai hotels and residences,1,1163.0,3465820.0,Burj Khalifa,0.0,,,0,,,0.0,,,4721,165600.0,RECENCY_WEIGHTED_MEDIAN_IQR1.5_CAL0.96,R4,165600.0,4721,RECENCY_WEIGHTED_MEDIAN_IQR1.5_CAL0.96,STRONG,4.78,
1637,ready,Arjan,oxford gardens,2,413.0,1400000.0,Al Barshaa South Third,0.0,,,71,57600.0,RECENCY_WEIGHTED_MEDIAN_IQR1.5_CAL0.96,0.0,,,2355,44160.0,RECENCY_WEIGHTED_MEDIAN_IQR1.5_CAL0.96,R2,57600.0,71,RECENCY_WEIGHTED_MEDIAN_IQR1.5_CAL0.96,STRONG,4.11,
6594,ready,Dubai Creek Harbour,creek beach orchid,1,679.0,1700000.0,Al Khairan First,0.0,,,405,88320.0,RECENCY_WEIGHTED_MEDIAN_IQR1.5_CAL0.96,0.0,,,4290,86400.0,RECENCY_WEIGHTED_MEDIAN_IQR1.5_CAL0.96,R2,88320.0,405,RECENCY_WEIGHTED_MEDIAN_IQR1.5_CAL0.96,STRONG,5.2,
7916,ready,Arjan,divine living,3,2037.0,1700000.0,Al Barshaa South Third,0.0,,,0,,,0.0,,,191,115200.0,RECENCY_WEIGHTED_MEDIAN_IQR1.5_CAL0.96,R4,115200.0,191,RECENCY_WEIGHTED_MEDIAN_IQR1.5_CAL0.96,STRONG,6.78,
7020,ready,Dubai Water Canal,canal front residences,3,1762.0,5200000.0,Burj Khalifa,0.0,,,0,,,0.0,,,2793,216000.0,RECENCY_WEIGHTED_MEDIAN_IQR1.5_CAL0.96,R4,216000.0,2793,RECENCY_WEIGHTED_MEDIAN_IQR1.5_CAL0.96,STRONG,4.15,
897,ready,Dubai Creek Harbour,creek edge,3,1591.0,2800000.0,Al Khairan First,0.0,,,15,211680.0,RECENCY_WEIGHTED_MEDIAN_IQR1.5_CAL0.96,0.0,,,2028,168000.0,RECENCY_WEIGHTED_MEDIAN_IQR1.5_CAL0.96,R2,211680.0,15,RECENCY_WEIGHTED_MEDIAN_IQR1.5_CAL0.96,MODERATE,7.56,
2398,ready,Jumeirah village circle,binghatti gardenia,3,1109.0,1750000.0,Al Barsha South Fourth,0.0,,,13,105600.0,RECENCY_WEIGHTED_MEDIAN_IQR1.5_CAL0.96,0.0,,,3340,72000.0,RECENCY_WEIGHTED_MEDIAN_IQR1.5_CAL0.96,R2,105600.0,13,RECENCY_WEIGHTED_MEDIAN_IQR1.5_CAL0.96,MODERATE,6.03,
2730,ready,Jumeirah village circle,luma21,2,1144.0,1200000.0,Al Barsha South Fourth,0.0,,,7,112320.0,RECENCY_WEIGHTED_MEDIAN_IQR1.5_CAL0.96,0.0,,,2898,73347.0,RECENCY_WEIGHTED_MEDIAN_IQR1.5_CAL0.96,R2,112320.0,7,RECENCY_WEIGHTED_MEDIAN_IQR1.5_CAL0.96,WEAK,9.36,
7464,ready,Jumeirah village circle,plaza residences 1,2,1209.0,1020000.0,Al Barsha South Fourth,0.0,,,0,,,0.0,,,2431,78720.0,RECENCY_WEIGHTED_MEDIAN_IQR1.5_CAL0.96,R4,78720.0,2431,RECENCY_WEIGHTED_MEDIAN_IQR1.5_CAL0.96,STRONG,7.72,
4547,ready,Jumeirah village circle,gardenia residency,1,1379.0,1050000.0,Al Barsha South Fourth,0.0,,,0,,,0.0,,,1679,86400.0,RECENCY_WEIGHTED_MEDIAN_IQR1.5_CAL0.96,R4,86400.0,1679,RECENCY_WEIGHTED_MEDIAN_IQR1.5_CAL0.96,STRONG,8.23,
5009,ready,Arjan,divine living,1,739.0,796000.0,Al Barshaa South Third,0.0,,,18,76800.0,RECENCY_WEIGHTED_MEDIAN_IQR1.5_CAL0.96,0.0,,,2697,61440.0,RECENCY_WEIGHTED_MEDIAN_IQR1.5_CAL0.96,R2,76800.0,18,RECENCY_WEIGHTED_MEDIAN_IQR1.5_CAL0.96,MODERATE,9.65,
1146,ready,Downtown Dubai,sls dubai hotels and residences,1,1084.0,3955410.0,Burj Khalifa,0.0,,,0,,,0.0,,,4728,154028.0,RECENCY_WEIGHTED_MEDIAN_IQR1.5_CAL0.96,R4,154028.0,4728,RECENCY_WEIGHTED_MEDIAN_IQR1.5_CAL0.96,STRONG,3.89,
7278,ready,Dubai Water Canal,canal front residences,1,913.0,2200000.0,Burj Khalifa,0.0,,,0,,,0.0,,,4108,120000.0,RECENCY_WEIGHTED_MEDIAN_IQR1.5_CAL0.96,R4,120000.0,4108,RECENCY_WEIGHTED_MEDIAN_IQR1.5_CAL0.96,STRONG,5.45,
365,ready,Jumeirah village circle,beverly residence 2,,460.0,609000.0,Al Barsha South Fourth,,,,2,,,,,,2533,43200.0,RECENCY_WEIGHTED_MEDIAN_IQR1.5_CAL0.96,R4,43200.0,2533,RECENCY_WEIGHTED_MEDIAN_IQR1.5_CAL0.96,STRONG,7.09,
3508,ready,Dubai Motor City,the community motor city,3,1446.0,1700000.0,Al Hebiah Fourth,0.0,,,0,,,0.0,,,842,76800.0,RECENCY_WEIGHTED_MEDIAN_IQR1.5_CAL0.96,R4,76800.0,842,RECENCY_WEIGHTED_MEDIAN_IQR1.5_CAL0.96,STRONG,4.52,
8369,ready,Jumeirah village circle,aura residences,1,701.0,1100000.0,Al Barsha South Fourth,0.0,,,0,,,0.0,,,4339,62400.0,RECENCY_WEIGHTED_MEDIAN_IQR1.5_CAL0.96,R4,62400.0,4339,RECENCY_WEIGHTED_MEDIAN_IQR1.5_CAL0.96,STRONG,5.67,
7656,ready,Jumeirah village circle,concept 7 residences,,392.0,601000.0,Al Barsha South Fourth,,,,4,,,,,,2023,43200.0,RECENCY_WEIGHTED_MEDIAN_IQR1.5_CAL0.96,R4,43200.0,2023,RECENCY_WEIGHTED_MEDIAN_IQR1.5_CAL0.96,STRONG,7.19,
2061,ready,Dubai Motor City,the community motor city,2,1077.0,1200000.0,Al Hebiah Fourth,0.0,,,0,,,0.0,,,1589,60480.0,RECENCY_WEIGHTED_MEDIAN_IQR1.5_CAL0.96,R4,60480.0,1589,RECENCY_WEIGHTED_MEDIAN_IQR1.5_CAL0.96,STRONG,5.04,
140,ready,Yas Island,yas beach residence,2,1958.0,2936770.0,,0.0,,,0,,,0.0,,,0,,,NO_CONTEXT,,0,,,,No DLD rental area or size
4674,ready,Jumeirah Lake Towers,mbl royal,3,2308.0,4000000.0,Al Thanyah Fifth,0.0,,,11,242880.0,RECENCY_WEIGHTED_MEDIAN_IQR1.5_CAL0.96,0.0,,,413,158400.0,RECENCY_WEIGHTED_MEDIAN_IQR1.5_CAL0.96,R2,242880.0,11,RECENCY_WEIGHTED_MEDIAN_IQR1.5_CAL0.96,MODERATE,6.07,
5773,ready,Dubai Land Residence Complex,4direction residence 1,1,832.0,921879.0,Wadi Al Safa 5,0.0,,,0,,,0.0,,,2168,48960.0,RECENCY_WEIGHTED_MEDIAN_IQR1.5_CAL0.96,R4,48960.0,2168,RECENCY_WEIGHTED_MEDIAN_IQR1.5_CAL0.96,STRONG,5.31,
5574,ready,Jumeirah village circle,serenity lakes 2,1,850.0,870000.0,Al Barsha South Fourth,0.0,,,0,,,0.0,,,5092,65280.0,RECENCY_WEIGHTED_MEDIAN_IQR1.5_CAL0.96,R4,65280.0,5092,RECENCY_WEIGHTED_MEDIAN_IQR1.5_CAL0.96,STRONG,7.5,
4744,ready,Business Bay,ahad residences,3,2308.0,4700000.0,Business Bay,0.0,,,1,,,0.0,,,869,163200.0,RECENCY_WEIGHTED_MEDIAN_IQR1.5_CAL0.96,R4,163200.0,869,RECENCY_WEIGHTED_MEDIAN_IQR1.5_CAL0.96,STRONG,3.47,
3495,ready,Jumeirah village circle,mayas geneva,,527.0,659000.0,Al Barsha South Fourth,,,,7,59520.0,RECENCY_WEIGHTED_MEDIAN_IQR1.5_CAL0.96,,,,2797,46080.0,RECENCY_WEIGHTED_MEDIAN_IQR1.5_CAL0.96,R2,59520.0,7,RECENCY_WEIGHTED_MEDIAN_IQR1.5_CAL0.96,WEAK,9.03,
6446,ready,Yas Island,yas beach residence,3,2698.0,4181200.0,,0.0,,,0,,,0.0,,,0,,,NO_CONTEXT,,0,,,,No DLD rental area or size
3666,ready,EMAAR Beachfront,sunrise bay,1,733.0,2450000.0,Marsa Dubai,0.0,,,37,121920.0,RECENCY_WEIGHTED_MEDIAN_IQR1.5_CAL0.96,0.0,,,3032,82176.0,RECENCY_WEIGHTED_MEDIAN_IQR1.5_CAL0.96,R2,121920.0,37,RECENCY_WEIGHTED_MEDIAN_IQR1.5_CAL0.96,STRONG,4.98,
7682,ready,Jumeirah village circle,stax,2,1086.0,1478737.0,Al Barsha South Fourth,0.0,,,0,,,0.0,,,3542,72000.0,RECENCY_WEIGHTED_MEDIAN_IQR1.5_CAL0.96,R4,72000.0,3542,RECENCY_WEIGHTED_MEDIAN_IQR1.5_CAL0.96,STRONG,4.87,
8222,ready,Dubai Islands,flow residences,1,844.0,1930000.0,,0.0,,,0,,,0.0,,,0,,,NO_CONTEXT,,0,,,,No DLD rental area or size
253,ready,Business Bay,the paragon by igo,2,1222.0,2200000.0,Business Bay,0.0,,,6,144000.0,RECENCY_WEIGHTED_MEDIAN_IQR1.5_CAL0.96,0.0,,,3240,110400.0,RECENCY_WEIGHTED_MEDIAN_IQR1.5_CAL0.96,R2,144000.0,6,RECENCY_WEIGHTED_MEDIAN_IQR1.5_CAL0.96,WEAK,6.55,
2326,ready,Jumeirah village circle,binghatti royale,2,1618.0,2300000.0,Al Barsha South Fourth,0.0,,,4,,,0.0,,,1069,98400.0,RECENCY_WEIGHTED_MEDIAN_IQR1.5_CAL0.96,R4,98400.0,1069,RECENCY_WEIGHTED_MEDIAN_IQR1.5_CAL0.96,STRONG,4.28,
3834,ready,Jumeirah Lake Towers,mbl royal,2,1460.0,2500000.0,Al Thanyah Fifth,0.0,,,16,182400.0,RECENCY_WEIGHTED_MEDIAN_IQR1.5_CAL0.96,0.0,,,1208,115200.0,RECENCY_WEIGHTED_MEDIAN_IQR1.5_CAL0.96,R2,182400.0,16,RECENCY_WEIGHTED_MEDIAN_IQR1.5_CAL0.96,MODERATE,7.3,
5945,ready,Business Bay,the paragon by igo,,416.0,865000.0,Business Bay,,,,9,72000.0,RECENCY_WEIGHTED_MEDIAN_IQR1.5_CAL0.96,,,,2192,59520.0,RECENCY_WEIGHTED_MEDIAN_IQR1.5_CAL0.96,R2,72000.0,9,RECENCY_WEIGHTED_MEDIAN_IQR1.5_CAL0.96,WEAK,8.32,
5987,ready,Yas Island,yas beach residence,3,2724.0,4358910.0,,0.0,,,0,,,0.0,,,0,,,NO_CONTEXT,,0,,,,No DLD rental area or size
2832,ready,Jumeirah village circle,westwood grande residences,1,806.0,1200000.0,Al Barsha South Fourth,0.0,,,0,,,0.0,,,5123,64060.0,RECENCY_WEIGHTED_MEDIAN_IQR1.5_CAL0.96,R4,64060.0,5123,RECENCY_WEIGHTED_MEDIAN_IQR1.5_CAL0.96,STRONG,5.34,
3097,ready,Jumeirah village circle,catch residence by igo,2,1545.0,1850000.0,Al Barsha South Fourth,0.0,,,0,,,0.0,,,1235,96000.0,RECENCY_WEIGHTED_MEDIAN_IQR1.5_CAL0.96,R4,96000.0,1235,RECENCY_WEIGHTED_MEDIAN_IQR1.5_CAL0.96,STRONG,5.19,
6923,ready,Jumeirah village circle,luma22,2,1258.0,1896980.0,Al Barsha South Fourth,0.0,,,11,98880.0,RECENCY_WEIGHTED_MEDIAN_IQR1.5_CAL0.96,0.0,,,2131,81600.0,RECENCY_WEIGHTED_MEDIAN_IQR1.5_CAL0.96,R2,98880.0,11,RECENCY_WEIGHTED_MEDIAN_IQR1.5_CAL0.96,MODERATE,5.21,
1516,ready,Al Furjan,azizi amber,,378.0,609999.0,Jabal Ali First,,,,25,46080.0,RECENCY_WEIGHTED_MEDIAN_IQR1.5_CAL0.96,,,,1072,42720.0,RECENCY_WEIGHTED_MEDIAN_IQR1.5_CAL0.96,R2,46080.0,25,RECENCY_WEIGHTED_MEDIAN_IQR1.5_CAL0.96,STRONG,7.55,
1234,ready,Yas Island,yas beach residence,2,2173.0,3257930.0,,0.0,,,0,,,0.0,,,0,,,NO_CONTEXT,,0,,,,No DLD rental area or size
3955,ready,Jumeirah village circle,stax,,393.0,717470.0,Al Barsha South Fourth,,,,0,,,,,,2034,43200.0,RECENCY_WEIGHTED_MEDIAN_IQR1.5_CAL0.96,R4,43200.0,2034,RECENCY_WEIGHTED_MEDIAN_IQR1.5_CAL0.96,STRONG,6.02,
3962,ready,Arjan,q gardens boutique residences,1,850.0,1096000.0,Al Barshaa South Third,0.0,,,20,78720.0,RECENCY_WEIGHTED_MEDIAN_IQR1.5_CAL0.96,0.0,,,3149,62927.0,RECENCY_WEIGHTED_MEDIAN_IQR1.5_CAL0.96,R2,78720.0,20,RECENCY_WEIGHTED_MEDIAN_IQR1.5_CAL0.96,STRONG,7.18,
793,ready,Jumeirah village circle,westwood grande residences,,412.0,700000.0,Al Barsha South Fourth,,,,0,,,,,,2207,43200.0,RECENCY_WEIGHTED_MEDIAN_IQR1.5_CAL0.96,R4,43200.0,2207,RECENCY_WEIGHTED_MEDIAN_IQR1.5_CAL0.96,STRONG,6.17,
8311,ready,Al Barari,the cape,1,1380.0,3400000.0,Wadi Al Safa 3,0.0,,,0,,,0.0,,,614,76800.0,RECENCY_WEIGHTED_MEDIAN_IQR1.5_CAL0.96,R4,76800.0,614,RECENCY_WEIGHTED_MEDIAN_IQR1.5_CAL0.96,STRONG,2.26,
6163,ready,Meydan City,wellington grand villas,5,13007.0,18400000.0,,0.0,,,0,,,0.0,,,0,,,NO_CONTEXT,,0,,,,No DLD rental area or size
7640,ready,Jumeirah village circle,binghatti luna,1,600.0,826000.0,Al Barsha South Fourth,0.0,,,47,65280.0,RECENCY_WEIGHTED_MEDIAN_IQR1.5_CAL0.96,0.0,,,3042,55680.0,RECENCY_WEIGHTED_MEDIAN_IQR1.5_CAL0.96,R2,65280.0,47,RECENCY_WEIGHTED_MEDIAN_IQR1.5_CAL0.96,STRONG,7.9,
2989,ready,Dubai Production City,samana sky views,,,689000.0,,0.0,,,0,,,0.0,,,0,,,NO_CONTEXT,,0,,,,No DLD rental area or size
1279,ready,Dubai Marina,marina star,1,841.0,2276190.0,Marsa Dubai,0.0,,,9,105600.0,RECENCY_WEIGHTED_MEDIAN_IQR1.5_CAL0.96,0.0,,,3564,85378.0,RECENCY_WEIGHTED_MEDIAN_IQR1.5_CAL0.96,R2,105600.0,9,RECENCY_WEIGHTED_MEDIAN_IQR1.5_CAL0.96,WEAK,4.64,
6556,ready,Business Bay,sol bay,1,972.0,1818890.0,Business Bay,0.0,,,39,86400.0,RECENCY_WEIGHTED_MEDIAN_IQR1.5_CAL0.96,0.0,,,3108,86400.0,RECENCY_WEIGHTED_MEDIAN_IQR1.5_CAL0.96,R2,86400.0,39,RECENCY_WEIGHTED_MEDIAN_IQR1.5_CAL0.96,STRONG,4.75,
983,ready,Business Bay,sol bay,,491.0,1100000.0,Business Bay,,,,36,65280.0,RECENCY_WEIGHTED_MEDIAN_IQR1.5_CAL0.96,,,,2682,62400.0,RECENCY_WEIGHTED_MEDIAN_IQR1.5_CAL0.96,R2,65280.0,36,RECENCY_WEIGHTED_MEDIAN_IQR1.5_CAL0.96,STRONG,5.93,
4545,ready,Dubai Creek Harbour,the cove,4,4620.0,11500000.0,,0.0,,,0,,,0.0,,,0,,,NO_CONTEXT,,0,,,,No DLD rental area or size
6141,ready,Jumeirah village circle,q gardens loft,,385.0,490000.0,Al Barsha South Fourth,,,,0,,,,,,1929,43200.0,RECENCY_WEIGHTED_MEDIAN_IQR1.5_CAL0.96,R4,43200.0,1929,RECENCY_WEIGHTED_MEDIAN_IQR1.5_CAL0.96,STRONG,8.82,
7286,ready,Business Bay,binghatti canal,,491.0,1300000.0,Business Bay,,,,21,73440.0,RECENCY_WEIGHTED_MEDIAN_IQR1.5_CAL0.96,,,,2682,62400.0,RECENCY_WEIGHTED_MEDIAN_IQR1.5_CAL0.96,R2,73440.0,21,RECENCY_WEIGHTED_MEDIAN_IQR1.5_CAL0.96,STRONG,5.65,
101,ready,Emaar South,golf edge,2,1181.0,1730000.0,Madinat Al Mataar,0.0,,,0,,,0.0,,,1483,76800.0,RECENCY_WEIGHTED_MEDIAN_IQR1.5_CAL0.96,R4,76800.0,1483,RECENCY_WEIGHTED_MEDIAN_IQR1.5_CAL0.96,STRONG,4.44,
5203,ready,Business Bay,urban oasis by missoni,,323.0,958000.0,Business Bay,,,,0,,,,,,323,53424.0,RECENCY_WEIGHTED_MEDIAN_IQR1.5_CAL0.96,R4,53424.0,323,RECENCY_WEIGHTED_MEDIAN_IQR1.5_CAL0.96,STRONG,5.58,
3830,ready,Business Bay,the paragon by igo,3,2382.0,4000000.0,Business Bay,0.0,,,2,,,0.0,,,810,163200.0,RECENCY_WEIGHTED_MEDIAN_IQR1.5_CAL0.96,R4,163200.0,810,RECENCY_WEIGHTED_MEDIAN_IQR1.5_CAL0.96,STRONG,4.08,
7282,ready,Arjan,48 parkside,2,1186.0,1645790.0,Al Barshaa South Third,0.0,,,6,110400.0,RECENCY_WEIGHTED_MEDIAN_IQR1.5_CAL0.96,0.0,,,2685,75600.0,RECENCY_WEIGHTED_MEDIAN_IQR1.5_CAL0.96,R2,110400.0,6,RECENCY_WEIGHTED_MEDIAN_IQR1.5_CAL0.96,WEAK,6.71,
7842,ready,Al Furjan,azizi feirouz,1,1008.0,1020000.0,Jabal Ali First,0.0,,,13,70560.0,RECENCY_WEIGHTED_MEDIAN_IQR1.5_CAL0.96,0.0,,,4497,64981.0,RECENCY_WEIGHTED_MEDIAN_IQR1.5_CAL0.96,R2,70560.0,13,RECENCY_WEIGHTED_MEDIAN_IQR1.5_CAL0.96,MODERATE,6.92,
4905,ready,Palm Jumeirah,raffles the palm dubai,4,4607.0,35500000.0,Palm Jumeirah,0.0,,,0,,,0.0,,,95,422400.0,RECENCY_WEIGHTED_MEDIAN_IQR1.5_CAL0.96,R4,422400.0,95,RECENCY_WEIGHTED_MEDIAN_IQR1.5_CAL0.96,STRONG,1.19,
5981,ready,Dubai South,divine elements,2,929.0,1275000.0,Madinat Al Mataar,0.0,,,0,,,0.0,,,1793,65280.0,RECENCY_WEIGHTED_MEDIAN_IQR1.5_CAL0.96,R4,65280.0,1793,RECENCY_WEIGHTED_MEDIAN_IQR1.5_CAL0.96,STRONG,5.12,
6733,ready,Dubai South,divine elements,1,,980000.0,Madinat Al Mataar,0.0,,,0,,,0.0,,,0,,,NO_CONTEXT,,0,,,,No DLD rental area or size
8220,ready,Palm Jumeirah,the palm tower,1,1054.0,4500000.0,Palm Jumeirah,0.0,,,38,240000.0,RECENCY_WEIGHTED_MEDIAN_IQR1.5_CAL0.96,0.0,,,461,139200.0,RECENCY_WEIGHTED_MEDIAN_IQR1.5_CAL0.96,R2,240000.0,38,RECENCY_WEIGHTED_MEDIAN_IQR1.5_CAL0.96,STRONG,5.33,
3706,ready,Business Bay,urban oasis by missoni,3,1916.0,4800000.0,Business Bay,0.0,,,0,,,0.0,,,1827,140554.0,RECENCY_WEIGHTED_MEDIAN_IQR1.5_CAL0.96,R4,140554.0,1827,RECENCY_WEIGHTED_MEDIAN_IQR1.5_CAL0.96,STRONG,2.93,
6745,ready,Business Bay,urban oasis by missoni,3,1916.0,4800000.0,Business Bay,0.0,,,0,,,0.0,,,1827,140554.0,RECENCY_WEIGHTED_MEDIAN_IQR1.5_CAL0.96,R4,140554.0,1827,RECENCY_WEIGHTED_MEDIAN_IQR1.5_CAL0.96,STRONG,2.93,
1068,ready,Jumeirah village circle,eleganz,1,951.0,1560000.0,Al Barsha South Fourth,0.0,,,0,,,0.0,,,4622,67200.0,RECENCY_WEIGHTED_MEDIAN_IQR1.5_CAL0.96,R4,67200.0,4622,RECENCY_WEIGHTED_MEDIAN_IQR1.5_CAL0.96,STRONG,4.31,
4209,ready,Dubai Land Residence Complex,4direction residence 1,2,1251.0,1450000.0,Wadi Al Safa 5,0.0,,,0,,,0.0,,,1689,58080.0,RECENCY_WEIGHTED_MEDIAN_IQR1.5_CAL0.96,R4,58080.0,1689,RECENCY_WEIGHTED_MEDIAN_IQR1.5_CAL0.96,STRONG,4.01,
4389,ready,Jumeirah village circle,binghatti crest,1,618.0,905000.0,Al Barsha South Fourth,0.0,,,39,65280.0,RECENCY_WEIGHTED_MEDIAN_IQR1.5_CAL0.96,0.0,,,3156,57600.0,RECENCY_WEIGHTED_MEDIAN_IQR1.5_CAL0.96,R2,65280.0,39,RECENCY_WEIGHTED_MEDIAN_IQR1.5_CAL0.96,STRONG,7.21,
4252,ready,Meydan City,emerge residences,2,1036.0,2580000.0,Nad Al Shiba First,0.0,,,0,,,0.0,,,532,80640.0,RECENCY_WEIGHTED_MEDIAN_IQR1.5_CAL0.96,R4,80640.0,532,RECENCY_WEIGHTED_MEDIAN_IQR1.5_CAL0.96,STRONG,3.13,
6235,ready,Palm Jumeirah,the palm tower,,524.0,2200000.0,Palm Jumeirah,,,,36,115200.0,RECENCY_WEIGHTED_MEDIAN_IQR1.5_CAL0.96,,,,101,91200.0,RECENCY_WEIGHTED_MEDIAN_IQR1.5_CAL0.96,R2,115200.0,36,RECENCY_WEIGHTED_MEDIAN_IQR1.5_CAL0.96,STRONG,5.24,
4524,ready,Al Jadaf Waterfront,binghatti twilight,2,876.0,1799000.0,Al Jadaf,0.0,,,0,,,0.0,,,2235,67235.0,RECENCY_WEIGHTED_MEDIAN_IQR1.5_CAL0.96,R4,67235.0,2235,RECENCY_WEIGHTED_MEDIAN_IQR1.5_CAL0.96,STRONG,3.74,
5394,ready,Arjan,vincitore volare,,503.0,668000.0,Al Barshaa South Third,,,,0,,,,,,2744,44160.0,RECENCY_WEIGHTED_MEDIAN_IQR1.5_CAL0.96,R4,44160.0,2744,RECENCY_WEIGHTED_MEDIAN_IQR1.5_CAL0.96,STRONG,6.61,
5497,ready,Jumeirah village circle,aura residences,,320.0,675000.0,Al Barsha South Fourth,,,,0,,,,,,695,42240.0,RECENCY_WEIGHTED_MEDIAN_IQR1.5_CAL0.96,R4,42240.0,695,RECENCY_WEIGHTED_MEDIAN_IQR1.5_CAL0.96,STRONG,6.26,
1459,ready,Jumeirah village circle,binghatti royale,1,756.0,1375000.0,Al Barsha South Fourth,0.0,,,148,91849.0,RECENCY_WEIGHTED_MEDIAN_IQR1.5_CAL0.96,0.0,,,4860,62400.0,RECENCY_WEIGHTED_MEDIAN_IQR1.5_CAL0.96,R2,91849.0,148,RECENCY_WEIGHTED_MEDIAN_IQR1.5_CAL0.96,STRONG,6.68,
7285,ready,Dubai Creek Harbour,the cove,2,1338.0,3000000.0,Al Khairan First,0.0,,,37,150720.0,RECENCY_WEIGHTED_MEDIAN_IQR1.5_CAL0.96,0.0,,,4384,143614.0,RECENCY_WEIGHTED_MEDIAN_IQR1.5_CAL0.96,R2,150720.0,37,RECENCY_WEIGHTED_MEDIAN_IQR1.5_CAL0.96,STRONG,5.02,
4046,ready,Arjan,vincitore volare,1,727.0,1000000.0,Al Barshaa South Third,0.0,,,0,,,0.0,,,2717,61440.0,RECENCY_WEIGHTED_MEDIAN_IQR1.5_CAL0.96,R4,61440.0,2717,RECENCY_WEIGHTED_MEDIAN_IQR1.5_CAL0.96,STRONG,6.14,
4997,ready,Jumeirah village circle,beverly residence 2,1,740.0,970000.0,Al Barsha South Fourth,0.0,,,0,,,0.0,,,4703,62400.0,RECENCY_WEIGHTED_MEDIAN_IQR1.5_CAL0.96,R4,62400.0,4703,RECENCY_WEIGHTED_MEDIAN_IQR1.5_CAL0.96,STRONG,6.43,
6530,ready,Jumeirah village circle,empire residences,2,996.0,1300000.0,Al Barsha South Fourth,0.0,,,0,,,0.0,,,4305,69120.0,RECENCY_WEIGHTED_MEDIAN_IQR1.5_CAL0.96,R4,69120.0,4305,RECENCY_WEIGHTED_MEDIAN_IQR1.5_CAL0.96,STRONG,5.32,
6747,ready,Meydan City,emerge residences,3,3169.0,6700000.0,Nad Al Shiba First,0.0,,,0,,,0.0,,,35,153600.0,RECENCY_WEIGHTED_MEDIAN_IQR1.5_CAL0.96,R4,153600.0,35,RECENCY_WEIGHTED_MEDIAN_IQR1.5_CAL0.96,STRONG,2.29,
3231,ready,Dubai Creek Harbour,harbour gate,1,683.0,1600000.0,Al Khairan First,0.0,,,38,86400.0,RECENCY_WEIGHTED_MEDIAN_IQR1.5_CAL0.96,0.0,,,4297,86400.0,RECENCY_WEIGHTED_MEDIAN_IQR1.5_CAL0.96,R2,86400.0,38,RECENCY_WEIGHTED_MEDIAN_IQR1.5_CAL0.96,STRONG,5.4,
5263,ready,Jumeirah village circle,oakley square residences,1,802.0,1450000.0,Al Barsha South Fourth,0.0,,,37,81600.0,RECENCY_WEIGHTED_MEDIAN_IQR1.5_CAL0.96,0.0,,,5153,63360.0,RECENCY_WEIGHTED_MEDIAN_IQR1.5_CAL0.96,R2,81600.0,37,RECENCY_WEIGHTED_MEDIAN_IQR1.5_CAL0.96,STRONG,5.63,
7022,ready,Damac Hills,park town,1,1021.0,1624000.0,Jabal Ali First,0.0,,,0,,,0.0,,,4436,64790.0,RECENCY_WEIGHTED_MEDIAN_IQR1.5_CAL0.96,R4,64790.0,4436,RECENCY_WEIGHTED_MEDIAN_IQR1.5_CAL0.96,STRONG,3.99,
884,ready,Dubai Sports City,canal residence west,3,2334.0,2334900.0,Al Hebiah Fourth,0.0,,,0,,,0.0,,,47,105600.0,RECENCY_WEIGHTED_MEDIAN_IQR1.5_CAL0.96,R4,105600.0,47,RECENCY_WEIGHTED_MEDIAN_IQR1.5_CAL0.96,STRONG,4.52,
1727,ready,Jumeirah village circle,luma21,1,595.0,1000000.0,Al Barsha South Fourth,0.0,,,49,53760.0,RECENCY_WEIGHTED_MEDIAN_IQR1.5_CAL0.96,0.0,,,3027,55131.0,RECENCY_WEIGHTED_MEDIAN_IQR1.5_CAL0.96,R2,53760.0,49,RECENCY_WEIGHTED_MEDIAN_IQR1.5_CAL0.96,STRONG,5.38,
5402,ready,Business Bay,the pad by omniyat,1,648.0,1550000.0,Business Bay,0.0,,,0,,,0.0,,,2486,75840.0,RECENCY_WEIGHTED_MEDIAN_IQR1.5_CAL0.96,R4,75840.0,2486,RECENCY_WEIGHTED_MEDIAN_IQR1.5_CAL0.96,STRONG,4.89,
1745,ready,Jumeirah village circle,binghatti crest,2,1140.0,1391000.0,Al Barsha South Fourth,0.0,,,30,98880.0,RECENCY_WEIGHTED_MEDIAN_IQR1.5_CAL0.96,0.0,,,2912,72960.0,RECENCY_WEIGHTED_MEDIAN_IQR1.5_CAL0.96,R2,98880.0,30,RECENCY_WEIGHTED_MEDIAN_IQR1.5_CAL0.96,STRONG,7.11,
4041,ready,Jebel Ali,azizi lina,,320.0,601000.0,Jabal Ali First,,,,0,,,,,,369,43200.0,RECENCY_WEIGHTED_MEDIAN_IQR1.5_CAL0.96,R4,43200.0,369,RECENCY_WEIGHTED_MEDIAN_IQR1.5_CAL0.96,STRONG,7.19,
472,ready,Jumeirah village circle,binghatti lavender,,380.0,715000.0,Al Barsha South Fourth,,,,19,52800.0,RECENCY_WEIGHTED_MEDIAN_IQR1.5_CAL0.96,,,,1902,43200.0,RECENCY_WEIGHTED_MEDIAN_IQR1.5_CAL0.96,R2,52800.0,19,RECENCY_WEIGHTED_MEDIAN_IQR1.5_CAL0.96,MODERATE,7.38,
4263,ready,Dubai Creek Harbour,harbour gate,2,1202.0,2650000.0,Al Khairan First,0.0,,,71,129600.0,RECENCY_WEIGHTED_MEDIAN_IQR1.5_CAL0.96,0.0,,,4060,124800.0,RECENCY_WEIGHTED_MEDIAN_IQR1.5_CAL0.96,R2,129600.0,71,RECENCY_WEIGHTED_MEDIAN_IQR1.5_CAL0.96,STRONG,4.89,
6327,ready,Jumeirah village circle,stax,1,677.0,1044712.0,Al Barsha South Fourth,0.0,,,0,,,0.0,,,4022,61920.0,RECENCY_WEIGHTED_MEDIAN_IQR1.5_CAL0.96,R4,61920.0,4022,RECENCY_WEIGHTED_MEDIAN_IQR1.5_CAL0.96,STRONG,5.93,
6435,ready,Jumeirah village circle,pantheon elysee,1,763.0,848999.0,Al Barsha South Fourth,0.0,,,25,67200.0,RECENCY_WEIGHTED_MEDIAN_IQR1.5_CAL0.96,0.0,,,4912,62571.0,RECENCY_WEIGHTED_MEDIAN_IQR1.5_CAL0.96,R2,67200.0,25,RECENCY_WEIGHTED_MEDIAN_IQR1.5_CAL0.96,STRONG,7.92,
735,ready,Dubai Creek Harbour,harbour gate,3,1640.0,3650000.0,Al Khairan First,0.0,,,29,181440.0,RECENCY_WEIGHTED_MEDIAN_IQR1.5_CAL0.96,0.0,,,1832,172800.0,RECENCY_WEIGHTED_MEDIAN_IQR1.5_CAL0.96,R2,181440.0,29,RECENCY_WEIGHTED_MEDIAN_IQR1.5_CAL0.96,STRONG,4.97,
5081,ready,Jumeirah village circle,binghatti crest,3,1215.0,1708000.0,Al Barsha South Fourth,0.0,,,30,98880.0,RECENCY_WEIGHTED_MEDIAN_IQR1.5_CAL0.96,0.0,,,2409,78720.0,RECENCY_WEIGHTED_MEDIAN_IQR1.5_CAL0.96,R2,98880.0,30,RECENCY_WEIGHTED_MEDIAN_IQR1.5_CAL0.96,STRONG,5.79,
4702,ready,Dubai Sports City,canal residence west,,559.0,570000.0,Al Hebiah Fourth,,,,0,,,,,,1743,40320.0,RECENCY_WEIGHTED_MEDIAN_IQR1.5_CAL0.96,R4,40320.0,1743,RECENCY_WEIGHTED_MEDIAN_IQR1.5_CAL0.96,STRONG,7.07,
3027,ready,Jumeirah village circle,binghatti crescent,2,988.0,1400000.0,Al Barsha South Fourth,0.0,,,17,96000.0,RECENCY_WEIGHTED_MEDIAN_IQR1.5_CAL0.96,0.0,,,4372,69120.0,RECENCY_WEIGHTED_MEDIAN_IQR1.5_CAL0.96,R2,96000.0,17,RECENCY_WEIGHTED_MEDIAN_IQR1.5_CAL0.96,MODERATE,6.86,
7457,ready,Jumeirah village circle,binghatti tulip,,303.0,680000.0,Al Barsha South Fourth,,,,19,48000.0,RECENCY_WEIGHTED_MEDIAN_IQR1.5_CAL0.96,,,,245,40320.0,RECENCY_WEIGHTED_MEDIAN_IQR1.5_CAL0.96,R2,48000.0,19,RECENCY_WEIGHTED_MEDIAN_IQR1.5_CAL0.96,MODERATE,7.06,
5612,ready,Jebel Ali,azizi lina,1,653.0,947000.0,Jabal Ali First,0.0,,,0,,,0.0,,,2547,45120.0,RECENCY_WEIGHTED_MEDIAN_IQR1.5_CAL0.96,R4,45120.0,2547,RECENCY_WEIGHTED_MEDIAN_IQR1.5_CAL0.96,STRONG,4.76,
432,ready,Dubai Creek Harbour,creek beach orchid,1,679.0,1700000.0,Al Khairan First,0.0,,,405,88320.0,RECENCY_WEIGHTED_MEDIAN_IQR1.5_CAL0.96,0.0,,,4290,86400.0,RECENCY_WEIGHTED_MEDIAN_IQR1.5_CAL0.96,R2,88320.0,405,RECENCY_WEIGHTED_MEDIAN_IQR1.5_CAL0.96,STRONG,5.2,
4750,ready,Dubai Sports City,canal residence west,1,931.0,850000.0,Al Hebiah Fourth,0.0,,,0,,,0.0,,,1999,55680.0,RECENCY_WEIGHTED_MEDIAN_IQR1.5_CAL0.96,R4,55680.0,1999,RECENCY_WEIGHTED_MEDIAN_IQR1.5_CAL0.96,STRONG,6.55,
5961,ready,Business Bay,vera residences,2,908.0,1700000.0,Business Bay,0.0,,,0,,,0.0,,,3163,86400.0,RECENCY_WEIGHTED_MEDIAN_IQR1.5_CAL0.96,R4,86400.0,3163,RECENCY_WEIGHTED_MEDIAN_IQR1.5_CAL0.96,STRONG,5.08,
7727,ready,Jumeirah village circle,oakley square residences,,507.0,840000.0,Al Barsha South Fourth,,,,23,60480.0,RECENCY_WEIGHTED_MEDIAN_IQR1.5_CAL0.96,,,,2714,44160.0,RECENCY_WEIGHTED_MEDIAN_IQR1.5_CAL0.96,R2,60480.0,23,RECENCY_WEIGHTED_MEDIAN_IQR1.5_CAL0.96,STRONG,7.2,
3440,ready,Palm Jumeirah,royal bay,1,791.0,2000000.0,Palm Jumeirah,0.0,,,4,,,0.0,,,101,115200.0,RECENCY_WEIGHTED_MEDIAN_IQR1.5_CAL0.96,R4,115200.0,101,RECENCY_WEIGHTED_MEDIAN_IQR1.5_CAL0.96,STRONG,5.76,
1976,ready,Jumeirah village circle,uniestate prime tower,,451.0,620000.0,Al Barsha South Fourth,,,,17,41169.0,RECENCY_WEIGHTED_MEDIAN_IQR1.5_CAL0.96,,,,2537,43200.0,RECENCY_WEIGHTED_MEDIAN_IQR1.5_CAL0.96,R2,41169.0,17,RECENCY_WEIGHTED_MEDIAN_IQR1.5_CAL0.96,MODERATE,6.64,
1824,ready,Arjan,48 parkside,1,748.0,1102050.0,Al Barshaa South Third,0.0,,,18,76800.0,RECENCY_WEIGHTED_MEDIAN_IQR1.5_CAL0.96,0.0,,,2785,61544.0,RECENCY_WEIGHTED_MEDIAN_IQR1.5_CAL0.96,R2,76800.0,18,RECENCY_WEIGHTED_MEDIAN_IQR1.5_CAL0.96,MODERATE,6.97,
2645,ready,Business Bay,the atria,2,1262.0,2821460.0,Business Bay,0.0,,,46,124800.0,RECENCY_WEIGHTED_MEDIAN_IQR1.5_CAL0.96,0.0,,,3089,115200.0,RECENCY_WEIGHTED_MEDIAN_IQR1.5_CAL0.96,R2,124800.0,46,RECENCY_WEIGHTED_MEDIAN_IQR1.5_CAL0.96,STRONG,4.42,
87,ready,Jumeirah village circle,binghatti amber,2,1268.0,1600000.0,Al Barsha South Fourth,0.0,,,19,110400.0,RECENCY_WEIGHTED_MEDIAN_IQR1.5_CAL0.96,0.0,,,2073,81600.0,RECENCY_WEIGHTED_MEDIAN_IQR1.5_CAL0.96,R2,110400.0,19,RECENCY_WEIGHTED_MEDIAN_IQR1.5_CAL0.96,MODERATE,6.9,
3160,ready,Business Bay,marquise square,,517.0,1225000.0,Business Bay,,,,0,,,,,,2882,62400.0,RECENCY_WEIGHTED_MEDIAN_IQR1.5_CAL0.96,R4,62400.0,2882,RECENCY_WEIGHTED_MEDIAN_IQR1.5_CAL0.96,STRONG,5.09,
8262,ready,Jumeirah village circle,binghatti orchid,2,1251.0,1700000.0,Al Barsha South Fourth,0.0,,,38,110400.0,RECENCY_WEIGHTED_MEDIAN_IQR1.5_CAL0.96,0.0,,,2162,81600.0,RECENCY_WEIGHTED_MEDIAN_IQR1.5_CAL0.96,R2,110400.0,38,RECENCY_WEIGHTED_MEDIAN_IQR1.5_CAL0.96,STRONG,6.49,
4872,ready,Business Bay,binghatti canal,1,717.0,1650000.0,Business Bay,0.0,,,32,105600.0,RECENCY_WEIGHTED_MEDIAN_IQR1.5_CAL0.96,0.0,,,2874,79680.0,RECENCY_WEIGHTED_MEDIAN_IQR1.5_CAL0.96,R2,105600.0,32,RECENCY_WEIGHTED_MEDIAN_IQR1.5_CAL0.96,STRONG,6.4,
5193,ready,Jumeirah village circle,serenity lakes 2,,402.0,540000.0,Al Barsha South Fourth,,,,0,,,,,,2119,43200.0,RECENCY_WEIGHTED_MEDIAN_IQR1.5_CAL0.96,R4,43200.0,2119,RECENCY_WEIGHTED_MEDIAN_IQR1.5_CAL0.96,STRONG,8.0,
7780,ready,Jumeirah village circle,the residence by prestige one,,467.0,725000.0,Al Barsha South Fourth,,,,7,46080.0,RECENCY_WEIGHTED_MEDIAN_IQR1.5_CAL0.96,,,,2535,43200.0,RECENCY_WEIGHTED_MEDIAN_IQR1.5_CAL0.96,R2,46080.0,7,RECENCY_WEIGHTED_MEDIAN_IQR1.5_CAL0.96,WEAK,6.36,
107,ready,Jumeirah village circle,binghatti lavender,1,739.0,1100000.0,Al Barsha South Fourth,0.0,,,40,72000.0,RECENCY_WEIGHTED_MEDIAN_IQR1.5_CAL0.96,0.0,,,4693,62400.0,RECENCY_WEIGHTED_MEDIAN_IQR1.5_CAL0.96,R2,72000.0,40,RECENCY_WEIGHTED_MEDIAN_IQR1.5_CAL0.96,STRONG,6.55,
914,ready,Jumeirah village circle,laya mansion,,371.0,580000.0,Al Barsha South Fourth,,,,40,43200.0,RECENCY_WEIGHTED_MEDIAN_IQR1.5_CAL0.96,,,,1733,43200.0,RECENCY_WEIGHTED_MEDIAN_IQR1.5_CAL0.96,R2,43200.0,40,RECENCY_WEIGHTED_MEDIAN_IQR1.5_CAL0.96,STRONG,7.45,
6630,ready,Jumeirah village circle,the autograph residences,1,793.0,1500000.0,Al Barsha South Fourth,0.0,,,0,,,0.0,,,5104,63360.0,RECENCY_WEIGHTED_MEDIAN_IQR1.5_CAL0.96,R4,63360.0,5104,RECENCY_WEIGHTED_MEDIAN_IQR1.5_CAL0.96,STRONG,4.22,
800,ready,Al Furjan,azizi amber,1,599.0,1420000.0,Jabal Ali First,0.0,,,8,64320.0,RECENCY_WEIGHTED_MEDIAN_IQR1.5_CAL0.96,0.0,,,3335,41280.0,RECENCY_WEIGHTED_MEDIAN_IQR1.5_CAL0.96,R2,64320.0,8,RECENCY_WEIGHTED_MEDIAN_IQR1.5_CAL0.96,WEAK,4.53,
7669,ready,Jumeirah village circle,pantheon elysee iii,,406.0,625000.0,Al Barsha South Fourth,,,,0,,,,,,2171,43200.0,RECENCY_WEIGHTED_MEDIAN_IQR1.5_CAL0.96,R4,43200.0,2171,RECENCY_WEIGHTED_MEDIAN_IQR1.5_CAL0.96,STRONG,6.91,
5582,ready,Business Bay,marquise square,2,1658.0,2900000.0,Business Bay,0.0,,,0,,,0.0,,,2669,129600.0,RECENCY_WEIGHTED_MEDIAN_IQR1.5_CAL0.96,R4,129600.0,2669,RECENCY_WEIGHTED_MEDIAN_IQR1.5_CAL0.96,STRONG,4.47,
414,ready,Jumeirah village circle,binghatti tulip,1,612.0,1020000.0,Al Barsha South Fourth,0.0,,,37,65105.0,RECENCY_WEIGHTED_MEDIAN_IQR1.5_CAL0.96,0.0,,,3161,57600.0,RECENCY_WEIGHTED_MEDIAN_IQR1.5_CAL0.96,R2,65105.0,37,RECENCY_WEIGHTED_MEDIAN_IQR1.5_CAL0.96,STRONG,6.38,
2184,ready,EMAAR Beachfront,grand bleu tower 1,2,1768.0,6500000.0,Marsa Dubai,0.0,,,0,,,0.0,,,3094,144000.0,RECENCY_WEIGHTED_MEDIAN_IQR1.5_CAL0.96,R4,144000.0,3094,RECENCY_WEIGHTED_MEDIAN_IQR1.5_CAL0.96,STRONG,2.22,
5579,ready,Dubai Creek Harbour,creek rise tower 1,1,825.0,2000000.0,Al Khairan First,0.0,,,0,,,0.0,,,5468,91198.0,RECENCY_WEIGHTED_MEDIAN_IQR1.5_CAL0.96,R4,91198.0,5468,RECENCY_WEIGHTED_MEDIAN_IQR1.5_CAL0.96,STRONG,4.56,
6401,ready,Dubai South,divine elements,,359.0,663000.0,Madinat Al Mataar,,,,0,,,,,,968,38400.0,RECENCY_WEIGHTED_MEDIAN_IQR1.5_CAL0.96,R4,38400.0,968,RECENCY_WEIGHTED_MEDIAN_IQR1.5_CAL0.96,STRONG,5.79,
4461,ready,Jumeirah village circle,eleganz,2,1627.0,2767000.0,Al Barsha South Fourth,0.0,,,0,,,0.0,,,1038,98400.0,RECENCY_WEIGHTED_MEDIAN_IQR1.5_CAL0.96,R4,98400.0,1038,RECENCY_WEIGHTED_MEDIAN_IQR1.5_CAL0.96,STRONG,3.56,
2313,ready,Jumeirah village circle,binghatti gardenia,1,643.0,1100000.0,Al Barsha South Fourth,0.0,,,53,67200.0,RECENCY_WEIGHTED_MEDIAN_IQR1.5_CAL0.96,0.0,,,3527,57600.0,RECENCY_WEIGHTED_MEDIAN_IQR1.5_CAL0.96,R2,67200.0,53,RECENCY_WEIGHTED_MEDIAN_IQR1.5_CAL0.96,STRONG,6.11,
5683,ready,Business Bay,urban oasis by missoni,1,635.0,1500000.0,Business Bay,0.0,,,0,,,0.0,,,2335,72000.0,RECENCY_WEIGHTED_MEDIAN_IQR1.5_CAL0.96,R4,72000.0,2335,RECENCY_WEIGHTED_MEDIAN_IQR1.5_CAL0.96,STRONG,4.8,
3522,ready,Business Bay,the atria,1,795.0,1820770.0,Business Bay,0.0,,,27,86400.0,RECENCY_WEIGHTED_MEDIAN_IQR1.5_CAL0.96,0.0,,,3447,86400.0,RECENCY_WEIGHTED_MEDIAN_IQR1.5_CAL0.96,R2,86400.0,27,RECENCY_WEIGHTED_MEDIAN_IQR1.5_CAL0.96,STRONG,4.75,
3451,ready,Jumeirah village circle,binghatti onyx,1,692.0,1100000.0,Al Barsha South Fourth,0.0,,,146,72000.0,RECENCY_WEIGHTED_MEDIAN_IQR1.5_CAL0.96,0.0,,,4261,62400.0,RECENCY_WEIGHTED_MEDIAN_IQR1.5_CAL0.96,R2,72000.0,146,RECENCY_WEIGHTED_MEDIAN_IQR1.5_CAL0.96,STRONG,6.55,
4817,ready,Jumeirah village circle,binghatti house,1,647.0,1000000.0,Al Barsha South Fourth,0.0,,,63,67200.0,RECENCY_WEIGHTED_MEDIAN_IQR1.5_CAL0.96,0.0,,,3632,59520.0,RECENCY_WEIGHTED_MEDIAN_IQR1.5_CAL0.96,R2,67200.0,63,RECENCY_WEIGHTED_MEDIAN_IQR1.5_CAL0.96,STRONG,6.72,
5801,ready,Jumeirah village circle,empire residences,,375.0,690000.0,Al Barsha South Fourth,,,,0,,,,,,1781,43200.0,RECENCY_WEIGHTED_MEDIAN_IQR1.5_CAL0.96,R4,43200.0,1781,RECENCY_WEIGHTED_MEDIAN_IQR1.5_CAL0.96,STRONG,6.26,
3265,ready,Business Bay,damac majestine,,478.0,950000.0,Business Bay,,,,0,,,,,,2622,62400.0,RECENCY_WEIGHTED_MEDIAN_IQR1.5_CAL0.96,R4,62400.0,2622,RECENCY_WEIGHTED_MEDIAN_IQR1.5_CAL0.96,STRONG,6.57,
8028,ready,Town Square Dubai,evelyn on the park,1,765.0,1329888.0,Wadi Al Safa 3,0.0,,,0,,,0.0,,,1062,52800.0,RECENCY_WEIGHTED_MEDIAN_IQR1.5_CAL0.96,R4,52800.0,1062,RECENCY_WEIGHTED_MEDIAN_IQR1.5_CAL0.96,STRONG,3.97,
5303,ready,Jumeirah village circle,serenity lakes 5,,481.0,650000.0,Al Barsha South Fourth,,,,27,46080.0,RECENCY_WEIGHTED_MEDIAN_IQR1.5_CAL0.96,,,,2556,43200.0,RECENCY_WEIGHTED_MEDIAN_IQR1.5_CAL0.96,R2,46080.0,27,RECENCY_WEIGHTED_MEDIAN_IQR1.5_CAL0.96,STRONG,7.09,
8120,ready,Jumeirah village circle,laya mansion,1,940.0,925000.0,Al Barsha South Fourth,0.0,,,18,72576.0,RECENCY_WEIGHTED_MEDIAN_IQR1.5_CAL0.96,0.0,,,4706,67200.0,RECENCY_WEIGHTED_MEDIAN_IQR1.5_CAL0.96,R2,72576.0,18,RECENCY_WEIGHTED_MEDIAN_IQR1.5_CAL0.96,MODERATE,7.85,
5528,ready,Dubai Creek Harbour,creek rise tower 1,3,1664.0,3700000.0,Al Khairan First,0.0,,,0,,,0.0,,,1823,172800.0,RECENCY_WEIGHTED_MEDIAN_IQR1.5_CAL0.96,R4,172800.0,1823,RECENCY_WEIGHTED_MEDIAN_IQR1.5_CAL0.96,STRONG,4.67,
7449,ready,Dubai Creek Harbour,creek rise tower 1,2,1108.0,2800000.0,Al Khairan First,0.0,,,0,,,0.0,,,3914,124800.0,RECENCY_WEIGHTED_MEDIAN_IQR1.5_CAL0.96,R4,124800.0,3914,RECENCY_WEIGHTED_MEDIAN_IQR1.5_CAL0.96,STRONG,4.46,
6056,ready,Downtown Dubai,imperial avenue,3,2049.0,6300000.0,Burj Khalifa,0.0,,,27,278400.0,RECENCY_WEIGHTED_MEDIAN_IQR1.5_CAL0.96,0.0,,,1936,259200.0,RECENCY_WEIGHTED_MEDIAN_IQR1.5_CAL0.96,R2,278400.0,27,RECENCY_WEIGHTED_MEDIAN_IQR1.5_CAL0.96,STRONG,4.42,
1656,ready,Business Bay,ag tower,,443.0,987000.0,Business Bay,,,,58,57600.0,RECENCY_WEIGHTED_MEDIAN_IQR1.5_CAL0.96,,,,2456,60480.0,RECENCY_WEIGHTED_MEDIAN_IQR1.5_CAL0.96,R2,57600.0,58,RECENCY_WEIGHTED_MEDIAN_IQR1.5_CAL0.96,STRONG,5.84,
7378,ready,Business Bay,urban oasis by missoni,2,904.0,2900000.0,Business Bay,0.0,,,0,,,0.0,,,3204,86400.0,RECENCY_WEIGHTED_MEDIAN_IQR1.5_CAL0.96,R4,86400.0,3204,RECENCY_WEIGHTED_MEDIAN_IQR1.5_CAL0.96,STRONG,2.98,
7918,ready,Jumeirah village circle,the residence by prestige one,2,1322.0,1990000.0,Al Barsha South Fourth,0.0,,,6,118080.0,RECENCY_WEIGHTED_MEDIAN_IQR1.5_CAL0.96,0.0,,,1869,85680.0,RECENCY_WEIGHTED_MEDIAN_IQR1.5_CAL0.96,R2,118080.0,6,RECENCY_WEIGHTED_MEDIAN_IQR1.5_CAL0.96,WEAK,5.93,
5431,ready,Jumeirah village circle,pantheon elysee ii,,393.0,700000.0,Al Barsha South Fourth,,,,0,,,,,,2034,43200.0,RECENCY_WEIGHTED_MEDIAN_IQR1.5_CAL0.96,R4,43200.0,2034,RECENCY_WEIGHTED_MEDIAN_IQR1.5_CAL0.96,STRONG,6.17,
1118,ready,Jumeirah village circle,binghatti house,2,1105.0,1800000.0,Al Barsha South Fourth,0.0,,,19,110880.0,RECENCY_WEIGHTED_MEDIAN_IQR1.5_CAL0.96,0.0,,,3438,72000.0,RECENCY_WEIGHTED_MEDIAN_IQR1.5_CAL0.96,R2,110880.0,19,RECENCY_WEIGHTED_MEDIAN_IQR1.5_CAL0.96,MODERATE,6.16,
2620,ready,Business Bay,avanti tower,1,950.0,1516000.0,Business Bay,0.0,,,16,81600.0,RECENCY_WEIGHTED_MEDIAN_IQR1.5_CAL0.96,0.0,,,3115,86400.0,RECENCY_WEIGHTED_MEDIAN_IQR1.5_CAL0.96,R2,81600.0,16,RECENCY_WEIGHTED_MEDIAN_IQR1.5_CAL0.96,MODERATE,5.38,
2965,ready,Jumeirah village circle,binghatti onyx,2,1550.0,2500000.0,Al Barsha South Fourth,0.0,,,51,129600.0,RECENCY_WEIGHTED_MEDIAN_IQR1.5_CAL0.96,0.0,,,1226,96000.0,RECENCY_WEIGHTED_MEDIAN_IQR1.5_CAL0.96,R2,129600.0,51,RECENCY_WEIGHTED_MEDIAN_IQR1.5_CAL0.96,STRONG,5.18,
3766,ready,Downtown Dubai,imperial avenue,1,859.0,2500000.0,Burj Khalifa,0.0,,,23,120000.0,RECENCY_WEIGHTED_MEDIAN_IQR1.5_CAL0.96,0.0,,,3420,115200.0,RECENCY_WEIGHTED_MEDIAN_IQR1.5_CAL0.96,R2,120000.0,23,RECENCY_WEIGHTED_MEDIAN_IQR1.5_CAL0.96,STRONG,4.8,
6032,ready,Jumeirah village circle,luma22,1,1036.0,1350000.0,Al Barsha South Fourth,0.0,,,39,83520.0,RECENCY_WEIGHTED_MEDIAN_IQR1.5_CAL0.96,0.0,,,4080,70342.0,RECENCY_WEIGHTED_MEDIAN_IQR1.5_CAL0.96,R2,83520.0,39,RECENCY_WEIGHTED_MEDIAN_IQR1.5_CAL0.96,STRONG,6.19,
1227,ready,EMAAR Beachfront,sunrise bay,2,1394.0,4290000.0,Marsa Dubai,0.0,,,42,177600.0,RECENCY_WEIGHTED_MEDIAN_IQR1.5_CAL0.96,0.0,,,3941,127008.0,RECENCY_WEIGHTED_MEDIAN_IQR1.5_CAL0.96,R2,177600.0,42,RECENCY_WEIGHTED_MEDIAN_IQR1.5_CAL0.96,STRONG,4.14,
6113,ready,Dubai Creek Harbour,bayshore at creek beach,1,906.0,2000000.0,Al Khairan First,0.0,,,0,,,0.0,,,5972,100800.0,RECENCY_WEIGHTED_MEDIAN_IQR1.5_CAL0.96,R4,100800.0,5972,RECENCY_WEIGHTED_MEDIAN_IQR1.5_CAL0.96,STRONG,5.04,
5860,ready,Dubai Marina,liv residence,2,1767.0,4900000.0,Marsa Dubai,0.0,,,10,182400.0,RECENCY_WEIGHTED_MEDIAN_IQR1.5_CAL0.96,0.0,,,3099,144000.0,RECENCY_WEIGHTED_MEDIAN_IQR1.5_CAL0.96,R2,182400.0,10,RECENCY_WEIGHTED_MEDIAN_IQR1.5_CAL0.96,MODERATE,3.72,
2951,ready,Jumeirah village circle,binghatti orchid,1,777.0,1060000.0,Al Barsha South Fourth,0.0,,,63,71040.0,RECENCY_WEIGHTED_MEDIAN_IQR1.5_CAL0.96,0.0,,,5019,63360.0,RECENCY_WEIGHTED_MEDIAN_IQR1.5_CAL0.96,R2,71040.0,63,RECENCY_WEIGHTED_MEDIAN_IQR1.5_CAL0.96,STRONG,6.7,
2265,ready,Jumeirah village circle,binghatti amber,1,989.0,1300000.0,Al Barsha South Fourth,0.0,,,41,72000.0,RECENCY_WEIGHTED_MEDIAN_IQR1.5_CAL0.96,0.0,,,4378,69120.0,RECENCY_WEIGHTED_MEDIAN_IQR1.5_CAL0.96,R2,72000.0,41,RECENCY_WEIGHTED_MEDIAN_IQR1.5_CAL0.96,STRONG,5.54,
7137,ready,Jumeirah village circle,binghatti galaxy,1,871.0,1687500.0,Al Barsha South Fourth,0.0,,,19,76800.0,RECENCY_WEIGHTED_MEDIAN_IQR1.5_CAL0.96,0.0,,,5039,66240.0,RECENCY_WEIGHTED_MEDIAN_IQR1.5_CAL0.96,R2,76800.0,19,RECENCY_WEIGHTED_MEDIAN_IQR1.5_CAL0.96,MODERATE,4.55,
5156,ready,Business Bay,binghatti canal,2,1283.0,3150000.0,Business Bay,0.0,,,14,158400.0,RECENCY_WEIGHTED_MEDIAN_IQR1.5_CAL0.96,0.0,,,2921,115200.0,RECENCY_WEIGHTED_MEDIAN_IQR1.5_CAL0.96,R2,158400.0,14,RECENCY_WEIGHTED_MEDIAN_IQR1.5_CAL0.96,MODERATE,5.03,
3167,ready,Jumeirah village circle,binghatti dusk,1,899.0,1300000.0,Al Barsha South Fourth,0.0,,,0,,,0.0,,,4953,67200.0,RECENCY_WEIGHTED_MEDIAN_IQR1.5_CAL0.96,R4,67200.0,4953,RECENCY_WEIGHTED_MEDIAN_IQR1.5_CAL0.96,STRONG,5.17,
3599,ready,Jumeirah village circle,pantheon elysee ii,1,753.0,1150000.0,Al Barsha South Fourth,0.0,,,0,,,0.0,,,4843,62400.0,RECENCY_WEIGHTED_MEDIAN_IQR1.5_CAL0.96,R4,62400.0,4843,RECENCY_WEIGHTED_MEDIAN_IQR1.5_CAL0.96,STRONG,5.43,
655,ready,Jumeirah village circle,pantheon elysee iii,1,666.0,1200000.0,Al Barsha South Fourth,0.0,,,0,,,0.0,,,3813,60480.0,RECENCY_WEIGHTED_MEDIAN_IQR1.5_CAL0.96,R4,60480.0,3813,RECENCY_WEIGHTED_MEDIAN_IQR1.5_CAL0.96,STRONG,5.04,
6176,ready,Jumeirah village circle,catch residence by igo,1,905.0,1500000.0,Al Barsha South Fourth,0.0,,,0,,,0.0,,,4853,67200.0,RECENCY_WEIGHTED_MEDIAN_IQR1.5_CAL0.96,R4,67200.0,4853,RECENCY_WEIGHTED_MEDIAN_IQR1.5_CAL0.96,STRONG,4.48,
3901,ready,Business Bay,trillionaire residences,,549.0,1900000.0,Business Bay,,,,0,,,,,,3050,67200.0,RECENCY_WEIGHTED_MEDIAN_IQR1.5_CAL0.96,R4,67200.0,3050,RECENCY_WEIGHTED_MEDIAN_IQR1.5_CAL0.96,STRONG,3.54,
2252,ready,Downtown Dubai,imperial avenue,2,1458.0,5100000.0,Burj Khalifa,0.0,,,33,182400.0,RECENCY_WEIGHTED_MEDIAN_IQR1.5_CAL0.96,0.0,,,4724,187200.0,RECENCY_WEIGHTED_MEDIAN_IQR1.5_CAL0.96,R2,182400.0,33,RECENCY_WEIGHTED_MEDIAN_IQR1.5_CAL0.96,STRONG,3.58,
3533,ready,Business Bay,aykon city tower,,413.0,1041600.0,Business Bay,,,,0,,,,,,2122,59520.0,RECENCY_WEIGHTED_MEDIAN_IQR1.5_CAL0.96,R4,59520.0,2122,RECENCY_WEIGHTED_MEDIAN_IQR1.5_CAL0.96,STRONG,5.71,
7292,ready,Business Bay,aykon city tower,1,646.0,1624350.0,Business Bay,0.0,,,0,,,0.0,,,2449,75200.0,RECENCY_WEIGHTED_MEDIAN_IQR1.5_CAL0.96,R4,75200.0,2449,RECENCY_WEIGHTED_MEDIAN_IQR1.5_CAL0.96,STRONG,4.63,
1113,ready,Jumeirah village circle,binghatti gardenia,2,3008.0,2530000.0,Al Barsha South Fourth,0.0,,,0,,,0.0,,,91,134400.0,RECENCY_WEIGHTED_MEDIAN_IQR1.5_CAL0.96,R4,134400.0,91,RECENCY_WEIGHTED_MEDIAN_IQR1.5_CAL0.96,STRONG,5.31,
8019,ready,Business Bay,damac majestine,1,1578.0,2477000.0,Business Bay,0.0,,,0,,,0.0,,,2694,126720.0,RECENCY_WEIGHTED_MEDIAN_IQR1.5_CAL0.96,R4,126720.0,2694,RECENCY_WEIGHTED_MEDIAN_IQR1.5_CAL0.96,STRONG,5.12,
7841,ready,Jumeirah village circle,uniestate prime tower,1,1890.0,1908900.0,Al Barsha South Fourth,0.0,,,1,,,0.0,,,542,105600.0,RECENCY_WEIGHTED_MEDIAN_IQR1.5_CAL0.96,R4,105600.0,542,RECENCY_WEIGHTED_MEDIAN_IQR1.5_CAL0.96,STRONG,5.53,
6904,ready,Dubai Creek Harbour,creek edge,1,689.0,931000.0,Al Khairan First,0.0,,,85,86400.0,RECENCY_WEIGHTED_MEDIAN_IQR1.5_CAL0.96,0.0,,,4309,86400.0,RECENCY_WEIGHTED_MEDIAN_IQR1.5_CAL0.96,R2,86400.0,85,RECENCY_WEIGHTED_MEDIAN_IQR1.5_CAL0.96,STRONG,9.28,
3668,ready,Business Bay,nobles tower,1,847.0,2702660.0,Business Bay,0.0,,,0,,,0.0,,,3448,86400.0,RECENCY_WEIGHTED_MEDIAN_IQR1.5_CAL0.96,R4,86400.0,3448,RECENCY_WEIGHTED_MEDIAN_IQR1.5_CAL0.96,STRONG,3.2,
7061,ready,Palm Jumeirah,azizi mina,2,1522.0,4500000.0,Palm Jumeirah,0.0,,,0,,,0.0,,,1081,172800.0,RECENCY_WEIGHTED_MEDIAN_IQR1.5_CAL0.96,R4,172800.0,1081,RECENCY_WEIGHTED_MEDIAN_IQR1.5_CAL0.96,STRONG,3.84,
392,ready,Business Bay,marriott residences,1,732.0,2576780.0,Business Bay,0.0,,,0,,,0.0,,,2884,81600.0,RECENCY_WEIGHTED_MEDIAN_IQR1.5_CAL0.96,R4,81600.0,2884,RECENCY_WEIGHTED_MEDIAN_IQR1.5_CAL0.96,STRONG,3.17,
3190,ready,Palm Jumeirah,azizi mina,1,1173.0,3667000.0,Palm Jumeirah,0.0,,,0,,,0.0,,,570,144000.0,RECENCY_WEIGHTED_MEDIAN_IQR1.5_CAL0.96,R4,144000.0,570,RECENCY_WEIGHTED_MEDIAN_IQR1.5_CAL0.96,STRONG,3.93,
7930,ready,Palm Jumeirah,muraba residences,2,1965.0,7826920.0,Palm Jumeirah,0.0,,,0,,,0.0,,,1268,201961.0,RECENCY_WEIGHTED_MEDIAN_IQR1.5_CAL0.96,R4,201961.0,1268,RECENCY_WEIGHTED_MEDIAN_IQR1.5_CAL0.96,STRONG,2.58,
7266,ready,Business Bay,ahad residences,1,894.0,1800000.0,Business Bay,0.0,,,65,110400.0,RECENCY_WEIGHTED_MEDIAN_IQR1.5_CAL0.96,0.0,,,3158,86400.0,RECENCY_WEIGHTED_MEDIAN_IQR1.5_CAL0.96,R2,110400.0,65,RECENCY_WEIGHTED_MEDIAN_IQR1.5_CAL0.96,STRONG,6.13,
1074,ready,Business Bay,ahad residences,,453.0,1250000.0,Business Bay,,,,22,76800.0,RECENCY_WEIGHTED_MEDIAN_IQR1.5_CAL0.96,,,,2525,61440.0,RECENCY_WEIGHTED_MEDIAN_IQR1.5_CAL0.96,R2,76800.0,22,RECENCY_WEIGHTED_MEDIAN_IQR1.5_CAL0.96,STRONG,6.14,
6954,ready,Business Bay,terraces marasi drive,1,,2000000.0,Business Bay,0.0,,,0,,,0.0,,,0,,,NO_CONTEXT,,0,,,,No DLD rental area or size
6473,ready,Jumeirah village circle,empire residences,1,701.0,950000.0,Al Barsha South Fourth,0.0,,,0,,,0.0,,,4339,62400.0,RECENCY_WEIGHTED_MEDIAN_IQR1.5_CAL0.96,R4,62400.0,4339,RECENCY_WEIGHTED_MEDIAN_IQR1.5_CAL0.96,STRONG,6.57,
2378,ready,Jumeirah village circle,7 park central by meteora,1,768.0,985000.0,Al Barsha South Fourth,0.0,,,0,,,0.0,,,4956,63280.0,RECENCY_WEIGHTED_MEDIAN_IQR1.5_CAL0.96,R4,63280.0,4956,RECENCY_WEIGHTED_MEDIAN_IQR1.5_CAL0.96,STRONG,6.42,
6690,ready,Arjan,samana hills,1,585.0,849501.0,Al Barshaa South Third,0.0,,,30,65280.0,RECENCY_WEIGHTED_MEDIAN_IQR1.5_CAL0.96,0.0,,,2047,47179.0,RECENCY_WEIGHTED_MEDIAN_IQR1.5_CAL0.96,R2,65280.0,30,RECENCY_WEIGHTED_MEDIAN_IQR1.5_CAL0.96,STRONG,7.68,
3194,ready,EMAAR Beachfront,sunrise bay,3,1925.0,6800000.0,Marsa Dubai,0.0,,,11,336000.0,RECENCY_WEIGHTED_MEDIAN_IQR1.5_CAL0.96,0.0,,,2269,153600.0,RECENCY_WEIGHTED_MEDIAN_IQR1.5_CAL0.96,R2,336000.0,11,RECENCY_WEIGHTED_MEDIAN_IQR1.5_CAL0.96,MODERATE,4.94,
3276,ready,Jumeirah village circle,la residenza,2,1126.0,1428000.0,Al Barsha South Fourth,0.0,,,11,100243.0,RECENCY_WEIGHTED_MEDIAN_IQR1.5_CAL0.96,0.0,,,3134,72000.0,RECENCY_WEIGHTED_MEDIAN_IQR1.5_CAL0.96,R2,100243.0,11,RECENCY_WEIGHTED_MEDIAN_IQR1.5_CAL0.96,MODERATE,7.02,
1208,ready,Business Bay,marquise square,1,1064.0,2100000.0,Business Bay,0.0,,,0,,,0.0,,,3303,96000.0,RECENCY_WEIGHTED_MEDIAN_IQR1.5_CAL0.96,R4,96000.0,3303,RECENCY_WEIGHTED_MEDIAN_IQR1.5_CAL0.96,STRONG,4.57,
7157,ready,Business Bay,the atria,3,2004.0,4180000.0,Business Bay,0.0,,,32,134400.0,RECENCY_WEIGHTED_MEDIAN_IQR1.5_CAL0.96,0.0,,,1539,144000.0,RECENCY_WEIGHTED_MEDIAN_IQR1.5_CAL0.96,R2,134400.0,32,RECENCY_WEIGHTED_MEDIAN_IQR1.5_CAL0.96,STRONG,3.22,
6316,ready,Jumeirah Lake Towers,me do re,3,2233.0,5500000.0,Al Thanyah Fifth,0.0,,,2,,,0.0,,,422,153600.0,RECENCY_WEIGHTED_MEDIAN_IQR1.5_CAL0.96,R4,153600.0,422,RECENCY_WEIGHTED_MEDIAN_IQR1.5_CAL0.96,STRONG,2.79,
5216,ready,Jumeirah village circle,oxford terraces 2,2,1150.0,1850000.0,Al Barsha South Fourth,0.0,,,9,124800.0,RECENCY_WEIGHTED_MEDIAN_IQR1.5_CAL0.96,0.0,,,2824,74880.0,RECENCY_WEIGHTED_MEDIAN_IQR1.5_CAL0.96,R2,124800.0,9,RECENCY_WEIGHTED_MEDIAN_IQR1.5_CAL0.96,WEAK,6.75,
1746,ready,Jumeirah village circle,binghatti nova,1,635.0,950000.0,Al Barsha South Fourth,0.0,,,55,62400.0,RECENCY_WEIGHTED_MEDIAN_IQR1.5_CAL0.96,0.0,,,3289,57600.0,RECENCY_WEIGHTED_MEDIAN_IQR1.5_CAL0.96,R2,62400.0,55,RECENCY_WEIGHTED_MEDIAN_IQR1.5_CAL0.96,STRONG,6.57,
2185,ready,Al Furjan,azizi amber,2,992.0,1450000.0,Jabal Ali First,0.0,,,13,86400.0,RECENCY_WEIGHTED_MEDIAN_IQR1.5_CAL0.96,0.0,,,4512,63729.0,RECENCY_WEIGHTED_MEDIAN_IQR1.5_CAL0.96,R2,86400.0,13,RECENCY_WEIGHTED_MEDIAN_IQR1.5_CAL0.96,MODERATE,5.96,
2859,ready,Jumeirah village circle,oxford terraces 2,,482.0,880000.0,Al Barsha South Fourth,,,,10,63360.0,RECENCY_WEIGHTED_MEDIAN_IQR1.5_CAL0.96,,,,2559,43200.0,RECENCY_WEIGHTED_MEDIAN_IQR1.5_CAL0.96,R2,63360.0,10,RECENCY_WEIGHTED_MEDIAN_IQR1.5_CAL0.96,MODERATE,7.2,
3453,ready,Arjan,samana hills,,360.0,600000.0,Al Barshaa South Third,,,,45,45120.0,RECENCY_WEIGHTED_MEDIAN_IQR1.5_CAL0.96,,,,1659,45120.0,RECENCY_WEIGHTED_MEDIAN_IQR1.5_CAL0.96,R2,45120.0,45,RECENCY_WEIGHTED_MEDIAN_IQR1.5_CAL0.96,STRONG,7.52,
1848,ready,Al Jadaf Waterfront,binghatti twilight,1,807.0,1340000.0,Al Jadaf,0.0,,,0,,,0.0,,,2013,67200.0,RECENCY_WEIGHTED_MEDIAN_IQR1.5_CAL0.96,R4,67200.0,2013,RECENCY_WEIGHTED_MEDIAN_IQR1.5_CAL0.96,STRONG,5.01,
7299,ready,Jumeirah village circle,the residence by prestige one,1,790.0,1099000.0,Al Barsha South Fourth,0.0,,,5,69120.0,RECENCY_WEIGHTED_MEDIAN_IQR1.5_CAL0.96,0.0,,,5087,63360.0,RECENCY_WEIGHTED_MEDIAN_IQR1.5_CAL0.96,R2,69120.0,5,RECENCY_WEIGHTED_MEDIAN_IQR1.5_CAL0.96,WEAK,6.29,
2435,ready,Dubai Islands,royal yacht club residence,1,720.0,2300000.0,,0.0,,,0,,,0.0,,,0,,,NO_CONTEXT,,0,,,,No DLD rental area or size
4695,ready,Jumeirah village circle,oxford terraces 2,1,796.0,1250000.0,Al Barsha South Fourth,0.0,,,13,86400.0,RECENCY_WEIGHTED_MEDIAN_IQR1.5_CAL0.96,0.0,,,5102,63360.0,RECENCY_WEIGHTED_MEDIAN_IQR1.5_CAL0.96,R2,86400.0,13,RECENCY_WEIGHTED_MEDIAN_IQR1.5_CAL0.96,MODERATE,6.91,
2785,ready,Arjan,vincitore volare,2,1430.0,1700000.0,Al Barshaa South Third,0.0,,,0,,,0.0,,,1642,86400.0,RECENCY_WEIGHTED_MEDIAN_IQR1.5_CAL0.96,R4,86400.0,1642,RECENCY_WEIGHTED_MEDIAN_IQR1.5_CAL0.96,STRONG,5.08,
802,ready,Al Furjan,azizi amber,3,1261.0,2057000.0,Jabal Ali First,0.0,,,16,86400.0,RECENCY_WEIGHTED_MEDIAN_IQR1.5_CAL0.96,0.0,,,4104,70693.0,RECENCY_WEIGHTED_MEDIAN_IQR1.5_CAL0.96,R2,86400.0,16,RECENCY_WEIGHTED_MEDIAN_IQR1.5_CAL0.96,MODERATE,4.2,
6436,ready,La Mer,jumeirah asora bay,4,6328.0,65000000.0,,0.0,,,0,,,0.0,,,0,,,NO_CONTEXT,,0,,,,No DLD rental area or size
7246,ready,Jebel Ali,azizi lina,3,1758.0,2208000.0,Jabal Ali First,0.0,,,0,,,0.0,,,1149,78720.0,RECENCY_WEIGHTED_MEDIAN_IQR1.5_CAL0.96,R4,78720.0,1149,RECENCY_WEIGHTED_MEDIAN_IQR1.5_CAL0.96,STRONG,3.57,
2166,ready,Dubai Creek Harbour,the cove,1,745.0,2300000.0,Al Khairan First,0.0,,,18,105600.0,RECENCY_WEIGHTED_MEDIAN_IQR1.5_CAL0.96,0.0,,,4452,86400.0,RECENCY_WEIGHTED_MEDIAN_IQR1.5_CAL0.96,R2,105600.0,18,RECENCY_WEIGHTED_MEDIAN_IQR1.5_CAL0.96,MODERATE,4.59,
4286,ready,Jumeirah village circle,binghatti galaxy,,670.0,924374.0,Al Barsha South Fourth,,,,9,50880.0,RECENCY_WEIGHTED_MEDIAN_IQR1.5_CAL0.96,,,,3832,60480.0,RECENCY_WEIGHTED_MEDIAN_IQR1.5_CAL0.96,R2,50880.0,9,RECENCY_WEIGHTED_MEDIAN_IQR1.5_CAL0.96,WEAK,5.5,
7412,ready,Jumeirah village circle,serenity lakes 5,2,993.0,1300000.0,Al Barsha South Fourth,0.0,,,4,,,0.0,,,4315,69120.0,RECENCY_WEIGHTED_MEDIAN_IQR1.5_CAL0.96,R4,69120.0,4315,RECENCY_WEIGHTED_MEDIAN_IQR1.5_CAL0.96,STRONG,5.32,
5104,ready,Jumeirah village circle,binghatti tulip,2,1221.0,1670000.0,Al Barsha South Fourth,0.0,,,8,105600.0,RECENCY_WEIGHTED_MEDIAN_IQR1.5_CAL0.96,0.0,,,2327,79680.0,RECENCY_WEIGHTED_MEDIAN_IQR1.5_CAL0.96,R2,105600.0,8,RECENCY_WEIGHTED_MEDIAN_IQR1.5_CAL0.96,WEAK,6.32,
5793,ready,Business Bay,ag tower,2,1465.0,2238000.0,Business Bay,0.0,,,27,96000.0,RECENCY_WEIGHTED_MEDIAN_IQR1.5_CAL0.96,0.0,,,2623,124800.0,RECENCY_WEIGHTED_MEDIAN_IQR1.5_CAL0.96,R2,96000.0,27,RECENCY_WEIGHTED_MEDIAN_IQR1.5_CAL0.96,STRONG,4.29,
1298,ready,Dubai Creek Harbour,creek rise tower 1,4,2987.0,9800000.0,Al Khairan First,0.0,,,0,,,0.0,,,109,278400.0,RECENCY_WEIGHTED_MEDIAN_IQR1.5_CAL0.96,R4,278400.0,109,RECENCY_WEIGHTED_MEDIAN_IQR1.5_CAL0.96,STRONG,2.84,
5983,ready,Palm Jumeirah,raffles the palm dubai,3,3337.0,25750000.0,Palm Jumeirah,0.0,,,0,,,0.0,,,142,312000.0,RECENCY_WEIGHTED_MEDIAN_IQR1.5_CAL0.96,R4,312000.0,142,RECENCY_WEIGHTED_MEDIAN_IQR1.5_CAL0.96,STRONG,1.21,
4432,ready,Jumeirah village circle,binghatti rose,2,939.0,1175000.0,Al Barsha South Fourth,0.0,,,20,81600.0,RECENCY_WEIGHTED_MEDIAN_IQR1.5_CAL0.96,0.0,,,4707,67200.0,RECENCY_WEIGHTED_MEDIAN_IQR1.5_CAL0.96,R2,81600.0,20,RECENCY_WEIGHTED_MEDIAN_IQR1.5_CAL0.96,STRONG,6.94,
4762,ready,Jumeirah village circle,ashton park residences,1,933.0,1300000.0,Al Barsha South Fourth,0.0,,,5,72000.0,RECENCY_WEIGHTED_MEDIAN_IQR1.5_CAL0.96,0.0,,,4717,67200.0,RECENCY_WEIGHTED_MEDIAN_IQR1.5_CAL0.96,R2,72000.0,5,RECENCY_WEIGHTED_MEDIAN_IQR1.5_CAL0.96,WEAK,5.54,
2266,ready,Jumeirah Lake Towers,me do re,,620.0,1300000.0,Al Thanyah Fifth,,,,9,73652.0,RECENCY_WEIGHTED_MEDIAN_IQR1.5_CAL0.96,,,,1049,67200.0,RECENCY_WEIGHTED_MEDIAN_IQR1.5_CAL0.96,R2,73652.0,9,RECENCY_WEIGHTED_MEDIAN_IQR1.5_CAL0.96,WEAK,5.67,
3600,ready,Dubai Creek Harbour,bayshore at creek beach,2,985.0,2500000.0,Al Khairan First,0.0,,,0,,,0.0,,,4384,117600.0,RECENCY_WEIGHTED_MEDIAN_IQR1.5_CAL0.96,R4,117600.0,4384,RECENCY_WEIGHTED_MEDIAN_IQR1.5_CAL0.96,STRONG,4.7,
4140,ready,Jumeirah village circle,binghatti gardenia,,324.0,670000.0,Al Barsha South Fourth,,,,13,45120.0,RECENCY_WEIGHTED_MEDIAN_IQR1.5_CAL0.96,,,,753,42240.0,RECENCY_WEIGHTED_MEDIAN_IQR1.5_CAL0.96,R2,45120.0,13,RECENCY_WEIGHTED_MEDIAN_IQR1.5_CAL0.96,MODERATE,6.73,
1175,ready,Jumeirah Lake Towers,me do re,1,1095.0,2200000.0,Al Thanyah Fifth,0.0,,,23,120000.0,RECENCY_WEIGHTED_MEDIAN_IQR1.5_CAL0.96,0.0,,,2048,91200.0,RECENCY_WEIGHTED_MEDIAN_IQR1.5_CAL0.96,R2,120000.0,23,RECENCY_WEIGHTED_MEDIAN_IQR1.5_CAL0.96,STRONG,5.45,
556,ready,The Greens,mosela waterside residences,2,1439.0,2620000.0,Al Barshaa South Third,0.0,,,0,,,0.0,,,1616,86400.0,RECENCY_WEIGHTED_MEDIAN_IQR1.5_CAL0.96,R4,86400.0,1616,RECENCY_WEIGHTED_MEDIAN_IQR1.5_CAL0.96,STRONG,3.3,
5593,ready,Jumeirah Lake Towers,me do re,2,1387.0,3500000.0,Al Thanyah Fifth,0.0,,,23,163200.0,RECENCY_WEIGHTED_MEDIAN_IQR1.5_CAL0.96,0.0,,,1304,115200.0,RECENCY_WEIGHTED_MEDIAN_IQR1.5_CAL0.96,R2,163200.0,23,RECENCY_WEIGHTED_MEDIAN_IQR1.5_CAL0.96,STRONG,4.66,
5513,ready,Dubai Sports City,canal residence west,2,1380.0,1400000.0,Al Hebiah Fourth,0.0,,,0,,,0.0,,,920,76800.0,RECENCY_WEIGHTED_MEDIAN_IQR1.5_CAL0.96,R4,76800.0,920,RECENCY_WEIGHTED_MEDIAN_IQR1.5_CAL0.96,STRONG,5.49,
2816,ready,Jumeirah village circle,gardenia residency,,328.0,750000.0,Al Barsha South Fourth,,,,0,,,,,,900,42240.0,RECENCY_WEIGHTED_MEDIAN_IQR1.5_CAL0.96,R4,42240.0,900,RECENCY_WEIGHTED_MEDIAN_IQR1.5_CAL0.96,STRONG,5.63,
152,ready,Dubai Marina,marina star,,505.0,1943600.0,Marsa Dubai,,,,11,76800.0,RECENCY_WEIGHTED_MEDIAN_IQR1.5_CAL0.96,,,,613,63360.0,RECENCY_WEIGHTED_MEDIAN_IQR1.5_CAL0.96,R2,76800.0,11,RECENCY_WEIGHTED_MEDIAN_IQR1.5_CAL0.96,MODERATE,3.95,
1641,ready,Jumeirah village circle,ashton park residences,,402.0,800000.0,Al Barsha South Fourth,,,,13,45120.0,RECENCY_WEIGHTED_MEDIAN_IQR1.5_CAL0.96,,,,2119,43200.0,RECENCY_WEIGHTED_MEDIAN_IQR1.5_CAL0.96,R2,45120.0,13,RECENCY_WEIGHTED_MEDIAN_IQR1.5_CAL0.96,MODERATE,5.64,
408,ready,Jumeirah village circle,binghatti crescent,1,728.0,1200000.0,Al Barsha South Fourth,0.0,,,31,72000.0,RECENCY_WEIGHTED_MEDIAN_IQR1.5_CAL0.96,0.0,,,4600,62400.0,RECENCY_WEIGHTED_MEDIAN_IQR1.5_CAL0.96,R2,72000.0,31,RECENCY_WEIGHTED_MEDIAN_IQR1.5_CAL0.96,STRONG,6.0,
6627,ready,Palm Jumeirah,royal bay,2,1494.0,3550000.0,Palm Jumeirah,0.0,,,9,154289.0,RECENCY_WEIGHTED_MEDIAN_IQR1.5_CAL0.96,0.0,,,1136,168000.0,RECENCY_WEIGHTED_MEDIAN_IQR1.5_CAL0.96,R2,154289.0,9,RECENCY_WEIGHTED_MEDIAN_IQR1.5_CAL0.96,WEAK,4.35,
2199,ready,Dubai Marina,liv residence,,521.0,1650000.0,Marsa Dubai,,,,6,72000.0,RECENCY_WEIGHTED_MEDIAN_IQR1.5_CAL0.96,,,,675,67200.0,RECENCY_WEIGHTED_MEDIAN_IQR1.5_CAL0.96,R2,72000.0,6,RECENCY_WEIGHTED_MEDIAN_IQR1.5_CAL0.96,WEAK,4.36,
5319,ready,Dubai Marina,liv residence,1,919.0,2500000.0,Marsa Dubai,0.0,,,22,124800.0,RECENCY_WEIGHTED_MEDIAN_IQR1.5_CAL0.96,0.0,,,3806,86400.0,RECENCY_WEIGHTED_MEDIAN_IQR1.5_CAL0.96,R2,124800.0,22,RECENCY_WEIGHTED_MEDIAN_IQR1.5_CAL0.96,STRONG,4.99,
8327,ready,Business Bay,aykon city tower,2,819.0,2314000.0,Business Bay,0.0,,,0,,,0.0,,,3410,86400.0,RECENCY_WEIGHTED_MEDIAN_IQR1.5_CAL0.96,R4,86400.0,3410,RECENCY_WEIGHTED_MEDIAN_IQR1.5_CAL0.96,STRONG,3.73,
3119,ready,Dubai Marina,marina arcade tower,3,2466.0,4173190.0,Marsa Dubai,0.0,,,0,,,0.0,,,1178,187200.0,RECENCY_WEIGHTED_MEDIAN_IQR1.5_CAL0.96,R4,187200.0,1178,RECENCY_WEIGHTED_MEDIAN_IQR1.5_CAL0.96,STRONG,4.49,
7426,ready,Al Barari,barari views,2,1271.0,1461650.0,Wadi Al Safa 3,0.0,,,7,86400.0,RECENCY_WEIGHTED_MEDIAN_IQR1.5_CAL0.96,0.0,,,676,73920.0,RECENCY_WEIGHTED_MEDIAN_IQR1.5_CAL0.96,R2,86400.0,7,RECENCY_WEIGHTED_MEDIAN_IQR1.5_CAL0.96,WEAK,5.91,
5,ready,Business Bay,avanti tower,2,1270.0,2314000.0,Business Bay,0.0,,,13,115200.0,RECENCY_WEIGHTED_MEDIAN_IQR1.5_CAL0.96,0.0,,,3059,115200.0,RECENCY_WEIGHTED_MEDIAN_IQR1.5_CAL0.96,R2,115200.0,13,RECENCY_WEIGHTED_MEDIAN_IQR1.5_CAL0.96,MODERATE,4.98,
7799,ready,Business Bay,avanti tower,,350.0,950000.0,Business Bay,,,,1,,,,,,741,57600.0,RECENCY_WEIGHTED_MEDIAN_IQR1.5_CAL0.96,R4,57600.0,741,RECENCY_WEIGHTED_MEDIAN_IQR1.5_CAL0.96,STRONG,6.06,
2236,ready,Jumeirah village circle,ashton park residences,2,1145.0,2100000.0,Al Barsha South Fourth,0.0,,,4,,,0.0,,,2898,73347.0,RECENCY_WEIGHTED_MEDIAN_IQR1.5_CAL0.96,R4,73347.0,2898,RECENCY_WEIGHTED_MEDIAN_IQR1.5_CAL0.96,STRONG,3.49,
4513,ready,Dubai Creek Harbour,the cove,3,1898.0,5500000.0,Al Khairan First,0.0,,,13,220800.0,RECENCY_WEIGHTED_MEDIAN_IQR1.5_CAL0.96,0.0,,,1622,172800.0,RECENCY_WEIGHTED_MEDIAN_IQR1.5_CAL0.96,R2,220800.0,13,RECENCY_WEIGHTED_MEDIAN_IQR1.5_CAL0.96,MODERATE,4.01,
3150,ready,Dubai Creek Harbour,creek gate tower 2,3,2162.0,5200000.0,Al Khairan First,0.0,,,0,,,0.0,,,658,201600.0,RECENCY_WEIGHTED_MEDIAN_IQR1.5_CAL0.96,R4,201600.0,658,RECENCY_WEIGHTED_MEDIAN_IQR1.5_CAL0.96,STRONG,3.88,
7461,ready,Business Bay,the atria,,559.0,1369710.0,Business Bay,,,,0,,,,,,3115,67200.0,RECENCY_WEIGHTED_MEDIAN_IQR1.5_CAL0.96,R4,67200.0,3115,RECENCY_WEIGHTED_MEDIAN_IQR1.5_CAL0.96,STRONG,4.91,
6217,ready,Emaar South,golf links,3,4309.0,4100000.0,,0.0,,,0,,,0.0,,,0,,,NO_CONTEXT,,0,,,,No DLD rental area or size
5075,ready,Palm Jumeirah,ellington beach house,1,1028.0,4300000.0,Palm Jumeirah,0.0,,,2,,,0.0,,,313,139200.0,RECENCY_WEIGHTED_MEDIAN_IQR1.5_CAL0.96,R4,139200.0,313,RECENCY_WEIGHTED_MEDIAN_IQR1.5_CAL0.96,STRONG,3.24,
2178,ready,Jumeirah village circle,binghatti house,,310.0,729999.0,Al Barsha South Fourth,,,,15,43200.0,RECENCY_WEIGHTED_MEDIAN_IQR1.5_CAL0.96,,,,290,40320.0,RECENCY_WEIGHTED_MEDIAN_IQR1.5_CAL0.96,R2,43200.0,15,RECENCY_WEIGHTED_MEDIAN_IQR1.5_CAL0.96,MODERATE,5.92,
7953,ready,Downtown Dubai,imperial avenue,4,3124.0,12800000.0,Burj Khalifa,0.0,,,0,,,0.0,,,310,327360.0,RECENCY_WEIGHTED_MEDIAN_IQR1.5_CAL0.96,R4,327360.0,310,RECENCY_WEIGHTED_MEDIAN_IQR1.5_CAL0.96,STRONG,2.56,
1821,ready,Jumeirah village circle,binghatti crescent,3,1682.0,2400000.0,Al Barsha South Fourth,0.0,,,2,,,0.0,,,904,100800.0,RECENCY_WEIGHTED_MEDIAN_IQR1.5_CAL0.96,R4,100800.0,904,RECENCY_WEIGHTED_MEDIAN_IQR1.5_CAL0.96,STRONG,4.2,
6099,ready,Dubai Creek Harbour,the cove,3,1839.0,6000000.0,Al Khairan First,0.0,,,14,220800.0,RECENCY_WEIGHTED_MEDIAN_IQR1.5_CAL0.96,0.0,,,1675,172800.0,RECENCY_WEIGHTED_MEDIAN_IQR1.5_CAL0.96,R2,220800.0,14,RECENCY_WEIGHTED_MEDIAN_IQR1.5_CAL0.96,MODERATE,3.68,
2170,ready,Business Bay,damac majestine,3,1420.0,2800000.0,Business Bay,0.0,,,0,,,0.0,,,2693,121928.0,RECENCY_WEIGHTED_MEDIAN_IQR1.5_CAL0.96,R4,121928.0,2693,RECENCY_WEIGHTED_MEDIAN_IQR1.5_CAL0.96,STRONG,4.35,
3043,ready,Dubai South,casa aura residence,,407.0,1000000.0,Madinat Al Mataar,,,,0,,,,,,1334,38640.0,RECENCY_WEIGHTED_MEDIAN_IQR1.5_CAL0.96,R4,38640.0,1334,RECENCY_WEIGHTED_MEDIAN_IQR1.5_CAL0.96,STRONG,3.86,
7848,ready,Arjan,samana hills,2,1561.0,2095000.0,Al Barshaa South Third,0.0,,,1,,,0.0,,,1383,91200.0,RECENCY_WEIGHTED_MEDIAN_IQR1.5_CAL0.96,R4,91200.0,1383,RECENCY_WEIGHTED_MEDIAN_IQR1.5_CAL0.96,STRONG,4.35,
8057,ready,Jumeirah village circle,binghatti royale,3,2102.0,4500000.0,Al Barsha South Fourth,0.0,,,5,172800.0,RECENCY_WEIGHTED_MEDIAN_IQR1.5_CAL0.96,0.0,,,329,115200.0,RECENCY_WEIGHTED_MEDIAN_IQR1.5_CAL0.96,R2,172800.0,5,RECENCY_WEIGHTED_MEDIAN_IQR1.5_CAL0.96,WEAK,3.84,
5370,ready,Business Bay,trillionaire residences,1,796.0,2500000.0,Business Bay,0.0,,,0,,,0.0,,,3446,86400.0,RECENCY_WEIGHTED_MEDIAN_IQR1.5_CAL0.96,R4,86400.0,3446,RECENCY_WEIGHTED_MEDIAN_IQR1.5_CAL0.96,STRONG,3.46,
717,ready,Dubai Creek Harbour,bayshore at creek beach,3,1493.0,4500000.0,Al Khairan First,0.0,,,0,,,0.0,,,2698,158400.0,RECENCY_WEIGHTED_MEDIAN_IQR1.5_CAL0.96,R4,158400.0,2698,RECENCY_WEIGHTED_MEDIAN_IQR1.5_CAL0.96,STRONG,3.52,
7170,ready,Business Bay,ag tower,1,820.0,1750000.0,Business Bay,0.0,,,35,78720.0,RECENCY_WEIGHTED_MEDIAN_IQR1.5_CAL0.96,0.0,,,3407,86400.0,RECENCY_WEIGHTED_MEDIAN_IQR1.5_CAL0.96,R2,78720.0,35,RECENCY_WEIGHTED_MEDIAN_IQR1.5_CAL0.96,STRONG,4.5,
5407,ready,Jumeirah village circle,uniestate prime tower,2,2972.0,2572000.0,Al Barsha South Fourth,0.0,,,1,,,0.0,,,92,134400.0,RECENCY_WEIGHTED_MEDIAN_IQR1.5_CAL0.96,R4,134400.0,92,RECENCY_WEIGHTED_MEDIAN_IQR1.5_CAL0.96,STRONG,5.23,
7349,ready,Dubai Marina,cayan tower,3,2912.0,6000000.0,Marsa Dubai,0.0,,,6,317520.0,RECENCY_WEIGHTED_MEDIAN_IQR1.5_CAL0.96,0.0,,,544,214232.0,RECENCY_WEIGHTED_MEDIAN_IQR1.5_CAL0.96,R2,317520.0,6,RECENCY_WEIGHTED_MEDIAN_IQR1.5_CAL0.96,WEAK,5.29,
4975,ready,Business Bay,trillionaire residences,2,1346.0,4500000.0,Business Bay,0.0,,,0,,,0.0,,,2863,120000.0,RECENCY_WEIGHTED_MEDIAN_IQR1.5_CAL0.96,R4,120000.0,2863,RECENCY_WEIGHTED_MEDIAN_IQR1.5_CAL0.96,STRONG,2.67,
7005,ready,Jumeirah village circle,binghatti dusk,,424.0,981499.0,Al Barsha South Fourth,,,,0,,,,,,2365,43200.0,RECENCY_WEIGHTED_MEDIAN_IQR1.5_CAL0.96,R4,43200.0,2365,RECENCY_WEIGHTED_MEDIAN_IQR1.5_CAL0.96,STRONG,4.4,
564,ready,Dubai Marina,marina star,3,2497.0,11000000.0,Marsa Dubai,0.0,,,0,,,0.0,,,1146,192000.0,RECENCY_WEIGHTED_MEDIAN_IQR1.5_CAL0.96,R4,192000.0,1146,RECENCY_WEIGHTED_MEDIAN_IQR1.5_CAL0.96,STRONG,1.75,
533,ready,Jumeirah village circle,binghatti galaxy,2,1353.0,2600000.0,Al Barsha South Fourth,0.0,,,2,,,0.0,,,1755,86400.0,RECENCY_WEIGHTED_MEDIAN_IQR1.5_CAL0.96,R4,86400.0,1755,RECENCY_WEIGHTED_MEDIAN_IQR1.5_CAL0.96,STRONG,3.32,
2505,ready,Jumeirah village circle,serenity lakes 2,2,2270.0,2300000.0,Al Barsha South Fourth,0.0,,,0,,,0.0,,,258,120019.0,RECENCY_WEIGHTED_MEDIAN_IQR1.5_CAL0.96,R4,120019.0,258,RECENCY_WEIGHTED_MEDIAN_IQR1.5_CAL0.96,STRONG,5.22,
4938,ready,Business Bay,nobles tower,2,1186.0,3451120.0,Business Bay,0.0,,,0,,,0.0,,,3173,105600.0,RECENCY_WEIGHTED_MEDIAN_IQR1.5_CAL0.96,R4,105600.0,3173,RECENCY_WEIGHTED_MEDIAN_IQR1.5_CAL0.96,STRONG,3.06,
4665,ready,Palm Jumeirah,raffles the palm dubai,,972.0,4500000.0,Palm Jumeirah,,,,0,,,,,,309,139200.0,RECENCY_WEIGHTED_MEDIAN_IQR1.5_CAL0.96,R4,139200.0,309,RECENCY_WEIGHTED_MEDIAN_IQR1.5_CAL0.96,STRONG,3.09,
7622,ready,Business Bay,the pad by omniyat,2,1215.0,2700000.0,Business Bay,0.0,,,0,,,0.0,,,3272,110400.0,RECENCY_WEIGHTED_MEDIAN_IQR1.5_CAL0.96,R4,110400.0,3272,RECENCY_WEIGHTED_MEDIAN_IQR1.5_CAL0.96,STRONG,4.09,
4165,ready,Business Bay,ahad residences,2,1625.0,3270000.0,Business Bay,0.0,,,11,187200.0,RECENCY_WEIGHTED_MEDIAN_IQR1.5_CAL0.96,0.0,,,2684,129599.0,RECENCY_WEIGHTED_MEDIAN_IQR1.5_CAL0.96,R2,187200.0,11,RECENCY_WEIGHTED_MEDIAN_IQR1.5_CAL0.96,MODERATE,5.72,
5712,ready,Downtown Dubai,imperial avenue,4,5198.0,25000000.0,Burj Khalifa,0.0,,,1,,,0.0,,,145,1872000.0,RECENCY_WEIGHTED_MEDIAN_IQR1.5_CAL0.96,R4,1872000.0,145,RECENCY_WEIGHTED_MEDIAN_IQR1.5_CAL0.96,STRONG,7.49,
5366,ready,Dubai Marina,marina arcade tower,3,5324.0,10649000.0,Marsa Dubai,0.0,,,0,,,0.0,,,76,451201.0,RECENCY_WEIGHTED_MEDIAN_IQR1.5_CAL0.96,R4,451201.0,76,RECENCY_WEIGHTED_MEDIAN_IQR1.5_CAL0.96,STRONG,4.24,
2381,ready,Business Bay,mama residences,,447.0,1600000.0,Business Bay,,,,0,,,,,,2447,61440.0,RECENCY_WEIGHTED_MEDIAN_IQR1.5_CAL0.96,R4,61440.0,2447,RECENCY_WEIGHTED_MEDIAN_IQR1.5_CAL0.96,STRONG,3.84,
6003,ready,Palm Jumeirah,raffles the palm dubai,1,2333.0,11300000.0,Palm Jumeirah,0.0,,,0,,,0.0,,,840,216720.0,RECENCY_WEIGHTED_MEDIAN_IQR1.5_CAL0.96,R4,216720.0,840,RECENCY_WEIGHTED_MEDIAN_IQR1.5_CAL0.96,STRONG,1.92,
6246,ready,Palm Jumeirah,the palm tower,2,1055.0,10000000.0,Palm Jumeirah,0.0,,,38,240000.0,RECENCY_WEIGHTED_MEDIAN_IQR1.5_CAL0.96,0.0,,,460,139200.0,RECENCY_WEIGHTED_MEDIAN_IQR1.5_CAL0.96,R2,240000.0,38,RECENCY_WEIGHTED_MEDIAN_IQR1.5_CAL0.96,STRONG,2.4,
