property_id,status,tier,rent,yield
6749,Offplan,NONE,,
3379,Offplan,NONE,,
2161,Ready,R4,36288.0,5.47
734,Offplan,NONE,,
6982,Ready,R2,63360.0,7.54
200,Offplan,NONE,,
3201,Ready,R2,72000.0,5.22
8175,Offplan,NONE,,
8301,Offplan,NONE,,
2420,Offplan,NONE,,
8171,Offplan,NONE,,
1989,Offplan,NONE,,
2320,Offplan,NONE,,
4030,Offplan,NONE,,
7540,Offplan,NONE,,
6106,Offplan,NONE,,
5819,Offplan,NONE,,
3067,Offplan,NONE,,
6250,Ready,R2,86400.0,6.65
2464,Offplan,NONE,,
1319,Offplan,NONE,,
7253,Offplan,NONE,,
1941,Offplan,NONE,,
1285,Offplan,NONE,,
6095,Offplan,NONE,,
4572,Offplan,NONE,,
2076,Offplan,NONE,,
5463,Offplan,NONE,,
3112,Offplan,NONE,,
1011,Offplan,NONE,,
3481,Offplan,NONE,,
923,Offplan,NONE,,
6800,Offplan,NONE,,
571,Offplan,NONE,,
4986,Offplan,NONE,,
4638,Offplan,NONE,,
446,Offplan,NONE,,
5351,Offplan,NONE,,
6824,Offplan,NONE,,
5019,Offplan,NONE,,
8166,Offplan,NONE,,
4292,Offplan,NONE,,
2797,Offplan,NONE,,
264,Offplan,NONE,,
5833,Offplan,NONE,,
2666,Ready,R2,96000.0,6.53
4892,Offplan,NONE,,
5229,Offplan,NONE,,
4506,Offplan,NONE,,
4571,Offplan,NONE,,
5990,Offplan,NONE,,
136,Offplan,NONE,,
5930,Offplan,NONE,,
4088,Offplan,NONE,,
7479,Offplan,NONE,,
6334,Offplan,NONE,,
5125,Offplan,NONE,,
5640,Offplan,NONE,,
1786,Offplan,NONE,,
1181,Ready,R4,88320.0,5.52
1829,Ready,R4,63360.0,6.95
3761,Offplan,NONE,,
4855,Offplan,NONE,,
1448,Offplan,NONE,,
6508,Offplan,NONE,,
3450,Offplan,NONE,,
504,Offplan,NONE,,
4036,Offplan,NONE,,
892,Offplan,NONE,,
4792,Offplan,NONE,,
240,Offplan,NONE,,
5128,Ready,R2,105600.0,3.77
5063,Offplan,NONE,,
4379,Offplan,NONE,,
4790,Offplan,NONE,,
844,Ready,R2,81600.0,7.42
4813,Offplan,NONE,,
1904,Offplan,NONE,,
5138,Offplan,NONE,,
2719,Offplan,NONE,,
3203,Offplan,NONE,,
7592,Offplan,NONE,,
2570,Offplan,NONE,,
4699,Ready,R2,139200.0,9.28
7112,Ready,R4,65280.0,12.98
6480,Offplan,NONE,,
6541,Offplan,NONE,,
4914,Ready,NONE,,
2046,Ready,NONE,,
7885,Offplan,NONE,,
5082,Offplan,NONE,,
1334,Offplan,NONE,,
6092,Offplan,NONE,,
1980,Offplan,NONE,,
5166,Offplan,NONE,,
66,Offplan,NONE,,
2690,Offplan,NONE,,
5920,Offplan,NONE,,
8390,Offplan,NONE,,
5672,Offplan,NONE,,
4380,Offplan,NONE,,
1213,Offplan,NONE,,
1306,Offplan,NONE,,
4384,Offplan,NONE,,
4941,Offplan,NONE,,
5809,Offplan,NONE,,
5168,Offplan,NONE,,
6299,Offplan,NONE,,
5957,Offplan,NONE,,
6102,Offplan,NONE,,
7502,Offplan,NONE,,
318,Offplan,NONE,,
5102,Offplan,NONE,,
1174,Offplan,NONE,,
3840,Offplan,NONE,,
8415,Offplan,NONE,,
6359,Offplan,NONE,,
4162,Offplan,NONE,,
7762,Offplan,NONE,,
3153,Offplan,NONE,,
8385,Offplan,NONE,,
4821,Offplan,NONE,,
5736,Offplan,NONE,,
163,Offplan,NONE,,
4261,Offplan,NONE,,
3765,Ready,R4,84480.0,4.45
3624,Offplan,NONE,,
396,Offplan,NONE,,
7881,Ready,R4,120000.0,8.57
1823,Offplan,NONE,,
8317,Offplan,NONE,,
6667,Offplan,NONE,,
409,Ready,R4,163200.0,6.04
2452,Offplan,NONE,,
1330,Ready,R2,57600.0,10.29
4723,Offplan,NONE,,
1031,Offplan,NONE,,
4706,Offplan,NONE,,
7985,Offplan,NONE,,
7318,Offplan,NONE,,
6834,Offplan,NONE,,
1003,Offplan,NONE,,
4629,Offplan,NONE,,
7773,Offplan,NONE,,
2899,Ready,R4,105600.0,5.1
2227,Offplan,NONE,,
2210,Offplan,NONE,,
2847,Offplan,NONE,,
3059,Offplan,NONE,,
50,Offplan,NONE,,
5667,Offplan,NONE,,
63,Offplan,NONE,,
6843,Offplan,NONE,,
8118,Offplan,NONE,,
5356,Ready,NONE,,
6394,Offplan,NONE,,
5894,Offplan,NONE,,
2155,Ready,R2,105600.0,8.8
3308,Offplan,NONE,,
607,Offplan,NONE,,
1552,Offplan,NONE,,
4597,Offplan,NONE,,
3252,Offplan,NONE,,
6836,Ready,R4,62400.0,6.86
4692,Offplan,NONE,,
701,Offplan,NONE,,
3700,Offplan,NONE,,
5283,Offplan,NONE,,
4753,Ready,R2,78720.0,8.19
418,Offplan,NONE,,
8004,Offplan,NONE,,
1831,Offplan,NONE,,
2459,Ready,R2,86400.0,6.7
3693,Offplan,NONE,,
1613,Offplan,NONE,,
7630,Offplan,NONE,,
2729,Offplan,NONE,,
1125,Offplan,NONE,,
1963,Offplan,NONE,,
4992,Offplan,NONE,,
1132,Offplan,NONE,,
2325,Offplan,NONE,,
443,Offplan,NONE,,
6956,Offplan,NONE,,
5735,Offplan,NONE,,
2578,Ready,R4,57600.0,6.4
7270,Offplan,NONE,,
2746,Offplan,NONE,,
604,Offplan,NONE,,
4313,Offplan,NONE,,
98,Offplan,NONE,,
1467,Ready,R4,105600.0,3.5
8421,Offplan,NONE,,
6720,Ready,R2,48000.0,8.94
7500,Offplan,NONE,,
7821,Offplan,NONE,,
2473,Ready,R2,113280.0,7.55
4117,Offplan,NONE,,
1454,Offplan,NONE,,
2074,Offplan,NONE,,
2902,Offplan,NONE,,
4434,Offplan,NONE,,
8393,Ready,R4,172800.0,4.43
2641,Offplan,NONE,,
849,Offplan,NONE,,
6171,Offplan,NONE,,
3414,Offplan,NONE,,
4805,Offplan,NONE,,
2863,Offplan,NONE,,
7324,Offplan,NONE,,
2552,Offplan,NONE,,
4499,Offplan,NONE,,
5137,Offplan,NONE,,
6970,Offplan,NONE,,
6027,Offplan,NONE,,
8361,Offplan,NONE,,
4607,Offplan,NONE,,
7076,Offplan,NONE,,
6298,Ready,R2,65280.0,8.72
3118,Offplan,NONE,,
6115,Offplan,NONE,,
4238,Offplan,NONE,,
5310,Offplan,NONE,,
2097,Offplan,NONE,,
2766,Ready,R2,100800.0,9.16
5270,Offplan,NONE,,
3976,Offplan,NONE,,
6516,Offplan,NONE,,
1699,Offplan,NONE,,
7655,Offplan,NONE,,
2735,Offplan,NONE,,
5012,Offplan,NONE,,
6422,Offplan,NONE,,
1170,Offplan,NONE,,
3364,Offplan,NONE,,
4909,Offplan,NONE,,
7787,Offplan,NONE,,
2927,Offplan,NONE,,
2678,Offplan,NONE,,
2358,Offplan,NONE,,
8177,Offplan,NONE,,
4330,Offplan,NONE,,
829,Offplan,NONE,,
2598,Offplan,NONE,,
3134,Offplan,NONE,,
7928,Offplan,NONE,,
350,Offplan,NONE,,
3560,Offplan,NONE,,
8145,Offplan,NONE,,
4883,Offplan,NONE,,
5352,Offplan,NONE,,
6632,Ready,R2,138240.0,7.47
6162,Offplan,NONE,,
4031,Offplan,NONE,,
507,Ready,R2,86400.0,7.2
6011,Offplan,NONE,,
366,Offplan,NONE,,
7069,Unknown,NONE,,
5917,Offplan,NONE,,
3948,Offplan,NONE,,
7890,Offplan,NONE,,
628,Offplan,NONE,,
2513,Offplan,NONE,,
5861,Offplan,NONE,,
5685,Offplan,NONE,,
1766,Offplan,NONE,,
6908,Offplan,NONE,,
7546,Offplan,NONE,,
673,Ready,R3,40320.0,7.62
3777,Offplan,NONE,,
1597,Ready,R4,49920.0,6.26
1601,Offplan,NONE,,
4071,Offplan,NONE,,
1446,Offplan,NONE,,
4425,Offplan,NONE,,
3646,Unknown,NONE,,
2134,Offplan,NONE,,
727,Offplan,NONE,,
6134,Offplan,NONE,,
6563,Offplan,NONE,,
3464,Unknown,NONE,,
1693,Offplan,NONE,,
2318,Offplan,NONE,,
4052,Offplan,NONE,,
3413,Offplan,NONE,,
5175,Offplan,NONE,,
4557,Offplan,NONE,,
2273,Offplan,NONE,,
4521,Offplan,NONE,,
7078,Offplan,NONE,,
7348,Offplan,NONE,,
4720,Offplan,NONE,,
4543,Offplan,NONE,,
4202,Unknown,NONE,,
933,Offplan,NONE,,
847,Offplan,NONE,,
4363,Offplan,NONE,,
7085,Offplan,NONE,,
5071,Offplan,NONE,,
6649,Ready,R2,91200.0,7.08
4694,Ready,R4,124800.0,4.89
5342,Offplan,NONE,,
5592,Offplan,NONE,,
4204,Offplan,NONE,,
7357,Offplan,NONE,,
6872,Offplan,NONE,,
1067,Offplan,NONE,,
378,Offplan,NONE,,
2329,Offplan,NONE,,
6886,Offplan,NONE,,
7509,Offplan,NONE,,
4368,Offplan,NONE,,
1648,Unknown,NONE,,
8320,Ready,R4,81600.0,3.71
8049,Offplan,NONE,,
8296,Offplan,NONE,,
2585,Offplan,NONE,,
1583,Offplan,NONE,,
7740,Offplan,NONE,,
1987,Offplan,NONE,,
6692,Offplan,NONE,,
2607,Offplan,NONE,,
4771,Offplan,NONE,,
5092,Ready,R3,34560.0,5.63
7772,Offplan,NONE,,
8307,Offplan,NONE,,
4124,Offplan,NONE,,
165,Offplan,NONE,,
1919,Offplan,NONE,,
7608,Ready,R4,62400.0,5.83
4939,Offplan,NONE,,
8158,Offplan,NONE,,
3554,Offplan,NONE,,
2751,Offplan,NONE,,
622,Offplan,NONE,,
7867,Offplan,NONE,,
1680,Offplan,NONE,,
574,Offplan,NONE,,
6987,Offplan,NONE,,
692,Offplan,NONE,,
3479,Offplan,NONE,,
5400,Offplan,NONE,,
4670,Offplan,NONE,,
1978,Offplan,NONE,,
7778,Offplan,NONE,,
5164,Offplan,NONE,,
3407,Ready,R4,72000.0,4.53
3375,Ready,R2,139200.0,7.33
3842,Offplan,NONE,,
7390,Offplan,NONE,,
6440,Offplan,NONE,,
6350,Ready,R2,134400.0,8.96
2242,Offplan,NONE,,
6518,Offplan,NONE,,
2276,Ready,R2,110400.0,5.02
4376,Offplan,NONE,,
1351,Offplan,NONE,,
3838,Offplan,NONE,,
1445,Offplan,NONE,,
4280,Offplan,NONE,,
7311,Offplan,NONE,,
944,Offplan,NONE,,
3130,Offplan,NONE,,
2115,Offplan,NONE,,
4746,Offplan,NONE,,
4448,Offplan,NONE,,
2152,Offplan,NONE,,
8241,Offplan,NONE,,
5054,Offplan,NONE,,
6378,Offplan,NONE,,
3772,Offplan,NONE,,
4964,Offplan,NONE,,
4281,Offplan,NONE,,
2943,Offplan,NONE,,
5249,Offplan,NONE,,
7868,Offplan,NONE,,
7678,Offplan,NONE,,
7225,Offplan,NONE,,
1284,Offplan,NONE,,
7943,Offplan,NONE,,
7114,Unknown,NONE,,
6209,Ready,R2,72000.0,7.2
1743,Offplan,NONE,,
5073,Ready,R2,55680.0,7.95
3981,Offplan,NONE,,
760,Offplan,NONE,,
1487,Offplan,NONE,,
8010,Offplan,NONE,,
3928,Offplan,NONE,,
3940,Offplan,NONE,,
6144,Offplan,NONE,,
2472,Offplan,NONE,,
1164,Offplan,NONE,,
6695,Ready,R2,52800.0,7.33
2460,Ready,R4,86400.0,5.08
7272,Offplan,NONE,,
108,Offplan,NONE,,
4825,Offplan,NONE,,
313,Offplan,NONE,,
2489,Unknown,NONE,,
2608,Offplan,NONE,,
4915,Offplan,NONE,,
5960,Offplan,NONE,,
3898,Offplan,NONE,,
7033,Offplan,NONE,,
3527,Offplan,NONE,,
7792,Ready,R2,49920.0,7.56
744,Offplan,NONE,,
6769,Offplan,NONE,,
869,Offplan,NONE,,
2410,Offplan,NONE,,
7663,Ready,R4,86592.0,4.5
5951,Offplan,NONE,,
3318,Offplan,NONE,,
7709,Offplan,NONE,,
3262,Offplan,NONE,,
2725,Ready,R4,84480.0,93.87
1545,Offplan,NONE,,
617,Offplan,NONE,,
6233,Offplan,NONE,,
5068,Offplan,NONE,,
6502,Offplan,NONE,,
6029,Offplan,NONE,,
7549,Offplan,NONE,,
6756,Offplan,NONE,,
8099,Offplan,NONE,,
38,Offplan,NONE,,
6540,Ready,R4,86590.0,4.56
3703,Offplan,NONE,,
4810,Offplan,NONE,,
93,Ready,R4,187200.0,23.2
4875,Offplan,NONE,,
3644,Offplan,NONE,,
1395,Offplan,NONE,,
6477,Offplan,NONE,,
8362,Offplan,NONE,,
1202,Offplan,NONE,,
3290,Offplan,NONE,,
4970,Offplan,NONE,,
1261,Offplan,NONE,,
6156,Offplan,NONE,,
4190,Offplan,NONE,,
2168,Offplan,NONE,,
4344,Offplan,NONE,,
4961,Offplan,NONE,,
3085,Offplan,NONE,,
1009,Offplan,NONE,,
485,Offplan,NONE,,
4068,Offplan,NONE,,
3975,Offplan,NONE,,
6439,Offplan,NONE,,
4143,Offplan,NONE,,
848,Offplan,NONE,,
7398,Offplan,NONE,,
3107,Offplan,NONE,,
1707,Offplan,NONE,,
1651,Offplan,NONE,,
2088,Offplan,NONE,,
6016,Offplan,NONE,,
4032,Offplan,NONE,,
120,Offplan,NONE,,
4321,Offplan,NONE,,
6277,Ready,R2,100800.0,7.75
1967,Offplan,NONE,,
8040,Offplan,NONE,,
6430,Ready,R4,82555.0,6.35
263,Offplan,NONE,,
569,Offplan,NONE,,
1620,Ready,R4,227520.0,3.05
7974,Offplan,NONE,,
2476,Offplan,NONE,,
6143,Offplan,NONE,,
94,Offplan,NONE,,
6656,Offplan,NONE,,
5576,Offplan,NONE,,
3618,Offplan,NONE,,
2873,Offplan,NONE,,
1422,Offplan,NONE,,
6261,Offplan,NONE,,
6629,Offplan,NONE,,
71,Offplan,NONE,,
5985,Offplan,NONE,,
2111,Offplan,NONE,,
6338,Offplan,NONE,,
1736,Offplan,NONE,,
6097,Offplan,NONE,,
1695,Offplan,NONE,,
1336,Unknown,NONE,,
2004,Offplan,NONE,,
1769,Offplan,NONE,,
7122,Offplan,NONE,,
1994,Offplan,NONE,,
7643,Offplan,NONE,,
5252,Unknown,NONE,,
2480,Offplan,NONE,,
3503,Offplan,NONE,,
30,Offplan,NONE,,
706,Offplan,NONE,,
422,Ready,R4,91200.0,3.65
710,Offplan,NONE,,
2838,Ready,R2,105600.0,6.81
2110,Offplan,NONE,,
1,Offplan,NONE,,
5255,Offplan,NONE,,
8247,Offplan,NONE,,
3843,Ready,R2,81600.0,9.42
8420,Offplan,NONE,,
7684,Offplan,NONE,,
1165,Offplan,NONE,,
8408,Offplan,NONE,,
7065,Offplan,NONE,,
6819,Offplan,NONE,,
6888,Offplan,NONE,,
5226,Offplan,NONE,,
2587,Offplan,NONE,,
2367,Offplan,NONE,,
8282,Offplan,NONE,,
132,Offplan,NONE,,
7646,Offplan,NONE,,
8358,Offplan,NONE,,
6068,Offplan,NONE,,
1420,Unknown,NONE,,
453,Ready,R4,115200.0,4.43
7302,Offplan,NONE,,
7986,Offplan,NONE,,
6470,Offplan,NONE,,
2397,Offplan,NONE,,
4824,Offplan,NONE,,
6681,Offplan,NONE,,
6517,Offplan,NONE,,
2347,Offplan,NONE,,
2443,Offplan,NONE,,
449,Offplan,NONE,,
2564,Offplan,NONE,,
910,Offplan,NONE,,
8066,Ready,R4,240000.0,1.65
1348,Offplan,NONE,,
5721,Offplan,NONE,,
1518,Offplan,NONE,,
6835,Ready,R2,177600.0,3.23
8201,Ready,R4,163200.0,3.8
5625,Offplan,NONE,,
4472,Unknown,NONE,,
1710,Unknown,NONE,,
2974,Offplan,NONE,,
4197,Offplan,NONE,,
2700,Offplan,NONE,,
1609,Offplan,NONE,,
1451,Offplan,NONE,,
8321,Offplan,NONE,,
3386,Offplan,NONE,,
3002,Offplan,NONE,,
2264,Offplan,NONE,,
1834,Offplan,NONE,,
4894,Offplan,NONE,,
6067,Offplan,NONE,,
6744,Offplan,NONE,,
8331,Offplan,NONE,,
4082,Offplan,NONE,,
5572,Offplan,NONE,,
6025,Offplan,NONE,,
6689,Offplan,NONE,,
8372,Offplan,NONE,,
6464,Offplan,NONE,,
5858,Offplan,NONE,,
775,Offplan,NONE,,
5098,Offplan,NONE,,
3282,Offplan,NONE,,
494,Offplan,NONE,,
1895,Offplan,NONE,,
1250,Offplan,NONE,,
2211,Offplan,NONE,,
4403,Offplan,NONE,,
8077,Offplan,NONE,,
1913,Ready,R2,163200.0,6.53
601,Ready,R4,72000.0,3.69
2567,Offplan,NONE,,
5361,Offplan,NONE,,
2842,Offplan,NONE,,
1111,Ready,R2,92160.0,10.93
5817,Offplan,NONE,,
5286,Offplan,NONE,,
314,Offplan,NONE,,
6815,Offplan,NONE,,
169,Offplan,NONE,,
5113,Ready,R4,165600.0,4.78
573,Offplan,NONE,,
1637,Ready,R2,57600.0,4.11
1652,Unknown,NONE,,
580,Offplan,NONE,,
2837,Offplan,NONE,,
7759,Offplan,NONE,,
6525,Offplan,NONE,,
1533,Offplan,NONE,,
6594,Ready,R2,88320.0,5.2
2500,Offplan,NONE,,
327,Offplan,NONE,,
7161,Offplan,NONE,,
2314,Offplan,NONE,,
5338,Offplan,NONE,,
7916,Ready,R4,115200.0,6.78
1115,Offplan,NONE,,
6489,Offplan,NONE,,
347,Offplan,NONE,,
6638,Offplan,NONE,,
7020,Ready,R4,216000.0,4.15
3260,Offplan,NONE,,
8401,Offplan,NONE,,
6964,Offplan,NONE,,
8031,Offplan,NONE,,
6121,Offplan,NONE,,
8052,Offplan,NONE,,
897,Ready,R2,211680.0,7.56
7097,Offplan,NONE,,
6598,Offplan,NONE,,
764,Offplan,NONE,,
4166,Unknown,NONE,,
7150,Offplan,NONE,,
2398,Ready,R2,105600.0,6.03
3340,Offplan,NONE,,
4850,Offplan,NONE,,
2241,Offplan,NONE,,
2730,Ready,R2,112320.0,9.36
917,Offplan,NONE,,
8234,Offplan,NONE,,
1483,Offplan,NONE,,
955,Offplan,NONE,,
2301,Offplan,NONE,,
4546,Offplan,NONE,,
3168,Offplan,NONE,,
3983,Offplan,NONE,,
37,Offplan,NONE,,
7464,Ready,R4,78720.0,7.72
4547,Ready,R4,86400.0,8.23
4118,Offplan,NONE,,
1662,Offplan,NONE,,
1580,Offplan,NONE,,
2728,Offplan,NONE,,
3751,Offplan,NONE,,
3661,Offplan,NONE,,
3393,Offplan,NONE,,
4636,Offplan,NONE,,
4969,Offplan,NONE,,
5349,Offplan,NONE,,
3080,Offplan,NONE,,
7937,Offplan,NONE,,
4245,Offplan,NONE,,
1535,Offplan,NONE,,
755,Offplan,NONE,,
2240,Offplan,NONE,,
1999,Offplan,NONE,,
5009,Ready,R2,76800.0,9.65
5118,Offplan,NONE,,
4639,Offplan,NONE,,
1146,Ready,R4,154028.0,3.89
7278,Ready,R4,120000.0,5.45
7111,Offplan,NONE,,
7106,Offplan,NONE,,
2054,Offplan,NONE,,
365,Ready,R3,43200.0,7.09
4558,Offplan,NONE,,
3343,Offplan,NONE,,
5264,Offplan,NONE,,
1084,Offplan,NONE,,
7315,Offplan,NONE,,
4624,Unknown,NONE,,
16,Offplan,NONE,,
557,Offplan,NONE,,
5972,Offplan,NONE,,
7548,Offplan,NONE,,
1861,Offplan,NONE,,
7988,Offplan,NONE,,
792,Offplan,NONE,,
8055,Offplan,NONE,,
3508,Ready,R4,76800.0,4.52
6069,Offplan,NONE,,
7342,Unknown,NONE,,
8369,Ready,R4,62400.0,5.67
7498,Offplan,NONE,,
2292,Offplan,NONE,,
1498,Offplan,NONE,,
3881,Offplan,NONE,,
7658,Offplan,NONE,,
664,Offplan,NONE,,
5096,Offplan,NONE,,
7244,Offplan,NONE,,
2445,Offplan,NONE,,
4042,Offplan,NONE,,
5763,Offplan,NONE,,
7516,Offplan,NONE,,
6937,Offplan,NONE,,
2962,Offplan,NONE,,
8197,Offplan,NONE,,
5337,Offplan,NONE,,
3306,Offplan,NONE,,
3371,Offplan,NONE,,
6300,Offplan,NONE,,
14,Offplan,NONE,,
373,Offplan,NONE,,
3065,Offplan,NONE,,
5617,Offplan,NONE,,
4369,Offplan,NONE,,
2177,Offplan,NONE,,
1570,Offplan,NONE,,
5815,Offplan,NONE,,
3631,Offplan,NONE,,
4990,Offplan,NONE,,
457,Offplan,NONE,,
5745,Unknown,NONE,,
2630,Offplan,NONE,,
7573,Offplan,NONE,,
2920,Offplan,NONE,,
1792,Offplan,NONE,,
1636,Offplan,NONE,,
807,Offplan,NONE,,
4241,Offplan,NONE,,
5432,Offplan,NONE,,
1817,Offplan,NONE,,
3742,Offplan,NONE,,
7656,Ready,R3,43200.0,7.19
5791,Offplan,NONE,,
2061,Ready,R4,60480.0,5.04
140,Ready,NONE,,
611,Offplan,NONE,,
906,Offplan,NONE,,
3439,Offplan,NONE,,
5937,Offplan,NONE,,
4487,Offplan,NONE,,
3603,Offplan,NONE,,
4419,Offplan,NONE,,
5602,Offplan,NONE,,
3612,Offplan,NONE,,
4674,Ready,R2,242880.0,6.07
5773,Ready,R4,48960.0,5.31
858,Offplan,NONE,,
7809,Offplan,NONE,,
5574,Ready,R4,65280.0,7.5
7676,Offplan,NONE,,
57,Offplan,NONE,,
1465,Offplan,NONE,,
3711,Offplan,NONE,,
5188,Offplan,NONE,,
1210,Offplan,NONE,,
1681,Offplan,NONE,,
1215,Offplan,NONE,,
6151,Offplan,NONE,,
6088,Unknown,NONE,,
2848,Offplan,NONE,,
6625,Offplan,NONE,,
3923,Offplan,NONE,,
4469,Offplan,NONE,,
4755,Offplan,NONE,,
258,Offplan,NONE,,
4744,Ready,R4,163200.0,3.47
2162,Offplan,NONE,,
6614,Offplan,NONE,,
4474,Offplan,NONE,,
5259,Offplan,NONE,,
4466,Offplan,NONE,,
2286,Offplan,NONE,,
2793,Offplan,NONE,,
1934,Offplan,NONE,,
6931,Offplan,NONE,,
8045,Offplan,NONE,,
3456,Offplan,NONE,,
7420,Offplan,NONE,,
6527,Offplan,NONE,,
2068,Offplan,NONE,,
2784,Offplan,NONE,,
1108,Offplan,NONE,,
2718,Offplan,NONE,,
6807,Offplan,NONE,,
1418,Offplan,NONE,,
2522,Offplan,NONE,,
447,Offplan,NONE,,
1557,Offplan,NONE,,
4731,Offplan,NONE,,
7775,Offplan,NONE,,
7338,Offplan,NONE,,
3021,Offplan,NONE,,
5577,Offplan,NONE,,
5864,Offplan,NONE,,
5437,Offplan,NONE,,
493,Offplan,NONE,,
6883,Offplan,NONE,,
1705,Offplan,NONE,,
3495,Ready,R2,59520.0,9.03
3069,Offplan,NONE,,
4667,Offplan,NONE,,
3754,Offplan,NONE,,
7236,Offplan,NONE,,
3295,Offplan,NONE,,
6446,Ready,NONE,,
5465,Offplan,NONE,,
4168,Offplan,NONE,,
621,Offplan,NONE,,
3666,Ready,R2,121920.0,4.98
3089,Offplan,NONE,,
5588,Offplan,NONE,,
7718,Offplan,NONE,,
6579,Offplan,NONE,,
7682,Ready,R4,72000.0,4.87
329,Offplan,NONE,,
61,Offplan,NONE,,
8056,Offplan,NONE,,
8222,Ready,NONE,,
6237,Offplan,NONE,,
7754,Unknown,NONE,,
6962,Offplan,NONE,,
7323,Offplan,NONE,,
253,Ready,R2,144000.0,6.55
3435,Offplan,NONE,,
5975,Offplan,NONE,,
8291,Offplan,NONE,,
7015,Offplan,NONE,,
436,Offplan,NONE,,
6526,Unknown,NONE,,
2474,Offplan,NONE,,
2538,Offplan,NONE,,
122,Offplan,NONE,,
2326,Ready,R4,98400.0,4.28
3845,Offplan,NONE,,
5991,Offplan,NONE,,
8379,Offplan,NONE,,
4854,Offplan,NONE,,
696,Offplan,NONE,,
5885,Offplan,NONE,,
5880,Offplan,NONE,,
2315,Offplan,NONE,,
7726,Offplan,NONE,,
1153,Offplan,NONE,,
2922,Offplan,NONE,,
5514,Offplan,NONE,,
3834,Ready,R2,182400.0,7.3
2914,Offplan,NONE,,
4018,Offplan,NONE,,
6064,Offplan,NONE,,
7166,Offplan,NONE,,
4928,Offplan,NONE,,
1185,Offplan,NONE,,
7475,Offplan,NONE,,
7898,Offplan,NONE,,
3409,Offplan,NONE,,
1332,Offplan,NONE,,
285,Offplan,NONE,,
4285,Offplan,NONE,,
5120,Offplan,NONE,,
5220,Offplan,NONE,,
7957,Offplan,NONE,,
6024,Offplan,NONE,,
4514,Offplan,NONE,,
3869,Offplan,NONE,,
7965,Offplan,NONE,,
4671,Offplan,NONE,,
5911,Offplan,NONE,,
7454,Offplan,NONE,,
4598,Offplan,NONE,,
2557,Offplan,NONE,,
1577,Offplan,NONE,,
8138,Offplan,NONE,,
7351,Offplan,NONE,,
5945,Ready,R2,72000.0,8.32
5374,Offplan,NONE,,
7960,Offplan,NONE,,
6335,Offplan,NONE,,
4893,Offplan,NONE,,
1029,Offplan,NONE,,
6236,Offplan,NONE,,
1399,Unknown,NONE,,
2391,Offplan,NONE,,
7941,Offplan,NONE,,
2207,Offplan,NONE,,
2947,Offplan,NONE,,
4759,Offplan,NONE,,
5015,Offplan,NONE,,
4979,Offplan,NONE,,
2140,Offplan,NONE,,
3023,Offplan,NONE,,
1926,Offplan,NONE,,
988,Offplan,NONE,,
1014,Offplan,NONE,,
8364,Offplan,NONE,,
3702,Offplan,NONE,,
5511,Offplan,NONE,,
5738,Offplan,NONE,,
8375,Offplan,NONE,,
5987,Ready,NONE,,
2832,Ready,R4,64060.0,5.34
8389,Offplan,NONE,,
6255,Offplan,NONE,,
2924,Offplan,NONE,,
336,Offplan,NONE,,
3030,Unknown,NONE,,
7859,Offplan,NONE,,
4749,Offplan,NONE,,
6081,Offplan,NONE,,
2271,Offplan,NONE,,
2834,Offplan,NONE,,
5386,Offplan,NONE,,
889,Offplan,NONE,,
8083,Offplan,NONE,,
4383,Offplan,NONE,,
4115,Offplan,NONE,,
6992,Offplan,NONE,,
6380,Offplan,NONE,,
559,Offplan,NONE,,
2772,Offplan,NONE,,
7869,Offplan,NONE,,
3090,Offplan,NONE,,
7856,Offplan,NONE,,
7615,Offplan,NONE,,
104,Offplan,NONE,,
5167,Offplan,NONE,,
893,Offplan,NONE,,
5459,Offplan,NONE,,
3097,Ready,R4,96000.0,5.19
6923,Ready,R2,98880.0,5.21
2566,Offplan,NONE,,
8146,Offplan,NONE,,
2696,Offplan,NONE,,
3564,Offplan,NONE,,
6776,Offplan,NONE,,
8213,Offplan,NONE,,
2866,Offplan,NONE,,
3839,Offplan,NONE,,
7893,Offplan,NONE,,
5925,Offplan,NONE,,
1516,Ready,R2,46080.0,7.55
4079,Offplan,NONE,,
2627,Offplan,NONE,,
3938,Offplan,NONE,,
4675,Offplan,NONE,,
1234,Ready,NONE,,
8432,Offplan,NONE,,
3088,Offplan,NONE,,
5275,Offplan,NONE,,
8098,Offplan,NONE,,
5371,Offplan,NONE,,
2284,Offplan,NONE,,
8426,Offplan,NONE,,
3955,Ready,R3,43200.0,6.02
7437,Offplan,NONE,,
8015,Offplan,NONE,,
26,Offplan,NONE,,
1331,Offplan,NONE,,
3962,Ready,R2,78720.0,7.18
7702,Offplan,NONE,,
4937,Offplan,NONE,,
2747,Offplan,NONE,,
793,Ready,R3,43200.0,6.17
67,Offplan,NONE,,
3571,Offplan,NONE,,
3303,Offplan,NONE,,
2689,Offplan,NONE,,
1619,Offplan,NONE,,
193,Offplan,NONE,,
6165,Offplan,NONE,,
1194,Offplan,NONE,,
4178,Offplan,NONE,,
8311,Ready,R4,76800.0,2.26
6976,Offplan,NONE,,
6163,Ready,NONE,,
4218,Offplan,NONE,,
3368,Offplan,NONE,,
5929,Offplan,NONE,,
3739,Offplan,NONE,,
2891,Offplan,NONE,,
6731,Offplan,NONE,,
6783,Offplan,NONE,,
4831,Offplan,NONE,,
4459,Offplan,NONE,,
5807,Offplan,NONE,,
7384,Offplan,NONE,,
7113,Offplan,NONE,,
5878,Offplan,NONE,,
7037,Offplan,NONE,,
2991,Offplan,NONE,,
3669,Offplan,NONE,,
7637,Offplan,NONE,,
3920,Offplan,NONE,,
2782,Offplan,NONE,,
5378,Offplan,NONE,,
2610,Offplan,NONE,,
2658,Offplan,NONE,,
2831,Offplan,NONE,,
2680,Offplan,NONE,,
7216,Offplan,NONE,,
3385,Offplan,NONE,,
3037,Offplan,NONE,,
4428,Offplan,NONE,,
3596,Offplan,NONE,,
7030,Offplan,NONE,,
6168,Offplan,NONE,,
6491,Offplan,NONE,,
4353,Offplan,NONE,,
5332,Offplan,NONE,,
1757,Offplan,NONE,,
537,Offplan,NONE,,
3092,Offplan,NONE,,
7640,Ready,R2,65280.0,7.9
7232,Offplan,NONE,,
8314,Offplan,NONE,,
7606,Offplan,NONE,,
2537,Offplan,NONE,,
6482,Offplan,NONE,,
2447,Offplan,NONE,,
7313,Offplan,NONE,,
6197,Offplan,NONE,,
1507,Offplan,NONE,,
8253,Offplan,NONE,,
4901,Offplan,NONE,,
7899,Unknown,NONE,,
491,Offplan,NONE,,
4552,Offplan,NONE,,
5979,Offplan,NONE,,
111,Offplan,NONE,,
476,Offplan,NONE,,
3883,Offplan,NONE,,
2073,Offplan,NONE,,
1412,Offplan,NONE,,
4852,Offplan,NONE,,
1147,Offplan,NONE,,
8090,Offplan,NONE,,
2256,Offplan,NONE,,
4222,Offplan,NONE,,
1169,Offplan,NONE,,
2454,Offplan,NONE,,
5548,Offplan,NONE,,
5149,Offplan,NONE,,
8204,Offplan,NONE,,
613,Offplan,NONE,,
2989,Ready,NONE,,
5694,Offplan,NONE,,
3183,Offplan,NONE,,
995,Offplan,NONE,,
954,Offplan,NONE,,
1279,Ready,R2,105600.0,4.64
5537,Offplan,NONE,,
3633,Offplan,NONE,,
1936,Offplan,NONE,,
51,Offplan,NONE,,
6483,Offplan,NONE,,
4733,Offplan,NONE,,
3123,Offplan,NONE,,
6582,Offplan,NONE,,
1424,Offplan,NONE,,
7629,Offplan,NONE,,
820,Offplan,NONE,,
3462,Offplan,NONE,,
6556,Ready,R2,86400.0,4.75
5814,Offplan,NONE,,
5759,Offplan,NONE,,
983,Ready,R1,68160.0,6.2
6114,Offplan,NONE,,
4545,Ready,NONE,,
7485,Offplan,NONE,,
586,Offplan,NONE,,
3750,Offplan,NONE,,
5034,Offplan,NONE,,
1271,Offplan,NONE,,
2290,Offplan,NONE,,
3745,Offplan,NONE,,
4064,Offplan,NONE,,
4732,Offplan,NONE,,
7853,Offplan,NONE,,
6295,Offplan,NONE,,
6141,Ready,R3,43200.0,8.82
4497,Offplan,NONE,,
4386,Offplan,NONE,,
6757,Offplan,NONE,,
229,Offplan,NONE,,
4393,Offplan,NONE,,
1631,Offplan,NONE,,
5559,Offplan,NONE,,
8392,Offplan,NONE,,
2215,Offplan,NONE,,
7602,Offplan,NONE,,
4072,Offplan,NONE,,
8115,Offplan,NONE,,
984,Offplan,NONE,,
454,Offplan,NONE,,
5454,Offplan,NONE,,
6676,Offplan,NONE,,
1538,Offplan,NONE,,
7286,Ready,R2,73440.0,5.65
486,Offplan,NONE,,
1256,Offplan,NONE,,
6770,Offplan,NONE,,
7154,Offplan,NONE,,
7212,Offplan,NONE,,
7805,Offplan,NONE,,
7536,Offplan,NONE,,
4619,Offplan,NONE,,
3963,Offplan,NONE,,
2179,Offplan,NONE,,
5776,Offplan,NONE,,
1985,Offplan,NONE,,
101,Ready,R4,76800.0,4.44
6599,Offplan,NONE,,
3337,Offplan,NONE,,
6562,Offplan,NONE,,
2022,Offplan,NONE,,
1723,Offplan,NONE,,
2941,Offplan,NONE,,
4148,Offplan,NONE,,
4980,Offplan,NONE,,
4819,Offplan,NONE,,
7508,Offplan,NONE,,
7712,Offplan,NONE,,
7889,Offplan,NONE,,
609,Offplan,NONE,,
5877,Offplan,NONE,,
1059,Offplan,NONE,,
5203,Ready,R4,53424.0,5.58
6823,Offplan,NONE,,
3830,Ready,R4,163200.0,4.08
273,Offplan,NONE,,
3195,Unknown,NONE,,
7282,Ready,R2,110400.0,6.71
7138,Offplan,NONE,,
3582,Offplan,NONE,,
1444,Offplan,NONE,,
3555,Offplan,NONE,,
4338,Offplan,NONE,,
1379,Offplan,NONE,,
3961,Offplan,NONE,,
13,Offplan,NONE,,
7389,Offplan,NONE,,
6488,Offplan,NONE,,
2187,Offplan,NONE,,
3381,Offplan,NONE,,
969,Offplan,NONE,,
8413,Offplan,NONE,,
4712,Offplan,NONE,,
6764,Offplan,NONE,,
6550,Offplan,NONE,,
3216,Offplan,NONE,,
7835,Offplan,NONE,,
1124,Offplan,NONE,,
7842,Ready,R2,70560.0,6.92
8446,Offplan,NONE,,
5021,Offplan,NONE,,
5100,Offplan,NONE,,
65,Offplan,NONE,,
2967,Offplan,NONE,,
2948,Offplan,NONE,,
4905,Ready,R4,422400.0,1.19
6608,Offplan,NONE,,
1071,Offplan,NONE,,
2573,Offplan,NONE,,
6108,Offplan,NONE,,
2853,Offplan,NONE,,
5981,Ready,R4,65280.0,5.12
4866,Offplan,NONE,,
7063,Offplan,NONE,,
2195,Offplan,NONE,,
6733,Ready,NONE,,
2167,Offplan,NONE,,
2338,Offplan,NONE,,
2864,Offplan,NONE,,
1267,Offplan,NONE,,
808,Offplan,NONE,,
3149,Offplan,NONE,,
862,Offplan,NONE,,
836,Offplan,NONE,,
5637,Offplan,NONE,,
2334,Offplan,NONE,,
2269,Offplan,NONE,,
5376,Offplan,NONE,,
6364,Offplan,NONE,,
3502,Offplan,NONE,,
4971,Offplan,NONE,,
7543,Offplan,NONE,,
6713,Offplan,NONE,,
3029,Offplan,NONE,,
7564,Offplan,NONE,,
8220,Ready,R2,240000.0,5.33
1812,Offplan,NONE,,
5644,Offplan,NONE,,
3165,Offplan,NONE,,
4658,Offplan,NONE,,
1712,Offplan,NONE,,
1292,Offplan,NONE,,
4634,Offplan,NONE,,
2670,Offplan,NONE,,
4869,Offplan,NONE,,
5030,Offplan,NONE,,
7149,Offplan,NONE,,
3706,Ready,R4,140554.0,2.93
6745,Ready,R4,140554.0,2.93
2945,Offplan,NONE,,
286,Offplan,NONE,,
4710,Offplan,NONE,,
2542,Offplan,NONE,,
1892,Offplan,NONE,,
5530,Offplan,NONE,,
2560,Offplan,NONE,,
4361,Offplan,NONE,,
3721,Offplan,NONE,,
7152,Offplan,NONE,,
1654,Offplan,NONE,,
3266,Offplan,NONE,,
8032,Offplan,NONE,,
7067,Unknown,NONE,,
2223,Offplan,NONE,,
1068,Ready,R4,67200.0,4.31
4568,Offplan,NONE,,
47,Offplan,NONE,,
3553,Offplan,NONE,,
4566,Offplan,NONE,,
6939,Offplan,NONE,,
7802,Offplan,NONE,,
4209,Ready,R4,58080.0,4.01
6702,Offplan,NONE,,
6326,Offplan,NONE,,
5584,Offplan,NONE,,
7991,Offplan,NONE,,
3009,Offplan,NONE,,
7306,Offplan,NONE,,
3594,Unknown,NONE,,
4389,Ready,R2,65280.0,7.21
873,Offplan,NONE,,
4252,Ready,R4,80640.0,3.13
3803,Offplan,NONE,,
5246,Offplan,NONE,,
1149,Offplan,NONE,,
2971,Unknown,NONE,,
1684,Offplan,NONE,,
4308,Offplan,NONE,,
3626,Offplan,NONE,,
6244,Offplan,NONE,,
216,Offplan,NONE,,
6235,Ready,R2,115200.0,5.24
6520,Offplan,NONE,,
3939,Offplan,NONE,,
3460,Offplan,NONE,,
7028,Offplan,NONE,,
2998,Offplan,NONE,,
7051,Offplan,NONE,,
4524,Ready,R4,67235.0,3.74
3647,Offplan,NONE,,
4318,Offplan,NONE,,
3850,Offplan,NONE,,
4614,Offplan,NONE,,
5320,Offplan,NONE,,
5443,Offplan,NONE,,
1425,Offplan,NONE,,
3406,Offplan,NONE,,
307,Offplan,NONE,,
8064,Offplan,NONE,,
1114,Offplan,NONE,,
5676,Offplan,NONE,,
4001,Unknown,NONE,,
4410,Offplan,NONE,,
4834,Offplan,NONE,,
2317,Offplan,NONE,,
1586,Offplan,NONE,,
7493,Offplan,NONE,,
1676,Offplan,NONE,,
4972,Offplan,NONE,,
5394,Ready,R3,43200.0,6.47
7801,Offplan,NONE,,
6324,Offplan,NONE,,
5005,Offplan,NONE,,
7741,Offplan,NONE,,
8221,Offplan,NONE,,
2739,Offplan,NONE,,
1325,Offplan,NONE,,
7413,Offplan,NONE,,
6559,Offplan,NONE,,
7836,Offplan,NONE,,
6790,Offplan,NONE,,
377,Offplan,NONE,,
6002,Offplan,NONE,,
411,Offplan,NONE,,
197,Offplan,NONE,,
2021,Offplan,NONE,,
4680,Offplan,NONE,,
2946,Offplan,NONE,,
1281,Offplan,NONE,,
5461,Offplan,NONE,,
4214,Offplan,NONE,,
3204,Unknown,NONE,,
2281,Offplan,NONE,,
5700,Offplan,NONE,,
2808,Offplan,NONE,,
7680,Offplan,NONE,,
5045,Offplan,NONE,,
2597,Offplan,NONE,,
5497,Ready,R3,38400.0,5.69
8003,Unknown,NONE,,
3081,Offplan,NONE,,
2724,Offplan,NONE,,
8156,Offplan,NONE,,
1262,Offplan,NONE,,
855,Offplan,NONE,,
2757,Offplan,NONE,,
2668,Offplan,NONE,,
2246,Offplan,NONE,,
6993,Offplan,NONE,,
5269,Offplan,NONE,,
1459,Ready,R2,91849.0,6.68
442,Offplan,NONE,,
3095,Offplan,NONE,,
7305,Offplan,NONE,,
720,Offplan,NONE,,
7919,Offplan,NONE,,
4649,Offplan,NONE,,
8373,Offplan,NONE,,
416,Offplan,NONE,,
4644,Offplan,NONE,,
2189,Offplan,NONE,,
3225,Offplan,NONE,,
3334,Offplan,NONE,,
425,Offplan,NONE,,
5701,Offplan,NONE,,
1193,Offplan,NONE,,
6586,Offplan,NONE,,
4669,Offplan,NONE,,
1658,Offplan,NONE,,
4300,Offplan,NONE,,
4122,Offplan,NONE,,
8081,Offplan,NONE,,
520,Offplan,NONE,,
4171,Offplan,NONE,,
8384,Offplan,NONE,,
5654,Offplan,NONE,,
3865,Offplan,NONE,,
2416,Offplan,NONE,,
3775,Offplan,NONE,,
8316,Offplan,NONE,,
2449,Offplan,NONE,,
7513,Offplan,NONE,,
7285,Ready,R2,150720.0,5.02
4388,Offplan,NONE,,
4046,Ready,R4,61440.0,6.14
322,Offplan,NONE,,
6130,Offplan,NONE,,
525,Offplan,NONE,,
7164,Offplan,NONE,,
1160,Offplan,NONE,,
4930,Offplan,NONE,,
5214,Offplan,NONE,,
930,Offplan,NONE,,
4997,Ready,R4,62400.0,6.43
6530,Ready,R4,69120.0,5.32
762,Offplan,NONE,,
2659,Offplan,NONE,,
6754,Offplan,NONE,,
7716,Offplan,NONE,,
7472,Offplan,NONE,,
479,Offplan,NONE,,
6747,Ready,R4,153600.0,2.29
488,Offplan,NONE,,
2120,Offplan,NONE,,
5475,Offplan,NONE,,
6829,Offplan,NONE,,
6421,Offplan,NONE,,
1417,Offplan,NONE,,
2393,Offplan,NONE,,
2980,Offplan,NONE,,
4562,Offplan,NONE,,
6124,Offplan,NONE,,
2174,Offplan,NONE,,
934,Offplan,NONE,,
8386,Offplan,NONE,,
2791,Offplan,NONE,,
5865,Offplan,NONE,,
7447,Offplan,NONE,,
4235,Offplan,NONE,,
5266,Offplan,NONE,,
2740,Offplan,NONE,,
5189,Offplan,NONE,,
4681,Offplan,NONE,,
1628,Offplan,NONE,,
3483,Offplan,NONE,,
3255,Offplan,NONE,,
6137,Offplan,NONE,,
4924,Offplan,NONE,,
1083,Offplan,NONE,,
5317,Offplan,NONE,,
294,Offplan,NONE,,
4677,Offplan,NONE,,
3231,Ready,R2,86400.0,5.4
482,Offplan,NONE,,
8097,Offplan,NONE,,
3729,Offplan,NONE,,
3471,Offplan,NONE,,
7206,Offplan,NONE,,
2103,Offplan,NONE,,
7260,Offplan,NONE,,
5805,Offplan,NONE,,
1129,Offplan,NONE,,
5165,Offplan,NONE,,
3374,Offplan,NONE,,
699,Offplan,NONE,,
566,Offplan,NONE,,
6184,Offplan,NONE,,
178,Offplan,NONE,,
4745,Offplan,NONE,,
1859,Offplan,NONE,,
4391,Offplan,NONE,,
6664,Offplan,NONE,,
2663,Offplan,NONE,,
2611,Offplan,NONE,,
299,Offplan,NONE,,
4468,Offplan,NONE,,
3099,Offplan,NONE,,
3332,Offplan,NONE,,
4277,Offplan,NONE,,
6331,Offplan,NONE,,
6583,Offplan,NONE,,
4827,Offplan,NONE,,
689,Offplan,NONE,,
7251,Offplan,NONE,,
2196,Offplan,NONE,,
135,Offplan,NONE,,
2880,Offplan,NONE,,
2884,Offplan,NONE,,
7434,Offplan,NONE,,
183,Offplan,NONE,,
3852,Unknown,NONE,,
6680,Offplan,NONE,,
143,Offplan,NONE,,
6423,Offplan,NONE,,
2458,Offplan,NONE,,
5263,Ready,R2,81600.0,5.63
383,Offplan,NONE,,
3339,Offplan,NONE,,
4959,Offplan,NONE,,
7022,Ready,R4,64790.0,3.99
884,Ready,R4,105600.0,4.52
985,Offplan,NONE,,
3025,Offplan,NONE,,
6877,Offplan,NONE,,
4014,Offplan,NONE,,
1932,Offplan,NONE,,
6036,Offplan,NONE,,
1727,Ready,R2,53760.0,5.38
5402,Ready,R4,75840.0,4.89
5028,Offplan,NONE,,
1944,Offplan,NONE,,
5237,Offplan,NONE,,
938,Offplan,NONE,,
6921,Offplan,NONE,,
859,Offplan,NONE,,
6634,Offplan,NONE,,
7667,Offplan,NONE,,
2589,Offplan,NONE,,
1745,Ready,R2,98880.0,7.11
2438,Offplan,NONE,,
5191,Offplan,NONE,,
2687,Offplan,NONE,,
3492,Offplan,NONE,,
8168,Offplan,NONE,,
1781,Offplan,NONE,,
4599,Offplan,NONE,,
2149,Offplan,NONE,,
4041,Ready,R3,44160.0,7.35
6054,Offplan,NONE,,
472,Ready,R2,52800.0,7.38
3877,Offplan,NONE,,
4026,Offplan,NONE,,
5696,Offplan,NONE,,
5509,Offplan,NONE,,
3645,Offplan,NONE,,
1151,Offplan,NONE,,
6310,Offplan,NONE,,
8269,Offplan,NONE,,
6448,Offplan,NONE,,
3538,Offplan,NONE,,
4309,Offplan,NONE,,
4263,Ready,R2,129600.0,4.89
1724,Offplan,NONE,,
6327,Ready,R4,61920.0,5.93
277,Offplan,NONE,,
7686,Offplan,NONE,,
7915,Offplan,NONE,,
6435,Ready,R2,67200.0,7.92
2232,Offplan,NONE,,
2640,Offplan,NONE,,
558,Offplan,NONE,,
6882,Offplan,NONE,,
2432,Offplan,NONE,,
6009,Offplan,NONE,,
1731,Offplan,NONE,,
929,Offplan,NONE,,
2204,Offplan,NONE,,
3323,Offplan,NONE,,
3543,Offplan,NONE,,
4287,Offplan,NONE,,
3391,Offplan,NONE,,
7209,Offplan,NONE,,
3507,Offplan,NONE,,
7692,Offplan,NONE,,
3063,Offplan,NONE,,
2345,Offplan,NONE,,
5908,Offplan,NONE,,
681,Offplan,NONE,,
3598,Offplan,NONE,,
2130,Offplan,NONE,,
8033,Offplan,NONE,,
5109,Offplan,NONE,,
2275,Offplan,NONE,,
3884,Offplan,NONE,,
4390,Offplan,NONE,,
7259,Offplan,NONE,,
3551,Offplan,NONE,,
735,Ready,R2,181440.0,4.97
6528,Offplan,NONE,,
7287,Unknown,NONE,,
6226,Offplan,NONE,,
8277,Offplan,NONE,,
5081,Ready,R2,98880.0,5.79
7584,Offplan,NONE,,
6633,Offplan,NONE,,
8281,Offplan,NONE,,
344,Offplan,NONE,,
8059,Offplan,NONE,,
1677,Offplan,NONE,,
4702,Ready,R3,40320.0,7.07
4185,Offplan,NONE,,
2665,Offplan,NONE,,
3027,Ready,R2,96000.0,6.86
3106,Offplan,NONE,,
7055,Offplan,NONE,,
4431,Offplan,NONE,,
5180,Offplan,NONE,,
7457,Ready,R2,48000.0,7.06
121,Offplan,NONE,,
598,Offplan,NONE,,
8140,Offplan,NONE,,
4067,Offplan,NONE,,
1362,Offplan,NONE,,
5718,Offplan,NONE,,
918,Offplan,NONE,,
8338,Offplan,NONE,,
6988,Offplan,NONE,,
1139,Offplan,NONE,,
2446,Offplan,NONE,,
5532,Offplan,NONE,,
602,Offplan,NONE,,
7444,Offplan,NONE,,
5612,Ready,R4,45120.0,4.76
3613,Offplan,NONE,,
576,Offplan,NONE,,
5816,Unknown,NONE,,
3200,Offplan,NONE,,
2817,Offplan,NONE,,
2019,Offplan,NONE,,
563,Offplan,NONE,,
1407,Offplan,NONE,,
6465,Offplan,NONE,,
7900,Offplan,NONE,,
5648,Offplan,NONE,,
5587,Offplan,NONE,,
3933,Offplan,NONE,,
1819,Offplan,NONE,,
7002,Offplan,NONE,,
6376,Offplan,NONE,,
4890,Offplan,NONE,,
7623,Offplan,NONE,,
6951,Offplan,NONE,,
2745,Offplan,NONE,,
5289,Offplan,NONE,,
3024,Offplan,NONE,,
7048,Offplan,NONE,,
4923,Offplan,NONE,,
289,Offplan,NONE,,
6666,Offplan,NONE,,
588,Offplan,NONE,,
2278,Offplan,NONE,,
3592,Offplan,NONE,,
7818,Offplan,NONE,,
432,Ready,R2,88320.0,5.2
4750,Ready,R4,55680.0,6.55
516,Offplan,NONE,,
5961,Ready,R4,86400.0,5.08
7191,Offplan,NONE,,
7727,Ready,R2,60480.0,7.2
1959,Offplan,NONE,,
4613,Offplan,NONE,,
5007,Offplan,NONE,,
3878,Offplan,NONE,,
5605,Offplan,NONE,,
6721,Offplan,NONE,,
5354,Offplan,NONE,,
2904,Offplan,NONE,,
181,Offplan,NONE,,
3440,Ready,R4,115200.0,5.76
5444,Offplan,NONE,,
3041,Unknown,NONE,,
7601,Offplan,NONE,,
6802,Offplan,NONE,,
4498,Offplan,NONE,,
1976,Ready,R1,40320.0,6.5
112,Offplan,NONE,,
1824,Ready,R2,76800.0,6.97
2645,Ready,R2,124800.0,4.42
87,Ready,R2,110400.0,6.9
8332,Offplan,NONE,,
3511,Offplan,NONE,,
4955,Offplan,NONE,,
6190,Offplan,NONE,,
946,Offplan,NONE,,
7116,Offplan,NONE,,
3160,Ready,R3,57600.0,4.7
7433,Offplan,NONE,,
4816,Offplan,NONE,,
1543,Offplan,NONE,,
927,Offplan,NONE,,
2671,Offplan,NONE,,
1974,Offplan,NONE,,
92,Offplan,NONE,,
3004,Offplan,NONE,,
6076,Offplan,NONE,,
8262,Ready,R2,110400.0,6.49
6557,Offplan,NONE,,
3570,Offplan,NONE,,
6431,Offplan,NONE,,
2191,Offplan,NONE,,
2036,Offplan,NONE,,
4767,Offplan,NONE,,
5621,Offplan,NONE,,
4872,Ready,R2,105600.0,6.4
1521,Offplan,NONE,,
5193,Ready,R3,43200.0,8.0
3548,Offplan,NONE,,
7521,Offplan,NONE,,
4144,Offplan,NONE,,
659,Offplan,NONE,,
2516,Offplan,NONE,,
7495,Offplan,NONE,,
342,Offplan,NONE,,
2860,Offplan,NONE,,
7469,Offplan,NONE,,
739,Offplan,NONE,,
1247,Offplan,NONE,,
4123,Offplan,NONE,,
2456,Offplan,NONE,,
2882,Offplan,NONE,,
142,Offplan,NONE,,
8103,Offplan,NONE,,
7780,Ready,R2,46080.0,6.36
8395,Offplan,NONE,,
7994,Offplan,NONE,,
3620,Offplan,NONE,,
6784,Offplan,NONE,,
3125,Offplan,NONE,,
5099,Offplan,NONE,,
412,Offplan,NONE,,
4994,Offplan,NONE,,
2562,Offplan,NONE,,
1429,Offplan,NONE,,
107,Ready,R2,72000.0,6.55
7902,Offplan,NONE,,
6493,Offplan,NONE,,
3863,Offplan,NONE,,
914,Ready,R2,43200.0,7.45
7032,Offplan,NONE,,
5422,Offplan,NONE,,
356,Offplan,NONE,,
4789,Offplan,NONE,,
6630,Ready,R4,63360.0,4.22
1840,Offplan,NONE,,
6794,Offplan,NONE,,
7248,Offplan,NONE,,
3346,Offplan,NONE,,
243,Offplan,NONE,,
3325,Offplan,NONE,,
4152,Offplan,NONE,,
7652,Offplan,NONE,,
5560,Offplan,NONE,,
148,Offplan,NONE,,
3432,Offplan,NONE,,
1405,Offplan,NONE,,
7117,Offplan,NONE,,
2350,Offplan,NONE,,
4594,Offplan,NONE,,
6889,Offplan,NONE,,
800,Ready,R2,64320.0,4.53
3441,Offplan,NONE,,
8185,Offplan,NONE,,
1700,Offplan,NONE,,
4862,Offplan,NONE,,
2612,Offplan,NONE,,
6927,Offplan,NONE,,
7669,Ready,R3,43200.0,6.91
3521,Offplan,NONE,,
3509,Offplan,NONE,,
1329,Offplan,NONE,,
3051,Offplan,NONE,,
3078,Offplan,NONE,,
1085,Offplan,NONE,,
5582,Ready,R4,129600.0,4.47
414,Ready,R2,65105.0,6.38
5638,Offplan,NONE,,
2387,Offplan,NONE,,
2184,Ready,R4,144000.0,2.22
5579,Ready,R4,91198.0,4.56
4921,Offplan,NONE,,
5224,Offplan,NONE,,
5596,Offplan,NONE,,
7519,Offplan,NONE,,
3534,Offplan,NONE,,
6567,Offplan,NONE,,
5863,Offplan,NONE,,
3663,Offplan,NONE,,
3049,Offplan,NONE,,
5946,Offplan,NONE,,
582,Offplan,NONE,,
7871,Offplan,NONE,,
7765,Offplan,NONE,,
5515,Offplan,NONE,,
4622,Offplan,NONE,,
6084,Offplan,NONE,,
3012,Offplan,NONE,,
6401,Ready,R3,38400.0,5.79
3264,Offplan,NONE,,
226,Unknown,NONE,,
3489,Offplan,NONE,,
4685,Offplan,NONE,,
4059,Offplan,NONE,,
184,Offplan,NONE,,
971,Offplan,NONE,,
4461,Ready,R4,98400.0,3.56
2836,Offplan,NONE,,
3529,Offplan,NONE,,
2313,Ready,R2,67200.0,6.11
6751,Offplan,NONE,,
4484,Offplan,NONE,,
1201,Offplan,NONE,,
8174,Offplan,NONE,,
6652,Offplan,NONE,,
3518,Offplan,NONE,,
2100,Offplan,NONE,,
4786,Offplan,NONE,,
6187,Offplan,NONE,,
36,Offplan,NONE,,
5683,Ready,R4,72000.0,4.8
690,Offplan,NONE,,
684,Offplan,NONE,,
939,Offplan,NONE,,
5296,Offplan,NONE,,
3210,Offplan,NONE,,
3894,Offplan,NONE,,
8189,Offplan,NONE,,
6739,Offplan,NONE,,
6848,Offplan,NONE,,
7208,Offplan,NONE,,
2523,Offplan,NONE,,
274,Offplan,NONE,,
3522,Ready,R2,86400.0,4.75
1255,Offplan,NONE,,
5953,Offplan,NONE,,
3451,Ready,R2,72000.0,6.55
5153,Offplan,NONE,,
4817,Ready,R2,67200.0,6.72
1088,Offplan,NONE,,
4274,Offplan,NONE,,
2699,Offplan,NONE,,
6722,Offplan,NONE,,
909,Offplan,NONE,,
34,Offplan,NONE,,
429,Offplan,NONE,,
7847,Offplan,NONE,,
3237,Unknown,NONE,,
5801,Ready,R3,43200.0,6.26
194,Offplan,NONE,,
5931,Offplan,NONE,,
3265,Ready,R3,57600.0,6.06
4035,Offplan,NONE,,
60,Offplan,NONE,,
8028,Ready,R4,52800.0,3.97
1192,Offplan,NONE,,
5303,Ready,R2,46080.0,7.09
8120,Ready,R2,72576.0,7.85
5528,Ready,R4,172800.0,4.67
4538,Offplan,NONE,,
7448,Offplan,NONE,,
5661,Offplan,NONE,,
3992,Offplan,NONE,,
4987,Offplan,NONE,,
4703,Offplan,NONE,,
2779,Offplan,NONE,,
7230,Offplan,NONE,,
3376,Offplan,NONE,,
5702,Offplan,NONE,,
6463,Offplan,NONE,,
4470,Offplan,NONE,,
6687,Offplan,NONE,,
4960,Offplan,NONE,,
4265,Offplan,NONE,,
4747,Offplan,NONE,,
7367,Offplan,NONE,,
7449,Ready,R4,124800.0,4.46
3217,Offplan,NONE,,
1605,Offplan,NONE,,
6444,Offplan,NONE,,
8347,Offplan,NONE,,
2026,Offplan,NONE,,
2854,Offplan,NONE,,
6056,Ready,R2,278400.0,4.42
7734,Offplan,NONE,,
1531,Offplan,NONE,,
3215,Offplan,NONE,,
3110,Offplan,NONE,,
4029,Offplan,NONE,,
1656,Ready,R2,57600.0,5.84
5982,Offplan,NONE,,
118,Offplan,NONE,,
6746,Offplan,NONE,,
6363,Offplan,NONE,,
6218,Offplan,NONE,,
5367,Offplan,NONE,,
8089,Offplan,NONE,,
1770,Offplan,NONE,,
8087,Offplan,NONE,,
6590,Offplan,NONE,,
1590,Offplan,NONE,,
1744,Offplan,NONE,,
6592,Offplan,NONE,,
5488,Offplan,NONE,,
2676,Offplan,NONE,,
380,Offplan,NONE,,
4205,Offplan,NONE,,
4620,Offplan,NONE,,
3213,Offplan,NONE,,
8065,Offplan,NONE,,
1317,Offplan,NONE,,
6129,Offplan,NONE,,
3520,Offplan,NONE,,
5686,Offplan,NONE,,
8048,Offplan,NONE,,
460,Offplan,NONE,,
7378,Ready,R4,86400.0,2.98
791,Offplan,NONE,,
2448,Offplan,NONE,,
6014,Offplan,NONE,,
4656,Offplan,NONE,,
2502,Offplan,NONE,,
713,Offplan,NONE,,
1355,Unknown,NONE,,
2594,Offplan,NONE,,
1701,Offplan,NONE,,
7918,Ready,R2,118080.0,5.93
7932,Offplan,NONE,,
4441,Offplan,NONE,,
5050,Offplan,NONE,,
7130,Offplan,NONE,,
5938,Offplan,NONE,,
2091,Offplan,NONE,,
4465,Offplan,NONE,,
7036,Offplan,NONE,,
6202,Offplan,NONE,,
5431,Ready,R3,43200.0,6.17
1118,Ready,R2,110880.0,6.16
1732,Offplan,NONE,,
2753,Offplan,NONE,,
2620,Ready,R2,81600.0,5.38
2028,Offplan,NONE,,
3156,Offplan,NONE,,
2311,Offplan,NONE,,
4024,Offplan,NONE,,
4127,Offplan,NONE,,
1086,Offplan,NONE,,
7587,Offplan,NONE,,
2588,Offplan,NONE,,
2965,Ready,R2,129600.0,5.18
4016,Offplan,NONE,,
3383,Offplan,NONE,,
5182,Offplan,NONE,,
2674,Offplan,NONE,,
7547,Offplan,NONE,,
4451,Offplan,NONE,,
5591,Offplan,NONE,,
434,Offplan,NONE,,
1121,Offplan,NONE,,
3766,Ready,R2,120000.0,4.8
8063,Offplan,NONE,,
8223,Offplan,NONE,,
5888,Offplan,NONE,,
6032,Ready,R2,83520.0,6.19
97,Offplan,NONE,,
3896,Offplan,NONE,,
8229,Offplan,NONE,,
1227,Ready,R2,177600.0,4.14
5142,Offplan,NONE,,
3770,Offplan,NONE,,
3256,Offplan,NONE,,
4382,Offplan,NONE,,
5914,Offplan,NONE,,
6043,Offplan,NONE,,
5652,Offplan,NONE,,
6113,Ready,R4,100800.0,5.04
219,Offplan,NONE,,
6618,Offplan,NONE,,
8061,Offplan,NONE,,
1053,Offplan,NONE,,
763,Offplan,NONE,,
7984,Offplan,NONE,,
1196,Offplan,NONE,,
375,Offplan,NONE,,
1389,Offplan,NONE,,
1828,Offplan,NONE,,
780,Offplan,NONE,,
5860,Ready,R2,182400.0,3.72
2951,Ready,R2,71040.0,6.7
5358,Offplan,NONE,,
5170,Offplan,NONE,,
3895,Offplan,NONE,,
267,Offplan,NONE,,
7082,Offplan,NONE,,
2265,Ready,R2,72000.0,5.54
937,Offplan,NONE,,
7934,Offplan,NONE,,
7137,Ready,R2,76800.0,4.55
7411,Offplan,NONE,,
3579,Offplan,NONE,,
2582,Offplan,NONE,,
2341,Offplan,NONE,,
6386,Offplan,NONE,,
5156,Ready,R2,158400.0,5.03
1333,Offplan,NONE,,
8423,Offplan,NONE,,
3167,Ready,R4,67200.0,5.17
3740,Offplan,NONE,,
1617,Offplan,NONE,,
4985,Unknown,NONE,,
3599,Ready,R4,62400.0,5.43
7574,Offplan,NONE,,
1685,Offplan,NONE,,
5222,Offplan,NONE,,
4078,Offplan,NONE,,
4828,Offplan,NONE,,
407,Offplan,NONE,,
4373,Offplan,NONE,,
6041,Offplan,NONE,,
4716,Offplan,NONE,,
4242,Offplan,NONE,,
4244,Offplan,NONE,,
5020,Offplan,NONE,,
6553,Offplan,NONE,,
4512,Offplan,NONE,,
655,Ready,R4,60480.0,5.04
6292,Offplan,NONE,,
2176,Offplan,NONE,,
6804,Offplan,NONE,,
5136,Offplan,NONE,,
2017,Offplan,NONE,,
776,Offplan,NONE,,
7694,Offplan,NONE,,
1604,Offplan,NONE,,
6176,Ready,R4,67200.0,4.48
5151,Offplan,NONE,,
1294,Offplan,NONE,,
1235,Offplan,NONE,,
5248,Offplan,NONE,,
1065,Offplan,NONE,,
5679,Offplan,NONE,,
3637,Offplan,NONE,,
6806,Offplan,NONE,,
3901,Ready,R3,61701.0,3.25
5525,Offplan,NONE,,
3714,Offplan,NONE,,
4758,Offplan,NONE,,
3286,Offplan,NONE,,
2675,Offplan,NONE,,
3022,Offplan,NONE,,
8433,Offplan,NONE,,
4049,Offplan,NONE,,
3696,Offplan,NONE,,
4083,Unknown,NONE,,
2252,Ready,R2,182400.0,3.58
2164,Offplan,NONE,,
6138,Offplan,NONE,,
5630,Offplan,NONE,,
2799,Offplan,NONE,,
3533,Ready,R3,55680.0,5.35
7292,Ready,R4,75200.0,4.63
5368,Offplan,NONE,,
3166,Offplan,NONE,,
1954,Offplan,NONE,,
1113,Ready,R4,134400.0,5.31
2821,Offplan,NONE,,
8161,Offplan,NONE,,
3098,Offplan,NONE,,
7460,Offplan,NONE,,
1559,Offplan,NONE,,
5097,Offplan,NONE,,
3973,Offplan,NONE,,
2033,Offplan,NONE,,
7408,Offplan,NONE,,
2402,Offplan,NONE,,
7027,Offplan,NONE,,
2394,Offplan,NONE,,
3136,Offplan,NONE,,
8001,Offplan,NONE,,
7006,Offplan,NONE,,
4735,Offplan,NONE,,
3986,Offplan,NONE,,
5346,Offplan,NONE,,
5517,Offplan,NONE,,
3316,Offplan,NONE,,
6905,Offplan,NONE,,
5290,Offplan,NONE,,
3028,Offplan,NONE,,
6495,Offplan,NONE,,
863,Offplan,NONE,,
1607,Offplan,NONE,,
4806,Offplan,NONE,,
6919,Offplan,NONE,,
3046,Offplan,NONE,,
6822,Offplan,NONE,,
8019,Ready,R4,126720.0,5.12
852,Offplan,NONE,,
2414,Offplan,NONE,,
7004,Offplan,NONE,,
5787,Offplan,NONE,,
7841,Ready,R4,105600.0,5.53
565,Unknown,NONE,,
5108,Offplan,NONE,,
3828,Offplan,NONE,,
2889,Offplan,NONE,,
6274,Offplan,NONE,,
6904,Ready,R2,86400.0,9.28
7074,Offplan,NONE,,
1885,Offplan,NONE,,
6345,Offplan,NONE,,
6447,Offplan,NONE,,
5241,Offplan,NONE,,
5883,Offplan,NONE,,
7429,Offplan,NONE,,
6182,Offplan,NONE,,
6779,Offplan,NONE,,
3546,Offplan,NONE,,
3974,Offplan,NONE,,
8436,Offplan,NONE,,
1738,Offplan,NONE,,
3668,Ready,R4,86400.0,3.2
812,Offplan,NONE,,
3818,Offplan,NONE,,
1979,Offplan,NONE,,
7774,Offplan,NONE,,
7958,Offplan,NONE,,
502,Offplan,NONE,,
5388,Offplan,NONE,,
384,Offplan,NONE,,
5217,Offplan,NONE,,
484,Offplan,NONE,,
8410,Offplan,NONE,,
8186,Offplan,NONE,,
6475,Offplan,NONE,,
543,Offplan,NONE,,
4916,Offplan,NONE,,
1767,Offplan,NONE,,
8169,Offplan,NONE,,
6173,Offplan,NONE,,
4496,Offplan,NONE,,
2288,Offplan,NONE,,
2283,Offplan,NONE,,
7406,Offplan,NONE,,
7061,Ready,R4,172800.0,3.84
3033,Offplan,NONE,,
468,Offplan,NONE,,
392,Ready,R4,81600.0,3.17
3421,Offplan,NONE,,
6212,Offplan,NONE,,
7542,Offplan,NONE,,
6079,Offplan,NONE,,
3190,Ready,R4,144000.0,3.93
5116,Offplan,NONE,,
7820,Offplan,NONE,,
2969,Offplan,NONE,,
5609,Offplan,NONE,,
5959,Offplan,NONE,,
4254,Offplan,NONE,,
1476,Offplan,NONE,,
3999,Offplan,NONE,,
4918,Offplan,NONE,,
7930,Ready,R4,201961.0,2.58
1871,Offplan,NONE,,
7058,Offplan,NONE,,
7968,Offplan,NONE,,
2332,Offplan,NONE,,
5642,Offplan,NONE,,
3008,Offplan,NONE,,
7266,Ready,R2,110400.0,6.13
1074,Ready,R2,76800.0,6.14
4299,Unknown,NONE,,
1361,Offplan,NONE,,
1385,Offplan,NONE,,
6954,Ready,NONE,,
6473,Ready,R4,62400.0,6.57
6437,Offplan,NONE,,
4138,Offplan,NONE,,
6438,Offplan,NONE,,
7725,Offplan,NONE,,
4311,Offplan,NONE,,
6522,Offplan,NONE,,
2133,Offplan,NONE,,
693,Offplan,NONE,,
2378,Ready,R4,63280.0,6.42
7142,Offplan,NONE,,
2424,Offplan,NONE,,
6690,Ready,R2,65280.0,7.68
6715,Offplan,NONE,,
6909,Offplan,NONE,,
711,Offplan,NONE,,
1122,Offplan,NONE,,
1675,Offplan,NONE,,
4627,Offplan,NONE,,
3320,Offplan,NONE,,
7354,Offplan,NONE,,
5871,Offplan,NONE,,
4864,Offplan,NONE,,
5768,Offplan,NONE,,
6015,Offplan,NONE,,
2769,Offplan,NONE,,
1755,Offplan,NONE,,
3194,Ready,R2,336000.0,4.94
3426,Offplan,NONE,,
2733,Offplan,NONE,,
922,Offplan,NONE,,
3276,Ready,R2,100243.0,7.02
1208,Ready,R4,96000.0,4.57
5997,Offplan,NONE,,
6175,Offplan,NONE,,
7157,Ready,R2,134400.0,3.22
27,Offplan,NONE,,
2062,Offplan,NONE,,
3662,Offplan,NONE,,
1830,Offplan,NONE,,
1162,Offplan,NONE,,
1182,Offplan,NONE,,
2003,Offplan,NONE,,
7917,Offplan,NONE,,
5646,Offplan,NONE,,
4773,Offplan,NONE,,
553,Offplan,NONE,,
6316,Ready,R4,153600.0,2.79
2415,Offplan,NONE,,
1775,Offplan,NONE,,
7220,Offplan,NONE,,
5554,Offplan,NONE,,
1312,Offplan,NONE,,
2532,Offplan,NONE,,
1588,Offplan,NONE,,
2231,Offplan,NONE,,
6512,Offplan,NONE,,
1520,Offplan,NONE,,
5216,Ready,R2,124800.0,6.75
1746,Ready,R2,62400.0,6.57
7858,Offplan,NONE,,
6755,Offplan,NONE,,
1237,Offplan,NONE,,
6293,Offplan,NONE,,
3512,Offplan,NONE,,
7041,Offplan,NONE,,
2595,Offplan,NONE,,
5955,Offplan,NONE,,
1370,Offplan,NONE,,
6926,Offplan,NONE,,
1466,Offplan,NONE,,
6742,Offplan,NONE,,
6753,Offplan,NONE,,
3389,Offplan,NONE,,
3093,Offplan,NONE,,
4360,Offplan,NONE,,
5867,Offplan,NONE,,
2839,Offplan,NONE,,
7105,Offplan,NONE,,
2526,Offplan,NONE,,
1307,Offplan,NONE,,
2185,Ready,R2,86400.0,5.96
2859,Ready,R2,63360.0,7.2
5535,Offplan,NONE,,
7103,Offplan,NONE,,
2664,Offplan,NONE,,
3453,Ready,R2,45120.0,7.52
8233,Offplan,NONE,,
4345,Offplan,NONE,,
8334,Offplan,NONE,,
4963,Offplan,NONE,,
1504,Offplan,NONE,,
8452,Offplan,NONE,,
1134,Offplan,NONE,,
2006,Offplan,NONE,,
7100,Offplan,NONE,,
675,Offplan,NONE,,
1848,Ready,R4,67200.0,5.01
7299,Ready,R2,69120.0,6.29
641,Offplan,NONE,,
279,Offplan,NONE,,
4091,Offplan,NONE,,
5244,Offplan,NONE,,
7743,Offplan,NONE,,
8440,Offplan,NONE,,
125,Offplan,NONE,,
2192,Offplan,NONE,,
238,Offplan,NONE,,
5406,Offplan,NONE,,
160,Offplan,NONE,,
2435,Ready,NONE,,
4695,Ready,R2,86400.0,6.91
578,Offplan,NONE,,
8139,Offplan,NONE,,
2754,Offplan,NONE,,
8240,Offplan,NONE,,
1977,Offplan,NONE,,
4751,Offplan,NONE,,
526,Offplan,NONE,,
2785,Ready,R4,86400.0,5.08
802,Ready,R2,86400.0,4.2
5268,Offplan,NONE,,
6436,Ready,NONE,,
6044,Offplan,NONE,,
1671,Offplan,NONE,,
1856,Offplan,NONE,,
2761,Offplan,NONE,,
949,Offplan,NONE,,
5748,Offplan,NONE,,
5952,Offplan,NONE,,
7246,Ready,R4,78720.0,3.57
662,Offplan,NONE,,
4408,Offplan,NONE,,
2166,Ready,R2,105600.0,4.59
8439,Offplan,NONE,,
3218,Offplan,NONE,,
5427,Offplan,NONE,,
6915,Offplan,NONE,,
6799,Offplan,NONE,,
4286,Ready,R2,50880.0,5.5
5585,Offplan,NONE,,
3723,Offplan,NONE,,
7412,Ready,R4,69120.0,5.32
883,Offplan,NONE,,
3040,Offplan,NONE,,
5813,Offplan,NONE,,
2524,Offplan,NONE,,
5104,Ready,R2,105600.0,6.32
3504,Offplan,NONE,,
5793,Ready,R2,96000.0,4.29
7764,Offplan,NONE,,
7361,Offplan,NONE,,
4097,Offplan,NONE,,
1298,Ready,R4,278400.0,2.84
2917,Offplan,NONE,,
1650,Offplan,NONE,,
6050,Offplan,NONE,,
5983,Ready,R4,312000.0,1.21
6273,Offplan,NONE,,
3890,Offplan,NONE,,
2828,Offplan,NONE,,
5506,Offplan,NONE,,
4432,Ready,R2,81600.0,6.94
545,Offplan,NONE,,
5779,Offplan,NONE,,
6417,Offplan,NONE,,
1443,Offplan,NONE,,
4762,Ready,R2,72000.0,5.54
2266,Ready,R2,73652.0,5.67
6259,Offplan,NONE,,
1773,Offplan,NONE,,
1145,Offplan,NONE,,
3425,Offplan,NONE,,
3223,Offplan,NONE,,
7908,Offplan,NONE,,
5256,Offplan,NONE,,
213,Offplan,NONE,,
5797,Offplan,NONE,,
5381,Offplan,NONE,,
2563,Offplan,NONE,,
1582,Offplan,NONE,,
3600,Ready,R4,117600.0,4.7
3686,Offplan,NONE,,
5687,Offplan,NONE,,
3484,Offplan,NONE,,
4140,Ready,R2,45120.0,6.73
1372,Offplan,NONE,,
332,Offplan,NONE,,
1975,Offplan,NONE,,
3031,Offplan,NONE,,
7555,Offplan,NONE,,
1175,Ready,R2,120000.0,5.45
5936,Unknown,NONE,,
556,Ready,R4,86400.0,3.3
2606,Offplan,NONE,,
7265,Offplan,NONE,,
3809,Offplan,NONE,,
5846,Offplan,NONE,,
483,Offplan,NONE,,
1179,Offplan,NONE,,
4739,Offplan,NONE,,
3526,Offplan,NONE,,
5593,Ready,R2,163200.0,4.66
6006,Offplan,NONE,,
5513,Ready,R4,76800.0,5.49
2893,Offplan,NONE,,
4844,Offplan,NONE,,
124,Offplan,NONE,,
5547,Offplan,NONE,,
6337,Offplan,NONE,,
450,Offplan,NONE,,
2816,Ready,R3,43200.0,5.76
5741,Offplan,NONE,,
6947,Offplan,NONE,,
5862,Offplan,NONE,,
957,Offplan,NONE,,
3449,Offplan,NONE,,
632,Offplan,NONE,,
2721,Offplan,NONE,,
6243,Offplan,NONE,,
3801,Offplan,NONE,,
4196,Offplan,NONE,,
1050,Unknown,NONE,,
3655,Offplan,NONE,,
5772,Offplan,NONE,,
4967,Offplan,NONE,,
152,Ready,R2,76800.0,3.95
5408,Offplan,NONE,,
4240,Offplan,NONE,,
1641,Ready,R2,45120.0,5.64
408,Ready,R2,72000.0,6.0
7817,Offplan,NONE,,
3344,Offplan,NONE,,
2609,Offplan,NONE,,
5569,Offplan,NONE,,
6627,Ready,R2,154289.0,4.35
7409,Offplan,NONE,,
5986,Offplan,NONE,,
7483,Unknown,NONE,,
2199,Ready,R2,72000.0,4.36
2340,Offplan,NONE,,
4057,Offplan,NONE,,
5319,Ready,R2,124800.0,4.99
8352,Offplan,NONE,,
2406,Offplan,NONE,,
5047,Offplan,NONE,,
8327,Ready,R4,86400.0,3.73
3119,Ready,R4,187200.0,4.49
4099,Offplan,NONE,,
2279,Offplan,NONE,,
0,Offplan,NONE,,
1917,Offplan,NONE,,
7426,Ready,R2,86400.0,5.91
5,Ready,R2,115200.0,4.98
1687,Offplan,NONE,,
3473,Offplan,NONE,,
23,Offplan,NONE,,
7815,Offplan,NONE,,
8062,Unknown,NONE,,
1447,Unknown,NONE,,
2977,Offplan,NONE,,
1621,Offplan,NONE,,
1276,Offplan,NONE,,
7799,Ready,R3,54331.0,5.72
4988,Offplan,NONE,,
7139,Offplan,NONE,,
7529,Offplan,NONE,,
8250,Offplan,NONE,,
3782,Offplan,NONE,,
1883,Offplan,NONE,,
5820,Offplan,NONE,,
2236,Ready,R4,73347.0,3.49
3035,Offplan,NONE,,
7746,Offplan,NONE,,
4856,Offplan,NONE,,
4795,Offplan,NONE,,
4513,Ready,R2,220800.0,4.01
2123,Offplan,NONE,,
3150,Ready,R4,201600.0,3.88
2601,Offplan,NONE,,
6185,Offplan,NONE,,
7310,Offplan,NONE,,
7109,Offplan,NONE,,
7392,Offplan,NONE,,
1640,Offplan,NONE,,
4489,Offplan,NONE,,
517,Offplan,NONE,,
156,Offplan,NONE,,
5245,Offplan,NONE,,
5715,Offplan,NONE,,
5919,Offplan,NONE,,
1082,Offplan,NONE,,
7461,Ready,R3,61701.0,4.5
5710,Offplan,NONE,,
4174,Offplan,NONE,,
1615,Offplan,NONE,,
1236,Offplan,NONE,,
3524,Offplan,NONE,,
6217,Ready,R4,122880.0,3.0
5075,Ready,R4,139200.0,3.24
2178,Ready,R2,43200.0,5.92
7633,Offplan,NONE,,
6012,Offplan,NONE,,
5843,Offplan,NONE,,
31,Offplan,NONE,,
7145,Unknown,NONE,,
6042,Offplan,NONE,,
7427,Offplan,NONE,,
7953,Ready,R4,327360.0,2.56
6727,Offplan,NONE,,
3917,Offplan,NONE,,
1373,Offplan,NONE,,
3547,Offplan,NONE,,
1599,Offplan,NONE,,
583,Offplan,NONE,,
6973,Offplan,NONE,,
6166,Offplan,NONE,,
7399,Offplan,NONE,,
7687,Offplan,NONE,,
6223,Offplan,NONE,,
5903,Offplan,NONE,,
1821,Ready,R4,100800.0,4.2
1471,Offplan,NONE,,
1456,Offplan,NONE,,
6099,Ready,R2,220800.0,3.68
7654,Offplan,NONE,,
6842,Offplan,NONE,,
8105,Offplan,NONE,,
4007,Offplan,NONE,,
2952,Offplan,NONE,,
1825,Offplan,NONE,,
7874,Offplan,NONE,,
3378,Offplan,NONE,,
1178,Offplan,NONE,,
623,Offplan,NONE,,
3960,Offplan,NONE,,
5327,Offplan,NONE,,
7952,Offplan,NONE,,
547,Offplan,NONE,,
8350,Offplan,NONE,,
8203,Offplan,NONE,,
2710,Offplan,NONE,,
4324,Offplan,NONE,,
1682,Offplan,NONE,,
2170,Ready,R4,121928.0,4.35
4802,Offplan,NONE,,
6683,Offplan,NONE,,
8265,Offplan,NONE,,
3043,Ready,R3,38400.0,3.84
5423,Offplan,NONE,,
7848,Ready,R4,91200.0,4.35
4435,Offplan,NONE,,
7182,Offplan,NONE,,
8057,Ready,R2,172800.0,3.84
2644,Offplan,NONE,,
5370,Ready,R4,86400.0,3.46
717,Ready,R4,158400.0,3.52
7094,Offplan,NONE,,
5520,Offplan,NONE,,
1391,Offplan,NONE,,
4530,Offplan,NONE,,
6585,Offplan,NONE,,
585,Offplan,NONE,,
5024,Offplan,NONE,,
2197,Unknown,NONE,,
1692,Offplan,NONE,,
7944,Offplan,NONE,,
5792,Offplan,NONE,,
2198,Offplan,NONE,,
8212,Offplan,NONE,,
5546,Offplan,NONE,,
4936,Offplan,NONE,,
7170,Ready,R2,78720.0,4.5
2124,Unknown,NONE,,
768,Offplan,NONE,,
871,Offplan,NONE,,
866,Offplan,NONE,,
8006,Offplan,NONE,,
5195,Offplan,NONE,,
7017,Offplan,NONE,,
1439,Offplan,NONE,,
3457,Offplan,NONE,,
5407,Ready,R4,134400.0,5.23
7366,Offplan,NONE,,
3806,Offplan,NONE,,
3580,Offplan,NONE,,
7349,Ready,R2,317520.0,5.29
7160,Offplan,NONE,,
1205,Offplan,NONE,,
2646,Offplan,NONE,,
7575,Offplan,NONE,,
6601,Offplan,NONE,,
7035,Offplan,NONE,,
6880,Offplan,NONE,,
3436,Offplan,NONE,,
7672,Offplan,NONE,,
4343,Offplan,NONE,,
3076,Offplan,NONE,,
5666,Offplan,NONE,,
6191,Offplan,NONE,,
4975,Ready,R4,120000.0,2.67
5236,Offplan,NONE,,
2677,Offplan,NONE,,
1308,Offplan,NONE,,
4504,Offplan,NONE,,
7005,Ready,R3,43200.0,4.4
1756,Offplan,NONE,,
564,Ready,R4,192000.0,1.75
5110,Offplan,NONE,,
2235,Offplan,NONE,,
5610,Offplan,NONE,,
5866,Offplan,NONE,,
533,Ready,R4,86400.0,3.32
1045,Offplan,NONE,,
1774,Offplan,NONE,,
3498,Offplan,NONE,,
1642,Offplan,NONE,,
2505,Ready,R4,120019.0,5.22
6820,Unknown,NONE,,
8297,Offplan,NONE,,
3683,Offplan,NONE,,
542,Offplan,NONE,,
1435,Offplan,NONE,,
789,Offplan,NONE,,
339,Offplan,NONE,,
5322,Offplan,NONE,,
5059,Offplan,NONE,,
1548,Offplan,NONE,,
668,Offplan,NONE,,
2470,Offplan,NONE,,
7395,Offplan,NONE,,
4938,Ready,R4,105600.0,3.06
1706,Offplan,NONE,,
1522,Offplan,NONE,,
6587,Offplan,NONE,,
546,Offplan,NONE,,
1258,Offplan,NONE,,
1238,Offplan,NONE,,
2114,Offplan,NONE,,
4953,Offplan,NONE,,
8068,Offplan,NONE,,
8342,Offplan,NONE,,
7769,Offplan,NONE,,
316,Offplan,NONE,,
1390,Offplan,NONE,,
975,Offplan,NONE,,
4665,Ready,R4,139200.0,3.09
6281,Offplan,NONE,,
5526,Offplan,NONE,,
6219,Offplan,NONE,,
7622,Ready,R4,110400.0,4.09
6391,Offplan,NONE,,
8351,Offplan,NONE,,
6611,Offplan,NONE,,
4165,Ready,R2,187200.0,5.72
7791,Offplan,NONE,,
3690,Offplan,NONE,,
5658,Offplan,NONE,,
2001,Offplan,NONE,,
5712,Ready,R4,1872000.0,7.49
5744,Offplan,NONE,,
5608,Offplan,NONE,,
2908,Offplan,NONE,,
1949,Offplan,NONE,,
6997,Offplan,NONE,,
7959,Offplan,NONE,,
2829,Offplan,NONE,,
7123,Offplan,NONE,,
115,Offplan,NONE,,
5366,Ready,R4,451201.0,4.24
6351,Offplan,NONE,,
6161,Offplan,NONE,,
590,Offplan,NONE,,
206,Offplan,NONE,,
4839,Offplan,NONE,,
3235,Offplan,NONE,,
3186,Offplan,NONE,,
6503,Offplan,NONE,,
1080,Offplan,NONE,,
3345,Offplan,NONE,,
2575,Offplan,NONE,,
3746,Offplan,NONE,,
1784,Offplan,NONE,,
2381,Ready,R3,59904.0,3.74
6400,Offplan,NONE,,
6411,Offplan,NONE,,
2071,Offplan,NONE,,
2466,Offplan,NONE,,
5306,Offplan,NONE,,
179,Offplan,NONE,,
3614,Offplan,NONE,,
4582,Offplan,NONE,,
718,Offplan,NONE,,
6003,Ready,R4,216720.0,1.92
6152,Offplan,NONE,,
1199,Offplan,NONE,,
1098,Offplan,NONE,,
1141,Offplan,NONE,,
5450,Offplan,NONE,,
4074,Offplan,NONE,,
2121,Offplan,NONE,,
8054,Offplan,NONE,,
4926,Offplan,NONE,,
1592,Offplan,NONE,,
6857,Offplan,NONE,,
1455,Offplan,NONE,,
227,Offplan,NONE,,
7578,Offplan,NONE,,
794,Offplan,NONE,,
1826,Offplan,NONE,,
2270,Offplan,NONE,,
1554,Offplan,NONE,,
728,Offplan,NONE,,
3248,Offplan,NONE,,
1413,Offplan,NONE,,
953,Offplan,NONE,,
6246,Ready,R2,240000.0,2.4
7128,Offplan,NONE,,
7907,Offplan,NONE,,
224,Offplan,NONE,,
555,Offplan,NONE,,
